order_item_id,order_id,product_id,quantity,unit_price,total_price,discount
1,1,265,1,445,445,44
2,1,411,2,683,1366,40
3,1,363,1,5692,5692,27
4,1,62,2,7260,14520,14
5,2,291,1,2599,2599,42
6,2,65,2,1575,3150,28
7,2,191,2,600,1200,13
8,3,87,2,5931,11862,43
9,3,61,1,6585,6585,24
10,3,400,1,4939,4939,31
11,4,184,1,2562,2562,10
12,4,233,2,7932,15864,25
13,5,56,2,3520,7040,43
14,5,13,1,2609,2609,17
15,5,23,2,5151,10302,43
16,5,122,1,8570,8570,15
17,6,22,1,2507,2507,1
18,6,27,2,4304,8608,21
19,6,309,2,5432,10864,1
20,6,301,1,7201,7201,41
21,6,448,1,2566,2566,1
22,7,220,2,792,1584,17
23,8,460,2,8795,17590,48
24,8,340,2,6534,13068,22
25,8,122,2,8570,17140,41
26,8,372,1,1416,1416,3
27,9,8,1,552,552,37
28,9,304,2,5702,11404,2
29,10,132,1,4597,4597,19
30,10,72,1,4731,4731,33
31,10,139,2,6678,13356,16
32,10,117,1,6431,6431,28
33,11,177,1,5567,5567,26
34,11,362,1,9032,9032,22
35,11,400,1,4939,4939,11
36,11,269,2,8261,16522,38
37,11,435,2,1446,2892,46
38,12,407,1,5041,5041,47
39,12,230,1,1378,1378,28
40,12,367,1,7596,7596,12
41,13,227,2,3371,6742,3
42,13,147,1,4932,4932,32
43,13,144,2,952,1904,49
44,13,464,1,626,626,5
45,13,225,2,6279,12558,38
46,14,17,1,3755,3755,39
47,15,191,1,600,600,23
48,16,207,2,1145,2290,18
49,17,168,1,2126,2126,7
50,18,138,1,6011,6011,13
51,18,229,1,6873,6873,2
52,18,170,2,5243,10486,43
53,19,131,1,6426,6426,8
54,19,154,1,2254,2254,29
55,19,318,1,8576,8576,15
56,20,331,1,8327,8327,35
57,20,11,2,6295,12590,23
58,20,183,1,2684,2684,4
59,20,393,2,5614,11228,11
60,20,268,2,8452,16904,10
61,21,223,2,3994,7988,4
62,22,289,1,6074,6074,42
63,23,294,2,2813,5626,22
64,23,341,2,1233,2466,10
65,24,149,2,6253,12506,21
66,25,490,2,2663,5326,14
67,25,25,1,7208,7208,36
68,25,353,2,8490,16980,13
69,26,252,2,2663,5326,11
70,26,305,2,6459,12918,29
71,26,196,2,3348,6696,3
72,27,70,2,5334,10668,5
73,28,151,2,9774,19548,26
74,28,64,1,3594,3594,12
75,29,1,1,7383,7383,20
76,29,109,1,7744,7744,8
77,29,474,2,6848,13696,36
78,30,416,2,1795,3590,41
79,30,315,1,5375,5375,31
80,31,302,1,1386,1386,44
81,31,109,1,7744,7744,12
82,32,441,2,5608,11216,48
83,32,269,2,8261,16522,3
84,32,104,2,4304,8608,9
85,33,326,2,8014,16028,18
86,34,258,1,6742,6742,49
87,34,390,2,2081,4162,16
88,34,114,2,8116,16232,42
89,34,32,2,9159,18318,14
90,35,72,1,4731,4731,30
91,35,125,1,4484,4484,9
92,35,419,2,6185,12370,25
93,36,11,1,6295,6295,4
94,36,351,2,8394,16788,36
95,37,463,1,8313,8313,8
96,37,256,2,8015,16030,42
97,37,152,1,8703,8703,6
98,37,341,2,1233,2466,17
99,37,156,2,1080,2160,25
100,38,485,2,2932,5864,35
101,38,470,2,8803,17606,8
102,38,265,2,445,890,25
103,38,386,1,7081,7081,21
104,39,418,2,8496,16992,33
105,39,266,2,1413,2826,44
106,39,125,1,4484,4484,5
107,40,261,1,8358,8358,37
108,41,184,1,2562,2562,6
109,41,351,1,8394,8394,29
110,41,2,2,1005,2010,6
111,41,174,1,5394,5394,13
112,41,368,1,2023,2023,24
113,42,65,1,1575,1575,47
114,42,337,1,3014,3014,6
115,42,21,1,9405,9405,3
116,42,342,2,808,1616,2
117,42,204,2,5332,10664,5
118,43,325,1,4425,4425,4
119,44,70,2,5334,10668,48
120,44,291,2,2599,5198,49
121,44,147,1,4932,4932,14
122,44,115,2,901,1802,25
123,45,360,1,7936,7936,40
124,45,365,2,2532,5064,22
125,45,256,1,8015,8015,4
126,45,269,1,8261,8261,19
127,46,69,2,3379,6758,32
128,46,68,1,1393,1393,7
129,46,46,1,2736,2736,12
130,46,286,2,1335,2670,34
131,47,158,1,3155,3155,40
132,47,475,2,2596,5192,27
133,47,495,2,7826,15652,27
134,48,150,1,179,179,0
135,49,93,2,8858,17716,37
136,49,376,1,7229,7229,49
137,50,348,2,9864,19728,6
138,50,433,2,1018,2036,26
139,50,104,2,4304,8608,47
140,51,345,2,6080,12160,37
141,52,209,2,8256,16512,36
142,52,389,2,8169,16338,14
143,52,40,2,8004,16008,45
144,52,245,2,6825,13650,8
145,53,410,1,1950,1950,12
146,54,4,1,3526,3526,42
147,54,293,1,3156,3156,37
148,54,372,1,1416,1416,2
149,54,224,2,6082,12164,38
150,54,346,2,8830,17660,49
151,55,100,2,2808,5616,30
152,55,188,2,1340,2680,38
153,55,356,2,7623,15246,25
154,55,232,2,4005,8010,12
155,56,64,1,3594,3594,41
156,56,361,2,1521,3042,39
157,56,264,1,2992,2992,33
158,57,153,1,6657,6657,7
159,57,172,2,8206,16412,27
160,57,302,1,1386,1386,11
161,57,314,1,3186,3186,33
162,58,422,2,2063,4126,12
163,58,283,2,9977,19954,39
164,58,461,2,9272,18544,48
165,58,429,2,9556,19112,11
166,59,491,2,7872,15744,22
167,60,25,2,7208,14416,25
168,60,62,1,7260,7260,8
169,60,65,1,1575,1575,40
170,60,391,2,7357,14714,2
171,60,417,2,5478,10956,47
172,61,476,1,1509,1509,43
173,61,326,1,8014,8014,19
174,62,8,2,552,1104,1
175,62,355,1,3972,3972,0
176,62,37,1,5974,5974,12
177,63,497,1,6071,6071,40
178,63,425,2,6302,12604,23
179,63,478,1,7111,7111,20
180,63,293,1,3156,3156,27
181,64,9,2,7261,14522,41
182,64,117,1,6431,6431,19
183,65,67,1,1386,1386,18
184,65,91,2,2426,4852,10
185,65,476,2,1509,3018,37
186,65,494,1,7434,7434,13
187,65,37,1,5974,5974,20
188,66,141,2,5963,11926,4
189,66,101,2,8481,16962,37
190,67,224,2,6082,12164,28
191,68,7,2,4344,8688,11
192,68,485,2,2932,5864,33
193,69,16,1,6789,6789,1
194,69,82,1,9229,9229,42
195,69,236,2,5507,11014,37
196,70,61,2,6585,13170,20
197,70,246,1,7060,7060,37
198,70,249,2,3076,6152,30
199,70,185,1,9725,9725,30
200,70,324,1,9564,9564,14
201,71,290,1,8108,8108,10
202,71,217,2,6416,12832,23
203,71,138,2,6011,12022,12
204,71,499,1,7189,7189,11
205,72,375,1,9583,9583,19
206,72,85,1,7726,7726,8
207,72,99,2,7480,14960,10
208,72,415,2,9335,18670,0
209,73,108,2,1845,3690,14
210,73,456,2,8667,17334,28
211,73,173,1,7111,7111,4
212,73,483,1,5769,5769,8
213,74,330,1,6169,6169,32
214,74,298,1,7494,7494,20
215,74,298,2,7494,14988,14
216,75,254,2,8080,16160,14
217,75,313,1,2105,2105,21
218,76,153,2,6657,13314,25
219,76,93,2,8858,17716,22
220,76,172,1,8206,8206,22
221,76,185,2,9725,19450,9
222,76,56,1,3520,3520,9
223,77,167,1,7276,7276,45
224,78,163,2,1089,2178,16
225,78,313,2,2105,4210,33
226,78,454,1,412,412,6
227,79,132,1,4597,4597,18
228,79,368,2,2023,4046,14
229,79,104,1,4304,4304,36
230,79,470,1,8803,8803,6
231,79,323,2,3539,7078,22
232,80,34,2,4723,9446,19
233,81,87,1,5931,5931,48
234,81,343,2,6618,13236,24
235,82,362,2,9032,18064,29
236,82,93,2,8858,17716,2
237,82,225,2,6279,12558,36
238,83,229,2,6873,13746,45
239,84,3,2,810,1620,8
240,84,498,1,5376,5376,42
241,84,95,2,1920,3840,38
242,84,181,1,575,575,40
243,85,364,1,5032,5032,34
244,85,50,2,7706,15412,10
245,85,417,1,5478,5478,24
246,86,442,2,5784,11568,31
247,86,128,2,1065,2130,6
248,87,79,2,7778,15556,40
249,88,103,2,3003,6006,4
250,88,52,2,4381,8762,15
251,88,294,1,2813,2813,30
252,89,287,1,5220,5220,34
253,90,296,1,4832,4832,22
254,90,248,1,5140,5140,48
255,90,282,1,132,132,36
256,90,100,2,2808,5616,33
257,90,264,1,2992,2992,46
258,91,383,2,3997,7994,40
259,91,226,2,6844,13688,24
260,92,346,2,8830,17660,6
261,92,276,2,5653,11306,21
262,92,497,1,6071,6071,14
263,92,368,1,2023,2023,15
264,92,258,2,6742,13484,30
265,93,27,2,4304,8608,10
266,93,356,2,7623,15246,8
267,93,253,1,4985,4985,9
268,93,254,1,8080,8080,32
269,94,194,1,8080,8080,6
270,94,149,2,6253,12506,38
271,94,283,2,9977,19954,7
272,94,146,2,7549,15098,22
273,95,344,2,7129,14258,48
274,96,35,2,532,1064,38
275,96,28,1,3348,3348,29
276,96,494,1,7434,7434,41
277,96,438,2,9722,19444,8
278,97,171,1,4878,4878,9
279,97,337,1,3014,3014,16
280,97,43,2,2257,4514,40
281,97,146,1,7549,7549,23
282,97,124,2,4127,8254,23
283,98,381,2,1186,2372,16
284,98,161,2,8668,17336,42
285,98,65,1,1575,1575,20
286,99,283,1,9977,9977,8
287,99,184,1,2562,2562,29
288,99,335,2,3595,7190,47
289,99,307,2,3734,7468,2
290,99,252,2,2663,5326,46
291,100,6,2,9079,18158,31
292,100,257,2,1515,3030,20
293,100,76,1,1796,1796,18
294,100,457,2,4081,8162,36
295,101,385,1,3416,3416,23
296,101,413,2,7682,15364,24
297,102,81,2,5434,10868,4
298,103,73,2,4792,9584,19
299,103,3,2,810,1620,34
300,103,126,2,511,1022,12
301,103,367,2,7596,15192,9
302,104,269,1,8261,8261,31
303,105,270,2,5974,11948,16
304,106,126,2,511,1022,21
305,107,353,1,8490,8490,9
306,107,51,1,4970,4970,9
307,107,401,2,2493,4986,15
308,107,225,2,6279,12558,5
309,107,114,2,8116,16232,30
310,108,414,1,7849,7849,37
311,108,74,1,4264,4264,38
312,108,128,1,1065,1065,34
313,109,108,2,1845,3690,3
314,109,236,1,5507,5507,40
315,109,60,2,8364,16728,29
316,110,422,1,2063,2063,43
317,110,347,1,4055,4055,11
318,110,487,2,1596,3192,13
319,111,183,1,2684,2684,8
320,111,413,1,7682,7682,43
321,111,378,1,9971,9971,9
322,111,343,2,6618,13236,38
323,112,434,2,7634,15268,19
324,112,437,1,8765,8765,15
325,112,403,2,5297,10594,47
326,113,460,2,8795,17590,18
327,114,461,1,9272,9272,46
328,114,233,1,7932,7932,30
329,114,472,1,8141,8141,38
330,114,62,2,7260,14520,11
331,114,297,2,1490,2980,0
332,115,397,1,9923,9923,12
333,116,102,1,7997,7997,46
334,117,170,1,5243,5243,18
335,118,430,2,8207,16414,25
336,118,147,1,4932,4932,22
337,118,215,2,1100,2200,17
338,119,263,2,7027,14054,49
339,119,255,2,6915,13830,22
340,119,49,2,4975,9950,29
341,120,366,1,3411,3411,41
342,120,130,1,8697,8697,31
343,120,447,2,2645,5290,40
344,120,68,1,1393,1393,49
345,121,30,1,7952,7952,10
346,121,245,1,6825,6825,17
347,121,85,1,7726,7726,39
348,121,443,1,1814,1814,14
349,122,437,1,8765,8765,29
350,123,224,1,6082,6082,6
351,123,441,2,5608,11216,42
352,124,58,1,9175,9175,43
353,124,129,2,6421,12842,46
354,124,388,2,2920,5840,40
355,124,11,2,6295,12590,49
356,125,342,1,808,808,34
357,126,71,1,1979,1979,21
358,126,52,1,4381,4381,29
359,127,470,1,8803,8803,22
360,127,232,1,4005,4005,10
361,127,171,2,4878,9756,4
362,127,385,1,3416,3416,22
363,127,490,2,2663,5326,31
364,128,415,1,9335,9335,35
365,128,181,2,575,1150,23
366,128,368,2,2023,4046,41
367,128,214,1,9847,9847,32
368,129,173,1,7111,7111,45
369,129,224,1,6082,6082,36
370,129,196,1,3348,3348,9
371,130,467,2,989,1978,47
372,130,463,2,8313,16626,15
373,130,1,1,7383,7383,31
374,130,368,2,2023,4046,0
375,130,275,1,4126,4126,39
376,131,148,1,5057,5057,33
377,131,185,1,9725,9725,42
378,132,127,1,803,803,3
379,133,438,1,9722,9722,49
380,133,167,1,7276,7276,33
381,133,306,2,427,854,13
382,133,495,2,7826,15652,23
383,134,418,1,8496,8496,27
384,135,4,2,3526,7052,27
385,135,68,1,1393,1393,28
386,135,491,1,7872,7872,43
387,136,70,1,5334,5334,30
388,136,330,2,6169,12338,41
389,136,126,1,511,511,40
390,136,398,2,6975,13950,25
391,136,142,2,4451,8902,14
392,137,427,2,7939,15878,28
393,137,220,1,792,792,7
394,137,307,2,3734,7468,29
395,137,1,1,7383,7383,26
396,138,170,2,5243,10486,42
397,139,465,1,1200,1200,39
398,139,59,1,3707,3707,9
399,139,137,1,9792,9792,12
400,139,191,1,600,600,3
401,139,256,1,8015,8015,11
402,140,428,2,4566,9132,14
403,140,124,2,4127,8254,3
404,140,495,2,7826,15652,40
405,140,212,2,2125,4250,20
406,141,8,2,552,1104,3
407,141,54,2,5045,10090,15
408,142,249,2,3076,6152,43
409,142,408,1,1506,1506,22
410,142,245,1,6825,6825,22
411,142,413,1,7682,7682,48
412,143,29,1,8365,8365,36
413,143,76,2,1796,3592,39
414,143,355,1,3972,3972,26
415,143,162,2,7997,15994,46
416,143,340,2,6534,13068,13
417,144,412,2,2577,5154,34
418,144,168,2,2126,4252,13
419,144,155,1,3414,3414,16
420,144,134,1,433,433,37
421,144,122,1,8570,8570,8
422,145,142,2,4451,8902,47
423,145,289,1,6074,6074,9
424,146,47,2,6006,12012,45
425,146,314,1,3186,3186,23
426,146,393,2,5614,11228,11
427,147,101,2,8481,16962,28
428,147,334,2,7855,15710,18
429,148,455,2,6367,12734,28
430,148,278,1,4446,4446,14
431,149,353,2,8490,16980,0
432,149,393,1,5614,5614,45
433,149,392,2,1069,2138,20
434,149,331,2,8327,16654,40
435,149,57,1,2705,2705,1
436,150,268,1,8452,8452,0
437,150,360,2,7936,15872,7
438,150,457,1,4081,4081,38
439,151,315,2,5375,10750,4
440,152,119,1,703,703,7
441,153,429,1,9556,9556,30
442,153,26,2,4719,9438,3
443,153,382,2,1765,3530,42
444,153,122,1,8570,8570,5
445,153,405,2,7803,15606,4
446,154,425,2,6302,12604,10
447,154,499,1,7189,7189,32
448,154,279,1,8933,8933,24
449,155,104,2,4304,8608,46
450,155,252,2,2663,5326,23
451,155,51,2,4970,9940,11
452,156,361,2,1521,3042,15
453,156,244,1,9563,9563,33
454,156,32,1,9159,9159,10
455,156,473,1,444,444,17
456,157,423,1,9274,9274,45
457,157,139,2,6678,13356,31
458,158,272,1,9771,9771,24
459,158,328,1,1982,1982,13
460,158,367,2,7596,15192,34
461,159,343,2,6618,13236,22
462,159,290,1,8108,8108,23
463,159,455,2,6367,12734,31
464,160,324,1,9564,9564,32
465,160,497,2,6071,12142,10
466,160,46,1,2736,2736,43
467,161,441,2,5608,11216,19
468,161,283,1,9977,9977,31
469,162,407,1,5041,5041,40
470,162,350,1,2023,2023,29
471,162,142,2,4451,8902,48
472,162,207,2,1145,2290,18
473,163,346,1,8830,8830,25
474,163,132,2,4597,9194,24
475,164,98,2,8801,17602,45
476,164,94,1,8136,8136,2
477,165,26,1,4719,4719,46
478,165,343,1,6618,6618,31
479,165,175,2,8190,16380,19
480,166,492,2,2978,5956,43
481,166,329,2,6394,12788,30
482,167,331,1,8327,8327,48
483,167,251,1,1127,1127,32
484,167,427,2,7939,15878,47
485,167,144,2,952,1904,40
486,168,52,2,4381,8762,48
487,168,48,2,7171,14342,45
488,168,67,2,1386,2772,37
489,169,215,1,1100,1100,24
490,169,111,1,4199,4199,26
491,170,278,1,4446,4446,10
492,170,470,2,8803,17606,4
493,170,105,2,2035,4070,24
494,170,298,1,7494,7494,35
495,170,355,1,3972,3972,2
496,171,26,1,4719,4719,7
497,172,124,2,4127,8254,27
498,172,116,1,6777,6777,20
499,173,287,1,5220,5220,23
500,174,71,1,1979,1979,15
501,174,306,1,427,427,14
502,174,415,1,9335,9335,44
503,174,228,2,3377,6754,30
504,175,466,2,4450,8900,18
505,175,424,2,8160,16320,6
506,175,458,2,7231,14462,0
507,175,75,1,5949,5949,10
508,176,364,2,5032,10064,25
509,177,144,2,952,1904,8
510,178,364,2,5032,10064,36
511,178,110,1,166,166,39
512,178,263,2,7027,14054,34
513,178,449,2,1273,2546,45
514,179,430,2,8207,16414,17
515,179,107,1,4996,4996,31
516,179,401,2,2493,4986,6
517,179,51,1,4970,4970,20
518,180,359,2,134,268,0
519,180,90,1,5742,5742,11
520,180,114,2,8116,16232,21
521,180,118,2,3022,6044,16
522,180,258,2,6742,13484,4
523,181,331,2,8327,16654,23
524,181,406,2,8666,17332,26
525,181,467,2,989,1978,29
526,182,368,1,2023,2023,43
527,182,364,1,5032,5032,1
528,183,99,2,7480,14960,19
529,183,321,1,7163,7163,19
530,183,405,2,7803,15606,27
531,184,346,2,8830,17660,38
532,184,275,2,4126,8252,24
533,184,54,2,5045,10090,12
534,185,75,1,5949,5949,24
535,186,275,1,4126,4126,28
536,186,317,1,3598,3598,9
537,186,215,1,1100,1100,44
538,186,492,2,2978,5956,12
539,187,310,1,1023,1023,12
540,188,374,2,1359,2718,5
541,188,129,1,6421,6421,36
542,188,165,2,2804,5608,26
543,188,160,1,4753,4753,27
544,188,278,2,4446,8892,33
545,189,266,1,1413,1413,48
546,189,405,1,7803,7803,3
547,189,480,1,802,802,9
548,189,75,2,5949,11898,16
549,190,30,1,7952,7952,9
550,190,245,2,6825,13650,29
551,190,216,1,6829,6829,28
552,191,271,1,9332,9332,48
553,191,265,2,445,890,38
554,191,418,1,8496,8496,44
555,192,330,1,6169,6169,10
556,192,59,1,3707,3707,12
557,192,466,1,4450,4450,32
558,192,130,2,8697,17394,43
559,193,70,2,5334,10668,5
560,193,128,1,1065,1065,30
561,193,31,1,6864,6864,40
562,194,200,1,994,994,7
563,194,196,2,3348,6696,40
564,194,487,1,1596,1596,4
565,194,164,2,1863,3726,47
566,195,219,2,8550,17100,9
567,195,160,1,4753,4753,48
568,195,193,1,2706,2706,30
569,195,456,2,8667,17334,35
570,195,380,2,5037,10074,29
571,196,478,1,7111,7111,21
572,196,39,1,569,569,4
573,196,375,2,9583,19166,47
574,197,291,1,2599,2599,31
575,197,234,2,3036,6072,5
576,198,102,2,7997,15994,43
577,199,374,1,1359,1359,3
578,199,47,2,6006,12012,36
579,199,19,1,9031,9031,22
580,200,438,1,9722,9722,37
581,200,466,2,4450,8900,32
582,201,102,2,7997,15994,2
583,201,431,1,3477,3477,19
584,201,385,1,3416,3416,17
585,202,196,2,3348,6696,33
586,202,454,2,412,824,32
587,202,363,2,5692,11384,33
588,203,6,1,9079,9079,23
589,203,213,1,1327,1327,34
590,204,248,1,5140,5140,6
591,204,253,2,4985,9970,7
592,204,376,2,7229,14458,30
593,205,77,1,2932,2932,42
594,205,172,2,8206,16412,5
595,205,354,2,6624,13248,37
596,205,292,2,9437,18874,4
597,206,253,1,4985,4985,0
598,206,97,2,2581,5162,37
599,206,436,1,9749,9749,3
600,206,483,1,5769,5769,41
601,206,4,2,3526,7052,15
602,207,58,2,9175,18350,36
603,207,369,2,2604,5208,1
604,207,379,2,288,576,46
605,208,287,1,5220,5220,33
606,208,147,2,4932,9864,48
607,208,162,2,7997,15994,26
608,208,283,2,9977,19954,43
609,208,218,2,5588,11176,28
610,209,344,1,7129,7129,40
611,210,417,2,5478,10956,11
612,210,106,1,3151,3151,44
613,210,224,1,6082,6082,4
614,210,84,1,3374,3374,36
615,211,296,1,4832,4832,44
616,211,194,1,8080,8080,35
617,211,297,2,1490,2980,44
618,212,384,1,2886,2886,26
619,212,403,1,5297,5297,23
620,212,330,1,6169,6169,17
621,212,271,2,9332,18664,10
622,213,190,2,9154,18308,38
623,213,20,1,7740,7740,9
624,213,323,2,3539,7078,49
625,213,86,2,3922,7844,6
626,214,86,1,3922,3922,45
627,214,322,2,8465,16930,6
628,214,97,2,2581,5162,18
629,214,63,1,226,226,17
630,215,247,1,5807,5807,3
631,215,399,1,2348,2348,43
632,215,135,1,2784,2784,13
633,215,59,2,3707,7414,10
634,216,222,1,8997,8997,17
635,216,405,2,7803,15606,7
636,217,369,2,2604,5208,23
637,217,480,1,802,802,41
638,217,307,1,3734,3734,15
639,217,241,2,6358,12716,49
640,218,104,1,4304,4304,8
641,218,469,1,7584,7584,29
642,219,4,2,3526,7052,22
643,219,153,1,6657,6657,7
644,220,309,1,5432,5432,29
645,220,285,1,6960,6960,28
646,220,294,1,2813,2813,25
647,220,461,1,9272,9272,31
648,221,490,2,2663,5326,25
649,222,493,2,674,1348,28
650,222,419,1,6185,6185,22
651,222,168,2,2126,4252,17
652,222,230,2,1378,2756,26
653,222,317,1,3598,3598,49
654,223,50,2,7706,15412,29
655,223,194,1,8080,8080,3
656,223,90,2,5742,11484,40
657,223,151,1,9774,9774,8
658,224,336,2,2077,4154,24
659,224,320,2,4686,9372,31
660,224,490,2,2663,5326,30
661,224,372,1,1416,1416,15
662,224,293,2,3156,6312,35
663,225,129,1,6421,6421,43
664,225,201,2,1906,3812,20
665,225,65,2,1575,3150,37
666,225,479,2,4003,8006,4
667,225,195,1,527,527,34
668,226,408,1,1506,1506,48
669,227,111,1,4199,4199,8
670,227,472,1,8141,8141,49
671,227,331,1,8327,8327,12
672,228,72,1,4731,4731,26
673,228,404,2,5532,11064,8
674,228,349,1,9083,9083,3
675,229,257,2,1515,3030,12
676,229,10,2,7504,15008,32
677,229,244,1,9563,9563,12
678,229,468,1,1895,1895,25
679,229,108,2,1845,3690,39
680,230,230,1,1378,1378,5
681,230,321,1,7163,7163,41
682,231,243,2,3767,7534,26
683,231,259,1,4256,4256,49
684,232,94,1,8136,8136,33
685,232,449,1,1273,1273,20
686,232,50,2,7706,15412,0
687,233,110,2,166,332,29
688,233,466,1,4450,4450,18
689,233,265,1,445,445,12
690,233,285,2,6960,13920,46
691,233,408,1,1506,1506,8
692,234,123,2,5979,11958,14
693,234,180,2,2762,5524,12
694,235,284,1,1327,1327,29
695,236,2,2,1005,2010,11
696,236,130,2,8697,17394,11
697,237,476,2,1509,3018,48
698,237,310,1,1023,1023,30
699,237,355,2,3972,7944,13
700,237,270,2,5974,11948,1
701,238,167,2,7276,14552,13
702,238,496,1,816,816,13
703,238,424,2,8160,16320,1
704,239,35,1,532,532,38
705,239,126,2,511,1022,10
706,239,316,1,2025,2025,9
707,240,99,1,7480,7480,3
708,240,89,2,1967,3934,17
709,240,93,1,8858,8858,21
710,241,317,1,3598,3598,45
711,241,441,2,5608,11216,12
712,241,55,2,2603,5206,40
713,242,427,1,7939,7939,26
714,242,183,2,2684,5368,11
715,242,154,1,2254,2254,38
716,243,486,2,7644,15288,46
717,243,500,1,8459,8459,10
718,243,156,2,1080,2160,46
719,243,4,2,3526,7052,33
720,244,429,1,9556,9556,25
721,244,140,2,7936,15872,35
722,244,405,1,7803,7803,24
723,245,237,2,3798,7596,26
724,245,206,2,6328,12656,1
725,246,286,1,1335,1335,20
726,247,463,1,8313,8313,44
727,247,291,1,2599,2599,33
728,248,350,2,2023,4046,11
729,248,311,2,1370,2740,8
730,249,407,2,5041,10082,48
731,249,88,1,1892,1892,32
732,249,425,1,6302,6302,14
733,249,164,2,1863,3726,48
734,249,36,1,3776,3776,39
735,250,198,2,2082,4164,1
736,250,248,2,5140,10280,6
737,250,235,1,931,931,2
738,251,10,1,7504,7504,25
739,251,216,2,6829,13658,18
740,251,399,1,2348,2348,27
741,252,479,2,4003,8006,36
742,253,468,2,1895,3790,19
743,254,59,2,3707,7414,32
744,254,149,2,6253,12506,46
745,254,430,2,8207,16414,4
746,254,312,1,1017,1017,48
747,255,37,1,5974,5974,27
748,255,425,2,6302,12604,24
749,255,459,2,3610,7220,29
750,256,388,1,2920,2920,6
751,256,371,2,8364,16728,22
752,256,156,2,1080,2160,0
753,257,408,2,1506,3012,47
754,257,434,1,7634,7634,14
755,257,416,2,1795,3590,0
756,257,459,1,3610,3610,31
757,258,310,1,1023,1023,17
758,258,13,1,2609,2609,25
759,258,196,1,3348,3348,6
760,259,97,2,2581,5162,44
761,260,187,1,7902,7902,36
762,260,310,1,1023,1023,29
763,261,433,2,1018,2036,13
764,262,467,1,989,989,4
765,263,298,2,7494,14988,30
766,263,50,2,7706,15412,38
767,263,363,1,5692,5692,33
768,263,36,2,3776,7552,5
769,263,6,1,9079,9079,17
770,264,38,1,7964,7964,16
771,264,102,1,7997,7997,39
772,264,201,2,1906,3812,49
773,264,105,2,2035,4070,38
774,265,461,1,9272,9272,46
775,265,196,2,3348,6696,26
776,266,153,1,6657,6657,20
777,266,51,1,4970,4970,27
778,266,157,1,8682,8682,4
779,266,150,1,179,179,15
780,266,335,2,3595,7190,49
781,267,271,1,9332,9332,19
782,267,147,2,4932,9864,28
783,268,53,2,493,986,7
784,268,495,1,7826,7826,6
785,268,188,2,1340,2680,15
786,268,331,2,8327,16654,33
787,268,409,1,3636,3636,45
788,269,145,2,303,606,19
789,269,331,2,8327,16654,15
790,269,365,1,2532,2532,6
791,269,267,1,9802,9802,48
792,269,3,1,810,810,13
793,270,151,1,9774,9774,5
794,270,451,1,6416,6416,31
795,270,12,1,2033,2033,20
796,270,263,2,7027,14054,33
797,271,242,1,959,959,33
798,271,275,1,4126,4126,9
799,272,43,1,2257,2257,14
800,273,138,2,6011,12022,35
801,274,11,2,6295,12590,20
802,274,139,2,6678,13356,41
803,274,199,2,9352,18704,12
804,274,475,1,2596,2596,31
805,274,113,2,8499,16998,28
806,275,50,2,7706,15412,8
807,275,244,1,9563,9563,22
808,275,496,1,816,816,15
809,275,242,1,959,959,47
810,275,233,2,7932,15864,49
811,276,364,2,5032,10064,43
812,276,111,1,4199,4199,4
813,277,316,1,2025,2025,10
814,277,415,1,9335,9335,21
815,277,376,2,7229,14458,47
816,277,297,1,1490,1490,39
817,278,320,2,4686,9372,39
818,278,334,1,7855,7855,38
819,278,214,1,9847,9847,38
820,279,167,2,7276,14552,20
821,279,470,1,8803,8803,44
822,279,102,1,7997,7997,29
823,279,239,2,2008,4016,17
824,279,137,1,9792,9792,31
825,280,362,1,9032,9032,27
826,280,342,1,808,808,23
827,280,438,2,9722,19444,28
828,280,46,1,2736,2736,14
829,280,69,2,3379,6758,5
830,281,291,1,2599,2599,28
831,282,384,2,2886,5772,29
832,282,5,2,1375,2750,42
833,283,489,1,4052,4052,44
834,283,85,2,7726,15452,12
835,283,334,1,7855,7855,38
836,283,73,2,4792,9584,44
837,284,174,1,5394,5394,30
838,284,347,1,4055,4055,49
839,284,404,2,5532,11064,9
840,284,311,2,1370,2740,5
841,285,457,2,4081,8162,39
842,285,228,1,3377,3377,30
843,285,349,1,9083,9083,13
844,285,389,2,8169,16338,42
845,285,304,2,5702,11404,29
846,286,15,1,8230,8230,10
847,286,374,2,1359,2718,9
848,286,180,2,2762,5524,11
849,286,315,2,5375,10750,19
850,286,277,1,1812,1812,26
851,287,477,1,4434,4434,28
852,288,475,2,2596,5192,41
853,288,193,2,2706,5412,42
854,288,34,1,4723,4723,34
855,289,359,2,134,268,17
856,290,481,1,6701,6701,41
857,290,300,1,3824,3824,41
858,290,30,2,7952,15904,19
859,291,390,1,2081,2081,30
860,291,106,1,3151,3151,48
861,291,109,1,7744,7744,1
862,291,179,2,7886,15772,25
863,291,146,2,7549,15098,39
864,292,337,2,3014,6028,17
865,292,441,1,5608,5608,11
866,293,439,1,8872,8872,37
867,294,109,2,7744,15488,44
868,294,489,1,4052,4052,32
869,294,24,2,1400,2800,26
870,294,124,1,4127,4127,37
871,294,264,2,2992,5984,42
872,295,53,1,493,493,2
873,295,67,2,1386,2772,38
874,295,308,1,9878,9878,38
875,295,256,1,8015,8015,40
876,296,103,1,3003,3003,30
877,296,281,1,8327,8327,27
878,296,126,1,511,511,0
879,296,62,1,7260,7260,32
880,297,102,1,7997,7997,9
881,297,425,1,6302,6302,16
882,297,182,2,3502,7004,33
883,297,369,1,2604,2604,11
884,297,332,2,9187,18374,1
885,298,97,1,2581,2581,9
886,299,108,1,1845,1845,6
887,299,96,2,7924,15848,20
888,299,320,2,4686,9372,10
889,299,388,1,2920,2920,18
890,300,9,1,7261,7261,22
891,300,161,2,8668,17336,17
892,300,80,2,9998,19996,0
893,300,311,1,1370,1370,4
894,300,469,1,7584,7584,29
895,301,51,2,4970,9940,15
896,301,241,1,6358,6358,49
897,301,381,1,1186,1186,28
898,301,183,1,2684,2684,10
899,301,265,2,445,890,18
900,302,319,2,5440,10880,23
901,303,499,1,7189,7189,46
902,303,86,1,3922,3922,1
903,304,142,2,4451,8902,36
904,304,204,1,5332,5332,44
905,305,292,2,9437,18874,4
906,306,214,1,9847,9847,17
907,306,212,2,2125,4250,41
908,306,152,2,8703,17406,49
909,306,54,2,5045,10090,39
910,307,194,1,8080,8080,12
911,308,149,1,6253,6253,29
912,308,454,2,412,824,15
913,308,240,1,826,826,3
914,309,132,1,4597,4597,7
915,309,341,1,1233,1233,38
916,309,64,1,3594,3594,9
917,309,298,1,7494,7494,17
918,309,312,2,1017,2034,28
919,310,356,2,7623,15246,19
920,310,201,1,1906,1906,38
921,310,240,1,826,826,48
922,310,51,1,4970,4970,24
923,311,97,1,2581,2581,28
924,312,251,1,1127,1127,35
925,312,193,2,2706,5412,21
926,313,335,2,3595,7190,8
927,313,174,2,5394,10788,3
928,314,282,1,132,132,22
929,314,169,2,1711,3422,17
930,314,437,1,8765,8765,38
931,314,322,2,8465,16930,35
932,315,167,1,7276,7276,27
933,315,156,1,1080,1080,31
934,315,239,2,2008,4016,40
935,315,20,2,7740,15480,5
936,316,322,1,8465,8465,6
937,317,488,1,5080,5080,43
938,318,333,1,4948,4948,29
939,318,350,1,2023,2023,24
940,318,295,1,9489,9489,18
941,319,265,2,445,890,40
942,320,216,1,6829,6829,16
943,320,459,1,3610,3610,43
944,320,322,2,8465,16930,45
945,321,295,2,9489,18978,33
946,322,283,2,9977,19954,32
947,322,121,1,9357,9357,8
948,322,160,1,4753,4753,37
949,323,381,2,1186,2372,6
950,323,356,1,7623,7623,24
951,323,467,2,989,1978,39
952,324,40,2,8004,16008,8
953,325,180,2,2762,5524,49
954,325,221,1,3953,3953,12
955,326,122,1,8570,8570,22
956,326,362,2,9032,18064,16
957,326,115,1,901,901,48
958,326,14,1,6673,6673,0
959,326,437,2,8765,17530,24
960,327,453,1,9440,9440,6
961,327,24,1,1400,1400,28
962,327,486,2,7644,15288,45
963,327,154,2,2254,4508,46
964,328,325,2,4425,8850,39
965,328,66,2,3514,7028,43
966,328,178,1,885,885,19
967,328,468,1,1895,1895,11
968,329,58,1,9175,9175,5
969,329,185,2,9725,19450,28
970,329,326,2,8014,16028,16
971,329,237,2,3798,7596,44
972,329,20,2,7740,15480,22
973,330,201,2,1906,3812,46
974,330,20,1,7740,7740,8
975,330,79,1,7778,7778,11
976,330,55,1,2603,2603,10
977,331,26,1,4719,4719,19
978,331,68,1,1393,1393,1
979,332,28,2,3348,6696,40
980,332,388,2,2920,5840,41
981,332,454,2,412,824,24
982,332,208,2,9063,18126,16
983,333,390,1,2081,2081,40
984,333,187,1,7902,7902,46
985,333,242,1,959,959,11
986,333,239,2,2008,4016,17
987,334,197,1,1979,1979,20
988,334,228,2,3377,6754,9
989,334,342,1,808,808,8
990,334,449,1,1273,1273,23
991,335,391,1,7357,7357,34
992,335,378,2,9971,19942,18
993,335,400,1,4939,4939,38
994,335,261,2,8358,16716,21
995,336,392,1,1069,1069,44
996,336,35,1,532,532,36
997,336,321,1,7163,7163,15
998,337,415,1,9335,9335,48
999,337,233,1,7932,7932,40
1000,337,276,2,5653,11306,8
1001,338,270,2,5974,11948,28
1002,339,483,1,5769,5769,30
1003,339,198,2,2082,4164,18
1004,340,379,2,288,576,21
1005,340,242,1,959,959,5
1006,341,399,1,2348,2348,11
1007,342,440,2,632,1264,21
1008,342,30,2,7952,15904,17
1009,342,242,2,959,1918,48
1010,342,284,1,1327,1327,25
1011,343,193,1,2706,2706,6
1012,343,469,1,7584,7584,16
1013,343,457,1,4081,4081,14
1014,343,455,2,6367,12734,10
1015,344,8,2,552,1104,20
1016,344,276,1,5653,5653,25
1017,344,454,2,412,824,7
1018,344,72,2,4731,9462,0
1019,344,218,2,5588,11176,8
1020,345,367,2,7596,15192,8
1021,345,191,2,600,1200,36
1022,345,122,1,8570,8570,49
1023,345,17,2,3755,7510,2
1024,345,127,2,803,1606,47
1025,346,334,1,7855,7855,44
1026,347,278,1,4446,4446,3
1027,347,356,2,7623,15246,6
1028,348,315,1,5375,5375,24
1029,348,455,1,6367,6367,2
1030,349,491,1,7872,7872,48
1031,349,209,1,8256,8256,36
1032,349,397,2,9923,19846,28
1033,349,366,2,3411,6822,42
1034,349,144,1,952,952,43
1035,350,284,2,1327,2654,3
1036,351,437,1,8765,8765,16
1037,351,237,2,3798,7596,15
1038,351,368,1,2023,2023,40
1039,351,361,1,1521,1521,4
1040,351,280,1,598,598,14
1041,352,208,1,9063,9063,1
1042,352,417,2,5478,10956,16
1043,352,92,1,9153,9153,4
1044,353,50,1,7706,7706,46
1045,353,268,2,8452,16904,47
1046,353,68,1,1393,1393,30
1047,354,301,1,7201,7201,43
1048,354,135,1,2784,2784,41
1049,354,113,1,8499,8499,28
1050,354,201,2,1906,3812,35
1051,354,190,2,9154,18308,28
1052,355,387,1,9763,9763,43
1053,355,32,1,9159,9159,31
1054,356,175,1,8190,8190,15
1055,356,154,2,2254,4508,31
1056,356,185,2,9725,19450,11
1057,356,13,1,2609,2609,33
1058,357,236,1,5507,5507,32
1059,357,132,2,4597,9194,9
1060,357,383,1,3997,3997,3
1061,357,76,1,1796,1796,1
1062,358,335,1,3595,3595,45
1063,358,104,1,4304,4304,21
1064,358,412,2,2577,5154,40
1065,359,91,1,2426,2426,3
1066,360,11,1,6295,6295,13
1067,360,23,1,5151,5151,4
1068,360,68,2,1393,2786,10
1069,360,376,1,7229,7229,17
1070,361,209,2,8256,16512,22
1071,362,363,1,5692,5692,17
1072,362,273,1,9304,9304,33
1073,362,324,1,9564,9564,15
1074,362,474,1,6848,6848,4
1075,363,177,2,5567,11134,1
1076,363,11,2,6295,12590,41
1077,364,200,1,994,994,14
1078,364,45,1,6000,6000,2
1079,364,51,1,4970,4970,24
1080,365,299,2,6735,13470,9
1081,365,361,2,1521,3042,30
1082,365,370,1,2338,2338,48
1083,365,65,1,1575,1575,16
1084,366,187,2,7902,15804,24
1085,366,203,1,8865,8865,26
1086,367,90,1,5742,5742,29
1087,367,318,1,8576,8576,18
1088,367,375,1,9583,9583,19
1089,367,328,2,1982,3964,31
1090,367,403,2,5297,10594,7
1091,368,243,1,3767,3767,20
1092,368,1,2,7383,14766,44
1093,368,181,1,575,575,6
1094,369,125,1,4484,4484,32
1095,369,458,1,7231,7231,40
1096,370,204,2,5332,10664,47
1097,370,94,2,8136,16272,35
1098,370,379,2,288,576,32
1099,371,462,2,2010,4020,14
1100,371,439,2,8872,17744,37
1101,372,115,2,901,1802,32
1102,372,474,2,6848,13696,20
1103,372,87,1,5931,5931,5
1104,372,261,1,8358,8358,21
1105,372,200,1,994,994,34
1106,373,56,2,3520,7040,13
1107,373,494,2,7434,14868,19
1108,373,40,1,8004,8004,9
1109,373,470,1,8803,8803,41
1110,374,198,2,2082,4164,40
1111,374,84,2,3374,6748,0
1112,375,143,1,1092,1092,37
1113,375,295,2,9489,18978,30
1114,375,252,2,2663,5326,7
1115,375,399,1,2348,2348,8
1116,376,267,2,9802,19604,21
1117,376,491,1,7872,7872,24
1118,377,377,2,3078,6156,36
1119,377,142,1,4451,4451,38
1120,377,461,2,9272,18544,18
1121,377,86,2,3922,7844,12
1122,377,204,1,5332,5332,26
1123,378,246,1,7060,7060,40
1124,378,210,1,2955,2955,9
1125,378,260,1,2313,2313,48
1126,378,90,2,5742,11484,35
1127,378,370,1,2338,2338,30
1128,379,271,2,9332,18664,47
1129,379,411,1,683,683,49
1130,379,410,2,1950,3900,20
1131,380,85,1,7726,7726,29
1132,380,36,1,3776,3776,44
1133,380,458,1,7231,7231,39
1134,380,484,1,966,966,11
1135,380,405,2,7803,15606,30
1136,381,397,2,9923,19846,39
1137,381,471,2,3454,6908,9
1138,381,237,2,3798,7596,5
1139,381,405,2,7803,15606,29
1140,382,108,1,1845,1845,38
1141,382,50,1,7706,7706,10
1142,382,293,1,3156,3156,36
1143,383,75,2,5949,11898,32
1144,383,323,1,3539,3539,37
1145,384,27,2,4304,8608,33
1146,384,385,2,3416,6832,1
1147,384,473,2,444,888,10
1148,384,421,2,1837,3674,47
1149,384,184,1,2562,2562,12
1150,385,19,2,9031,18062,33
1151,385,255,1,6915,6915,40
1152,385,418,1,8496,8496,14
1153,386,459,1,3610,3610,3
1154,387,87,2,5931,11862,14
1155,387,295,2,9489,18978,35
1156,387,161,1,8668,8668,26
1157,387,485,2,2932,5864,37
1158,388,312,1,1017,1017,24
1159,388,497,1,6071,6071,7
1160,388,433,1,1018,1018,38
1161,389,78,1,9614,9614,43
1162,389,467,2,989,1978,45
1163,389,203,1,8865,8865,7
1164,389,181,1,575,575,23
1165,389,70,2,5334,10668,45
1166,390,247,1,5807,5807,39
1167,390,373,2,5255,10510,27
1168,390,18,2,4166,8332,26
1169,391,427,2,7939,15878,26
1170,391,72,1,4731,4731,45
1171,391,82,2,9229,18458,37
1172,391,144,2,952,1904,8
1173,392,333,2,4948,9896,9
1174,393,393,2,5614,11228,33
1175,393,208,2,9063,18126,35
1176,394,316,1,2025,2025,3
1177,395,237,2,3798,7596,23
1178,395,489,2,4052,8104,13
1179,395,127,2,803,1606,49
1180,395,13,1,2609,2609,2
1181,396,179,2,7886,15772,4
1182,396,216,1,6829,6829,32
1183,396,290,2,8108,16216,12
1184,397,128,1,1065,1065,43
1185,397,172,1,8206,8206,9
1186,397,462,1,2010,2010,2
1187,398,382,1,1765,1765,18
1188,398,402,1,724,724,33
1189,398,422,1,2063,2063,31
1190,399,436,2,9749,19498,47
1191,399,481,1,6701,6701,5
1192,399,326,2,8014,16028,23
1193,400,404,2,5532,11064,25
1194,400,401,1,2493,2493,17
1195,400,213,2,1327,2654,34
1196,400,118,2,3022,6044,9
1197,400,253,1,4985,4985,1
1198,401,429,2,9556,19112,38
1199,401,229,2,6873,13746,46
1200,401,49,1,4975,4975,7
1201,401,404,1,5532,5532,14
1202,401,350,2,2023,4046,15
1203,402,443,1,1814,1814,21
1204,402,190,2,9154,18308,48
1205,402,310,1,1023,1023,12
1206,403,296,1,4832,4832,40
1207,403,129,2,6421,12842,37
1208,403,187,1,7902,7902,42
1209,403,396,2,2758,5516,30
1210,404,497,2,6071,12142,39
1211,404,28,1,3348,3348,8
1212,404,353,2,8490,16980,28
1213,404,434,2,7634,15268,0
1214,404,64,1,3594,3594,39
1215,405,182,1,3502,3502,9
1216,405,11,1,6295,6295,3
1217,405,475,1,2596,2596,28
1218,405,472,2,8141,16282,29
1219,405,111,2,4199,8398,2
1220,406,203,1,8865,8865,5
1221,406,410,2,1950,3900,24
1222,406,332,1,9187,9187,34
1223,406,197,2,1979,3958,28
1224,407,395,2,4317,8634,17
1225,407,490,2,2663,5326,22
1226,407,480,2,802,1604,7
1227,407,2,2,1005,2010,43
1228,407,499,1,7189,7189,43
1229,408,323,2,3539,7078,14
1230,408,263,2,7027,14054,48
1231,408,258,2,6742,13484,31
1232,408,293,2,3156,6312,11
1233,409,434,2,7634,15268,14
1234,409,460,1,8795,8795,41
1235,410,382,2,1765,3530,26
1236,410,399,1,2348,2348,49
1237,410,1,2,7383,14766,7
1238,411,226,1,6844,6844,20
1239,411,407,2,5041,10082,29
1240,411,116,1,6777,6777,10
1241,411,463,2,8313,16626,49
1242,412,271,2,9332,18664,10
1243,413,223,1,3994,3994,30
1244,413,366,1,3411,3411,14
1245,413,487,1,1596,1596,27
1246,413,364,1,5032,5032,2
1247,413,19,1,9031,9031,14
1248,414,496,2,816,1632,43
1249,414,145,2,303,606,28
1250,415,344,2,7129,14258,45
1251,415,218,1,5588,5588,39
1252,416,34,1,4723,4723,25
1253,416,479,1,4003,4003,34
1254,416,402,1,724,724,2
1255,417,365,1,2532,2532,49
1256,417,76,1,1796,1796,34
1257,418,72,2,4731,9462,12
1258,418,139,1,6678,6678,32
1259,418,283,1,9977,9977,29
1260,418,29,1,8365,8365,2
1261,418,117,1,6431,6431,28
1262,419,443,1,1814,1814,22
1263,419,493,1,674,674,3
1264,420,2,2,1005,2010,22
1265,421,275,1,4126,4126,3
1266,422,339,2,1062,2124,22
1267,423,42,1,3798,3798,10
1268,423,410,2,1950,3900,28
1269,424,333,1,4948,4948,44
1270,424,152,2,8703,17406,32
1271,424,474,1,6848,6848,36
1272,424,45,1,6000,6000,41
1273,424,182,2,3502,7004,10
1274,425,327,2,4059,8118,10
1275,425,416,1,1795,1795,11
1276,425,189,1,7671,7671,21
1277,425,470,1,8803,8803,14
1278,426,173,2,7111,14222,43
1279,426,177,1,5567,5567,30
1280,426,84,1,3374,3374,44
1281,426,486,1,7644,7644,32
1282,427,472,1,8141,8141,6
1283,427,111,2,4199,8398,21
1284,427,200,2,994,1988,18
1285,427,347,1,4055,4055,35
1286,427,259,2,4256,8512,7
1287,428,383,1,3997,3997,22
1288,428,73,1,4792,4792,48
1289,428,276,1,5653,5653,36
1290,428,412,2,2577,5154,32
1291,429,62,2,7260,14520,0
1292,429,5,2,1375,2750,5
1293,429,254,2,8080,16160,2
1294,429,390,1,2081,2081,7
1295,430,152,2,8703,17406,29
1296,430,197,2,1979,3958,29
1297,430,131,2,6426,12852,27
1298,431,289,2,6074,12148,37
1299,431,290,1,8108,8108,18
1300,431,226,1,6844,6844,16
1301,431,40,1,8004,8004,45
1302,432,406,1,8666,8666,15
1303,432,139,2,6678,13356,13
1304,433,168,1,2126,2126,23
1305,433,127,1,803,803,1
1306,434,421,1,1837,1837,4
1307,434,203,2,8865,17730,30
1308,434,351,2,8394,16788,26
1309,435,6,2,9079,18158,2
1310,435,199,2,9352,18704,30
1311,436,324,2,9564,19128,42
1312,437,421,1,1837,1837,36
1313,437,220,1,792,792,19
1314,437,384,1,2886,2886,10
1315,437,259,1,4256,4256,28
1316,438,272,1,9771,9771,34
1317,438,99,2,7480,14960,7
1318,438,260,1,2313,2313,36
1319,439,67,1,1386,1386,1
1320,439,119,1,703,703,21
1321,439,329,2,6394,12788,41
1322,439,490,1,2663,2663,39
1323,439,210,1,2955,2955,10
1324,440,171,2,4878,9756,36
1325,440,343,1,6618,6618,18
1326,440,244,2,9563,19126,4
1327,440,137,2,9792,19584,26
1328,441,178,2,885,1770,4
1329,441,44,1,7604,7604,9
1330,441,292,1,9437,9437,41
1331,442,315,1,5375,5375,2
1332,442,348,1,9864,9864,27
1333,443,89,2,1967,3934,40
1334,443,42,2,3798,7596,17
1335,444,419,2,6185,12370,14
1336,444,72,2,4731,9462,1
1337,445,142,2,4451,8902,34
1338,445,155,2,3414,6828,23
1339,446,224,2,6082,12164,36
1340,446,153,1,6657,6657,28
1341,446,396,2,2758,5516,9
1342,446,21,1,9405,9405,31
1343,447,230,2,1378,2756,1
1344,447,337,1,3014,3014,45
1345,447,132,2,4597,9194,41
1346,448,396,2,2758,5516,5
1347,448,298,2,7494,14988,15
1348,448,40,2,8004,16008,24
1349,448,201,1,1906,1906,30
1350,448,412,2,2577,5154,16
1351,449,358,2,876,1752,29
1352,449,240,2,826,1652,28
1353,449,182,2,3502,7004,30
1354,449,132,2,4597,9194,31
1355,450,37,1,5974,5974,13
1356,450,316,2,2025,4050,21
1357,450,98,2,8801,17602,11
1358,450,27,1,4304,4304,4
1359,451,465,2,1200,2400,1
1360,452,155,1,3414,3414,35
1361,452,219,1,8550,8550,2
1362,452,276,1,5653,5653,17
1363,452,452,2,200,400,13
1364,453,353,2,8490,16980,44
1365,453,152,1,8703,8703,7
1366,453,239,1,2008,2008,40
1367,454,420,2,2612,5224,30
1368,454,18,1,4166,4166,3
1369,454,67,1,1386,1386,23
1370,454,179,2,7886,15772,48
1371,455,10,1,7504,7504,3
1372,455,156,2,1080,2160,47
1373,455,358,1,876,876,41
1374,455,105,2,2035,4070,43
1375,456,451,1,6416,6416,7
1376,457,122,2,8570,17140,2
1377,458,8,1,552,552,29
1378,458,32,2,9159,18318,21
1379,459,380,1,5037,5037,7
1380,459,432,2,5619,11238,8
1381,459,98,1,8801,8801,9
1382,460,378,2,9971,19942,31
1383,460,104,1,4304,4304,42
1384,460,172,2,8206,16412,26
1385,461,487,1,1596,1596,49
1386,462,171,2,4878,9756,41
1387,463,227,2,3371,6742,32
1388,463,160,1,4753,4753,26
1389,463,13,1,2609,2609,47
1390,463,185,1,9725,9725,16
1391,464,291,2,2599,5198,30
1392,464,127,2,803,1606,40
1393,465,230,1,1378,1378,30
1394,465,365,2,2532,5064,45
1395,465,214,2,9847,19694,22
1396,465,212,1,2125,2125,21
1397,466,314,1,3186,3186,4
1398,466,38,2,7964,15928,35
1399,466,419,1,6185,6185,45
1400,467,388,1,2920,2920,21
1401,467,443,1,1814,1814,44
1402,467,94,1,8136,8136,12
1403,467,307,1,3734,3734,0
1404,467,413,2,7682,15364,32
1405,468,460,2,8795,17590,10
1406,468,358,2,876,1752,13
1407,468,324,1,9564,9564,31
1408,469,308,2,9878,19756,23
1409,469,205,1,4349,4349,2
1410,469,77,1,2932,2932,33
1411,469,75,2,5949,11898,22
1412,469,116,2,6777,13554,34
1413,470,107,1,4996,4996,12
1414,471,163,1,1089,1089,45
1415,471,185,2,9725,19450,7
1416,471,139,2,6678,13356,12
1417,471,114,2,8116,16232,29
1418,471,413,1,7682,7682,45
1419,472,33,2,2531,5062,37
1420,472,26,1,4719,4719,15
1421,472,123,1,5979,5979,35
1422,472,17,2,3755,7510,43
1423,473,164,2,1863,3726,27
1424,473,352,2,8327,16654,20
1425,473,48,1,7171,7171,49
1426,473,276,1,5653,5653,24
1427,473,341,1,1233,1233,14
1428,474,473,2,444,888,26
1429,474,178,2,885,1770,11
1430,474,56,1,3520,3520,27
1431,474,31,2,6864,13728,23
1432,474,343,1,6618,6618,24
1433,475,406,1,8666,8666,20
1434,475,201,2,1906,3812,26
1435,476,165,2,2804,5608,22
1436,477,435,1,1446,1446,48
1437,477,399,1,2348,2348,15
1438,477,301,1,7201,7201,17
1439,478,351,2,8394,16788,23
1440,478,413,2,7682,15364,10
1441,478,29,2,8365,16730,17
1442,478,463,1,8313,8313,2
1443,479,337,1,3014,3014,39
1444,480,257,2,1515,3030,22
1445,480,54,2,5045,10090,42
1446,480,452,1,200,200,21
1447,480,298,1,7494,7494,40
1448,481,358,2,876,1752,12
1449,481,57,1,2705,2705,42
1450,482,473,1,444,444,1
1451,482,399,2,2348,4696,41
1452,482,404,1,5532,5532,20
1453,482,473,1,444,444,30
1454,482,323,2,3539,7078,16
1455,483,476,2,1509,3018,39
1456,483,197,1,1979,1979,46
1457,483,272,1,9771,9771,36
1458,483,55,1,2603,2603,23
1459,484,264,2,2992,5984,46
1460,485,365,1,2532,2532,35
1461,485,153,2,6657,13314,9
1462,486,109,2,7744,15488,29
1463,487,21,1,9405,9405,4
1464,487,89,1,1967,1967,27
1465,488,133,2,4827,9654,33
1466,488,309,1,5432,5432,12
1467,488,479,2,4003,8006,15
1468,488,177,2,5567,11134,27
1469,489,186,1,301,301,11
1470,489,344,1,7129,7129,47
1471,490,402,2,724,1448,46
1472,491,86,1,3922,3922,11
1473,491,38,1,7964,7964,33
1474,491,425,1,6302,6302,34
1475,492,202,1,1340,1340,26
1476,492,306,1,427,427,28
1477,492,283,2,9977,19954,1
1478,492,41,1,4365,4365,47
1479,493,364,2,5032,10064,32
1480,493,18,2,4166,8332,49
1481,493,370,1,2338,2338,5
1482,494,448,2,2566,5132,7
1483,494,328,1,1982,1982,3
1484,495,369,1,2604,2604,14
1485,496,186,2,301,602,31
1486,496,4,1,3526,3526,30
1487,496,381,2,1186,2372,8
1488,497,392,1,1069,1069,14
1489,497,16,2,6789,13578,29
1490,497,36,2,3776,7552,29
1491,497,386,1,7081,7081,23
1492,497,171,1,4878,4878,6
1493,498,269,2,8261,16522,29
1494,498,89,2,1967,3934,23
1495,498,257,1,1515,1515,11
1496,499,388,2,2920,5840,20
1497,499,446,1,9384,9384,25
1498,500,395,2,4317,8634,1
1499,501,101,1,8481,8481,10
1500,502,257,1,1515,1515,29
1501,502,281,2,8327,16654,24
1502,502,396,1,2758,2758,48
1503,502,256,1,8015,8015,10
1504,502,33,1,2531,2531,14
1505,503,170,1,5243,5243,49
1506,504,292,2,9437,18874,21
1507,504,30,2,7952,15904,7
1508,505,16,2,6789,13578,39
1509,505,267,2,9802,19604,40
1510,505,300,2,3824,7648,0
1511,506,258,1,6742,6742,14
1512,506,435,2,1446,2892,10
1513,507,432,1,5619,5619,40
1514,507,147,2,4932,9864,12
1515,507,52,2,4381,8762,22
1516,508,21,2,9405,18810,44
1517,508,306,2,427,854,20
1518,508,361,1,1521,1521,45
1519,508,369,1,2604,2604,22
1520,508,416,1,1795,1795,31
1521,509,53,1,493,493,47
1522,509,330,1,6169,6169,49
1523,509,277,2,1812,3624,21
1524,509,137,2,9792,19584,49
1525,510,54,2,5045,10090,36
1526,510,478,1,7111,7111,17
1527,510,473,2,444,888,29
1528,510,421,2,1837,3674,4
1529,511,266,1,1413,1413,7
1530,511,380,2,5037,10074,19
1531,511,483,1,5769,5769,28
1532,511,79,1,7778,7778,37
1533,511,227,1,3371,3371,37
1534,512,185,1,9725,9725,29
1535,512,125,1,4484,4484,21
1536,513,145,2,303,606,38
1537,513,94,1,8136,8136,46
1538,513,125,2,4484,8968,45
1539,513,60,2,8364,16728,30
1540,514,4,2,3526,7052,6
1541,515,311,1,1370,1370,1
1542,515,35,2,532,1064,24
1543,515,200,1,994,994,37
1544,516,280,1,598,598,16
1545,516,182,1,3502,3502,45
1546,516,243,1,3767,3767,28
1547,516,185,2,9725,19450,25
1548,517,392,1,1069,1069,45
1549,518,81,1,5434,5434,19
1550,519,435,1,1446,1446,14
1551,519,339,1,1062,1062,8
1552,519,222,2,8997,17994,7
1553,519,326,1,8014,8014,21
1554,519,268,2,8452,16904,42
1555,520,159,1,5798,5798,40
1556,521,419,1,6185,6185,38
1557,521,414,2,7849,15698,23
1558,522,300,1,3824,3824,26
1559,522,90,1,5742,5742,32
1560,522,102,2,7997,15994,9
1561,522,205,2,4349,8698,37
1562,522,492,2,2978,5956,26
1563,523,317,1,3598,3598,30
1564,523,335,2,3595,7190,12
1565,523,441,2,5608,11216,32
1566,524,324,2,9564,19128,48
1567,524,142,1,4451,4451,47
1568,524,325,1,4425,4425,33
1569,525,98,2,8801,17602,45
1570,525,29,2,8365,16730,14
1571,525,474,1,6848,6848,21
1572,526,185,1,9725,9725,49
1573,526,335,1,3595,3595,44
1574,526,375,2,9583,19166,14
1575,526,384,2,2886,5772,49
1576,527,461,2,9272,18544,9
1577,527,212,1,2125,2125,19
1578,528,279,2,8933,17866,15
1579,528,155,2,3414,6828,49
1580,529,163,1,1089,1089,6
1581,529,431,1,3477,3477,4
1582,529,245,1,6825,6825,12
1583,529,431,2,3477,6954,23
1584,529,232,2,4005,8010,31
1585,530,171,1,4878,4878,24
1586,530,379,1,288,288,35
1587,530,143,2,1092,2184,5
1588,531,60,1,8364,8364,28
1589,532,223,1,3994,3994,27
1590,532,167,1,7276,7276,3
1591,533,399,1,2348,2348,19
1592,533,361,1,1521,1521,48
1593,533,378,2,9971,19942,45
1594,534,495,1,7826,7826,26
1595,534,243,1,3767,3767,34
1596,534,253,2,4985,9970,1
1597,534,406,2,8666,17332,20
1598,534,448,1,2566,2566,13
1599,535,445,1,2069,2069,9
1600,535,456,1,8667,8667,20
1601,536,145,2,303,606,4
1602,536,59,2,3707,7414,46
1603,536,406,1,8666,8666,38
1604,537,166,1,1767,1767,29
1605,537,182,1,3502,3502,38
1606,537,265,2,445,890,10
1607,537,343,2,6618,13236,18
1608,537,241,2,6358,12716,38
1609,538,168,2,2126,4252,1
1610,538,449,1,1273,1273,39
1611,538,363,2,5692,11384,41
1612,538,289,2,6074,12148,40
1613,539,354,2,6624,13248,10
1614,539,357,2,1901,3802,4
1615,539,345,1,6080,6080,48
1616,539,487,2,1596,3192,6
1617,540,109,1,7744,7744,38
1618,541,146,1,7549,7549,19
1619,541,415,2,9335,18670,27
1620,541,4,1,3526,3526,24
1621,541,56,1,3520,3520,27
1622,541,176,1,6822,6822,28
1623,542,71,2,1979,3958,26
1624,542,414,1,7849,7849,7
1625,542,314,2,3186,6372,6
1626,542,439,1,8872,8872,45
1627,542,25,1,7208,7208,38
1628,543,439,2,8872,17744,25
1629,544,453,1,9440,9440,47
1630,545,441,2,5608,11216,10
1631,545,51,2,4970,9940,20
1632,545,494,1,7434,7434,49
1633,545,268,1,8452,8452,14
1634,546,75,1,5949,5949,6
1635,546,115,1,901,901,17
1636,546,370,1,2338,2338,36
1637,546,256,1,8015,8015,10
1638,546,82,2,9229,18458,7
1639,547,173,2,7111,14222,46
1640,547,92,1,9153,9153,8
1641,547,58,1,9175,9175,14
1642,548,8,1,552,552,35
1643,548,295,2,9489,18978,13
1644,548,439,2,8872,17744,5
1645,549,355,1,3972,3972,18
1646,549,421,1,1837,1837,33
1647,549,19,1,9031,9031,48
1648,549,279,1,8933,8933,4
1649,550,95,1,1920,1920,14
1650,550,28,2,3348,6696,0
1651,550,371,1,8364,8364,39
1652,551,117,2,6431,12862,35
1653,551,195,1,527,527,48
1654,551,410,1,1950,1950,48
1655,551,472,2,8141,16282,48
1656,551,332,1,9187,9187,40
1657,552,310,1,1023,1023,15
1658,552,202,2,1340,2680,23
1659,552,323,1,3539,3539,25
1660,552,481,1,6701,6701,22
1661,553,423,1,9274,9274,0
1662,553,152,1,8703,8703,22
1663,553,397,2,9923,19846,3
1664,553,350,2,2023,4046,37
1665,554,180,1,2762,2762,44
1666,555,258,2,6742,13484,44
1667,555,228,1,3377,3377,13
1668,555,142,2,4451,8902,21
1669,556,394,1,9264,9264,7
1670,557,445,1,2069,2069,46
1671,557,476,1,1509,1509,14
1672,557,294,1,2813,2813,16
1673,557,260,1,2313,2313,28
1674,558,274,2,514,1028,39
1675,558,481,2,6701,13402,46
1676,559,30,1,7952,7952,19
1677,559,405,2,7803,15606,37
1678,559,251,1,1127,1127,38
1679,560,23,2,5151,10302,34
1680,561,115,1,901,901,48
1681,561,358,2,876,1752,26
1682,562,468,2,1895,3790,29
1683,562,249,1,3076,3076,9
1684,562,31,1,6864,6864,27
1685,562,311,2,1370,2740,27
1686,562,284,1,1327,1327,17
1687,563,322,1,8465,8465,47
1688,563,360,2,7936,15872,46
1689,564,71,1,1979,1979,47
1690,564,312,1,1017,1017,6
1691,564,318,1,8576,8576,47
1692,564,279,1,8933,8933,26
1693,565,97,1,2581,2581,43
1694,565,3,1,810,810,36
1695,566,14,2,6673,13346,28
1696,566,238,2,2253,4506,21
1697,567,494,2,7434,14868,27
1698,567,499,2,7189,14378,47
1699,567,371,2,8364,16728,47
1700,567,79,1,7778,7778,12
1701,567,498,1,5376,5376,7
1702,568,30,2,7952,15904,9
1703,568,289,1,6074,6074,21
1704,568,16,1,6789,6789,27
1705,569,429,1,9556,9556,11
1706,569,216,1,6829,6829,14
1707,570,84,1,3374,3374,10
1708,570,394,1,9264,9264,46
1709,570,369,2,2604,5208,30
1710,570,233,2,7932,15864,8
1711,571,390,2,2081,4162,25
1712,571,141,1,5963,5963,10
1713,571,35,1,532,532,33
1714,571,342,2,808,1616,28
1715,572,256,2,8015,16030,9
1716,572,212,1,2125,2125,27
1717,572,335,2,3595,7190,37
1718,572,37,1,5974,5974,29
1719,572,303,1,6559,6559,37
1720,573,407,1,5041,5041,19
1721,573,58,1,9175,9175,46
1722,573,23,1,5151,5151,27
1723,574,101,2,8481,16962,15
1724,575,434,2,7634,15268,9
1725,575,337,2,3014,6028,24
1726,575,396,1,2758,2758,16
1727,575,90,2,5742,11484,29
1728,575,255,2,6915,13830,4
1729,576,34,1,4723,4723,21
1730,576,358,1,876,876,45
1731,576,326,1,8014,8014,27
1732,577,288,2,6709,13418,26
1733,578,177,2,5567,11134,3
1734,578,120,1,458,458,14
1735,579,274,2,514,1028,8
1736,579,274,1,514,514,41
1737,579,189,1,7671,7671,36
1738,579,320,1,4686,4686,14
1739,580,426,2,3669,7338,11
1740,580,240,2,826,1652,3
1741,580,408,2,1506,3012,39
1742,580,415,2,9335,18670,20
1743,580,35,1,532,532,15
1744,581,192,2,8710,17420,24
1745,582,451,1,6416,6416,49
1746,582,247,2,5807,11614,5
1747,582,142,1,4451,4451,44
1748,583,168,2,2126,4252,30
1749,583,36,1,3776,3776,40
1750,583,83,2,8065,16130,17
1751,583,280,2,598,1196,9
1752,584,396,1,2758,2758,26
1753,584,486,2,7644,15288,36
1754,584,4,2,3526,7052,29
1755,584,217,2,6416,12832,0
1756,584,436,2,9749,19498,32
1757,585,220,1,792,792,13
1758,585,177,2,5567,11134,39
1759,585,255,2,6915,13830,16
1760,585,81,1,5434,5434,21
1761,585,291,1,2599,2599,34
1762,586,207,1,1145,1145,39
1763,586,462,1,2010,2010,34
1764,587,191,1,600,600,38
1765,587,11,2,6295,12590,2
1766,588,269,1,8261,8261,32
1767,589,248,1,5140,5140,19
1768,589,169,2,1711,3422,23
1769,589,298,2,7494,14988,30
1770,589,60,2,8364,16728,39
1771,590,45,1,6000,6000,40
1772,591,48,1,7171,7171,21
1773,592,51,2,4970,9940,43
1774,592,462,2,2010,4020,32
1775,592,37,2,5974,11948,43
1776,592,378,2,9971,19942,22
1777,592,210,1,2955,2955,8
1778,593,380,1,5037,5037,38
1779,593,217,1,6416,6416,42
1780,593,193,2,2706,5412,5
1781,593,311,2,1370,2740,5
1782,593,294,2,2813,5626,16
1783,594,393,2,5614,11228,19
1784,594,490,2,2663,5326,37
1785,594,369,1,2604,2604,24
1786,594,152,2,8703,17406,39
1787,595,33,2,2531,5062,33
1788,595,281,1,8327,8327,14
1789,595,456,2,8667,17334,35
1790,595,237,1,3798,3798,40
1791,595,57,1,2705,2705,4
1792,596,35,2,532,1064,0
1793,596,54,2,5045,10090,34
1794,596,208,1,9063,9063,12
1795,596,315,2,5375,10750,14
1796,597,208,1,9063,9063,11
1797,597,165,2,2804,5608,30
1798,598,308,2,9878,19756,38
1799,598,264,2,2992,5984,43
1800,598,108,2,1845,3690,3
1801,598,22,2,2507,5014,29
1802,598,409,1,3636,3636,47
1803,599,310,1,1023,1023,45
1804,599,224,2,6082,12164,35
1805,600,376,1,7229,7229,13
1806,600,211,1,8936,8936,28
1807,601,19,1,9031,9031,9
1808,601,315,1,5375,5375,10
1809,602,274,2,514,1028,48
1810,602,446,2,9384,18768,37
1811,602,39,2,569,1138,42
1812,602,381,1,1186,1186,38
1813,603,482,2,4129,8258,26
1814,603,499,2,7189,14378,15
1815,604,456,1,8667,8667,5
1816,604,275,1,4126,4126,0
1817,604,82,1,9229,9229,43
1818,604,422,1,2063,2063,18
1819,604,146,1,7549,7549,7
1820,605,128,2,1065,2130,33
1821,605,324,2,9564,19128,42
1822,605,164,1,1863,1863,3
1823,605,463,2,8313,16626,37
1824,605,107,2,4996,9992,12
1825,606,203,2,8865,17730,45
1826,607,196,2,3348,6696,21
1827,607,101,1,8481,8481,41
1828,607,271,1,9332,9332,17
1829,607,40,1,8004,8004,8
1830,608,33,1,2531,2531,19
1831,608,477,2,4434,8868,0
1832,608,218,2,5588,11176,22
1833,608,299,2,6735,13470,39
1834,609,301,2,7201,14402,21
1835,609,55,2,2603,5206,42
1836,609,471,2,3454,6908,20
1837,609,127,2,803,1606,9
1838,609,92,2,9153,18306,3
1839,610,54,1,5045,5045,40
1840,610,46,1,2736,2736,22
1841,610,96,1,7924,7924,16
1842,611,3,1,810,810,27
1843,611,203,2,8865,17730,41
1844,611,178,2,885,1770,34
1845,612,305,1,6459,6459,41
1846,613,195,2,527,1054,46
1847,613,379,2,288,576,3
1848,613,81,2,5434,10868,4
1849,613,264,1,2992,2992,28
1850,613,349,1,9083,9083,41
1851,614,204,2,5332,10664,19
1852,614,374,2,1359,2718,15
1853,614,263,2,7027,14054,37
1854,615,141,1,5963,5963,37
1855,615,474,2,6848,13696,6
1856,615,359,1,134,134,29
1857,615,85,2,7726,15452,10
1858,615,153,1,6657,6657,21
1859,616,329,1,6394,6394,24
1860,616,184,1,2562,2562,20
1861,616,319,1,5440,5440,25
1862,616,5,2,1375,2750,30
1863,617,256,2,8015,16030,16
1864,617,43,2,2257,4514,30
1865,617,56,2,3520,7040,16
1866,617,296,1,4832,4832,45
1867,617,138,2,6011,12022,7
1868,618,392,1,1069,1069,37
1869,618,100,1,2808,2808,45
1870,618,154,1,2254,2254,45
1871,619,240,1,826,826,16
1872,619,89,1,1967,1967,38
1873,619,423,1,9274,9274,19
1874,620,209,2,8256,16512,31
1875,621,306,2,427,854,38
1876,621,151,2,9774,19548,1
1877,621,194,2,8080,16160,48
1878,622,436,1,9749,9749,2
1879,622,253,2,4985,9970,19
1880,623,263,1,7027,7027,5
1881,624,445,1,2069,2069,40
1882,624,446,1,9384,9384,42
1883,625,443,1,1814,1814,6
1884,625,72,2,4731,9462,45
1885,625,288,1,6709,6709,31
1886,625,217,1,6416,6416,36
1887,625,499,2,7189,14378,31
1888,626,143,2,1092,2184,7
1889,626,361,1,1521,1521,27
1890,626,495,2,7826,15652,3
1891,626,33,1,2531,2531,30
1892,626,257,1,1515,1515,26
1893,627,394,1,9264,9264,11
1894,627,406,2,8666,17332,19
1895,628,208,2,9063,18126,49
1896,628,291,1,2599,2599,23
1897,628,143,1,1092,1092,28
1898,628,55,1,2603,2603,23
1899,629,14,2,6673,13346,1
1900,629,222,2,8997,17994,21
1901,629,360,2,7936,15872,29
1902,629,121,2,9357,18714,24
1903,630,377,1,3078,3078,37
1904,630,274,1,514,514,40
1905,630,443,2,1814,3628,15
1906,630,431,1,3477,3477,17
1907,630,323,2,3539,7078,16
1908,631,377,2,3078,6156,14
1909,631,26,2,4719,9438,47
1910,631,338,2,8558,17116,19
1911,632,303,2,6559,13118,6
1912,632,478,1,7111,7111,40
1913,632,63,1,226,226,41
1914,632,201,1,1906,1906,37
1915,632,296,2,4832,9664,10
1916,633,162,1,7997,7997,31
1917,633,475,2,2596,5192,34
1918,634,341,2,1233,2466,6
1919,634,322,1,8465,8465,15
1920,635,98,1,8801,8801,28
1921,636,231,2,6242,12484,0
1922,636,348,1,9864,9864,40
1923,636,414,2,7849,15698,28
1924,636,317,1,3598,3598,34
1925,637,376,1,7229,7229,31
1926,637,275,2,4126,8252,7
1927,637,460,1,8795,8795,12
1928,637,86,2,3922,7844,31
1929,638,232,1,4005,4005,17
1930,638,279,2,8933,17866,39
1931,638,296,2,4832,9664,19
1932,638,438,2,9722,19444,13
1933,638,158,2,3155,6310,16
1934,639,154,1,2254,2254,24
1935,639,97,1,2581,2581,31
1936,639,488,2,5080,10160,43
1937,640,373,1,5255,5255,13
1938,640,6,2,9079,18158,22
1939,640,185,1,9725,9725,25
1940,640,378,2,9971,19942,22
1941,641,387,1,9763,9763,6
1942,641,369,1,2604,2604,47
1943,641,410,1,1950,1950,21
1944,641,101,1,8481,8481,9
1945,641,75,2,5949,11898,47
1946,642,499,2,7189,14378,32
1947,643,336,1,2077,2077,17
1948,643,79,1,7778,7778,2
1949,643,471,2,3454,6908,9
1950,643,398,1,6975,6975,35
1951,643,357,1,1901,1901,36
1952,644,250,2,4301,8602,45
1953,644,3,2,810,1620,46
1954,644,284,1,1327,1327,24
1955,645,102,2,7997,15994,49
1956,645,421,2,1837,3674,22
1957,645,262,2,7591,15182,18
1958,646,308,1,9878,9878,2
1959,646,497,2,6071,12142,18
1960,647,257,2,1515,3030,2
1961,647,37,1,5974,5974,15
1962,647,458,2,7231,14462,1
1963,647,56,1,3520,3520,38
1964,647,74,2,4264,8528,46
1965,648,323,1,3539,3539,35
1966,648,27,1,4304,4304,33
1967,648,486,2,7644,15288,4
1968,648,357,2,1901,3802,32
1969,648,93,2,8858,17716,29
1970,649,241,1,6358,6358,47
1971,649,204,1,5332,5332,1
1972,649,488,1,5080,5080,7
1973,649,191,2,600,1200,47
1974,650,192,1,8710,8710,47
1975,650,78,1,9614,9614,4
1976,651,210,2,2955,5910,46
1977,652,226,2,6844,13688,2
1978,652,321,1,7163,7163,28
1979,652,493,2,674,1348,12
1980,652,440,2,632,1264,42
1981,652,243,1,3767,3767,48
1982,653,47,2,6006,12012,44
1983,653,410,1,1950,1950,37
1984,653,141,1,5963,5963,27
1985,653,306,2,427,854,48
1986,654,357,2,1901,3802,38
1987,655,38,2,7964,15928,26
1988,656,341,2,1233,2466,7
1989,657,34,1,4723,4723,15
1990,657,439,2,8872,17744,6
1991,657,283,2,9977,19954,16
1992,658,236,2,5507,11014,10
1993,658,79,1,7778,7778,19
1994,658,384,1,2886,2886,26
1995,659,57,1,2705,2705,13
1996,659,233,2,7932,15864,19
1997,659,129,2,6421,12842,6
1998,660,244,2,9563,19126,40
1999,660,126,1,511,511,8
2000,660,30,2,7952,15904,0
2001,660,87,2,5931,11862,13
2002,661,129,2,6421,12842,22
2003,661,39,1,569,569,10
2004,661,318,1,8576,8576,41
2005,662,91,2,2426,4852,6
2006,662,445,1,2069,2069,31
2007,662,132,1,4597,4597,20
2008,662,480,1,802,802,33
2009,663,354,2,6624,13248,42
2010,663,49,2,4975,9950,1
2011,663,130,2,8697,17394,16
2012,663,331,1,8327,8327,1
2013,663,233,2,7932,15864,0
2014,664,223,1,3994,3994,47
2015,664,446,1,9384,9384,41
2016,665,366,1,3411,3411,8
2017,665,43,2,2257,4514,3
2018,665,92,1,9153,9153,4
2019,665,220,2,792,1584,20
2020,665,367,2,7596,15192,34
2021,666,5,1,1375,1375,2
2022,666,155,2,3414,6828,33
2023,667,49,1,4975,4975,23
2024,667,469,1,7584,7584,3
2025,668,253,1,4985,4985,49
2026,668,311,1,1370,1370,0
2027,668,154,2,2254,4508,47
2028,668,366,1,3411,3411,11
2029,669,186,1,301,301,47
2030,669,462,2,2010,4020,12
2031,669,58,1,9175,9175,42
2032,670,230,1,1378,1378,35
2033,670,162,2,7997,15994,9
2034,671,461,2,9272,18544,29
2035,671,450,2,2223,4446,46
2036,671,84,1,3374,3374,11
2037,672,203,1,8865,8865,18
2038,673,499,2,7189,14378,23
2039,673,412,2,2577,5154,14
2040,673,312,1,1017,1017,27
2041,673,360,1,7936,7936,16
2042,673,140,2,7936,15872,10
2043,674,91,1,2426,2426,31
2044,674,150,1,179,179,33
2045,675,439,2,8872,17744,20
2046,675,424,1,8160,8160,20
2047,675,458,1,7231,7231,43
2048,675,383,1,3997,3997,27
2049,675,142,2,4451,8902,24
2050,676,120,1,458,458,27
2051,676,404,2,5532,11064,24
2052,676,464,2,626,1252,19
2053,676,240,1,826,826,48
2054,676,354,1,6624,6624,33
2055,677,39,1,569,569,9
2056,677,156,2,1080,2160,44
2057,678,464,1,626,626,48
2058,678,423,2,9274,18548,36
2059,678,414,2,7849,15698,3
2060,678,278,2,4446,8892,44
2061,679,340,2,6534,13068,31
2062,680,433,2,1018,2036,14
2063,680,355,1,3972,3972,3
2064,681,484,1,966,966,42
2065,681,472,2,8141,16282,3
2066,681,403,1,5297,5297,36
2067,682,443,1,1814,1814,3
2068,683,34,1,4723,4723,42
2069,683,403,1,5297,5297,12
2070,683,338,2,8558,17116,33
2071,684,4,1,3526,3526,5
2072,684,64,1,3594,3594,2
2073,685,233,1,7932,7932,39
2074,685,52,2,4381,8762,46
2075,685,325,1,4425,4425,30
2076,685,159,2,5798,11596,40
2077,686,424,1,8160,8160,36
2078,686,209,2,8256,16512,4
2079,686,180,2,2762,5524,45
2080,686,313,2,2105,4210,0
2081,687,430,2,8207,16414,22
2082,687,322,1,8465,8465,7
2083,687,1,2,7383,14766,37
2084,687,217,2,6416,12832,17
2085,688,60,1,8364,8364,39
2086,689,465,1,1200,1200,22
2087,689,11,2,6295,12590,22
2088,690,243,1,3767,3767,17
2089,690,410,2,1950,3900,34
2090,691,483,1,5769,5769,7
2091,691,310,2,1023,2046,15
2092,691,103,2,3003,6006,20
2093,692,275,1,4126,4126,20
2094,692,9,2,7261,14522,39
2095,692,167,2,7276,14552,39
2096,692,153,1,6657,6657,5
2097,693,279,2,8933,17866,9
2098,693,487,1,1596,1596,13
2099,693,360,2,7936,15872,34
2100,693,97,2,2581,5162,20
2101,694,215,2,1100,2200,44
2102,695,326,1,8014,8014,44
2103,695,206,1,6328,6328,36
2104,695,386,1,7081,7081,29
2105,695,30,1,7952,7952,18
2106,695,324,1,9564,9564,3
2107,696,54,2,5045,10090,11
2108,696,425,1,6302,6302,17
2109,697,164,2,1863,3726,28
2110,697,40,2,8004,16008,29
2111,697,211,1,8936,8936,39
2112,697,82,1,9229,9229,43
2113,698,410,2,1950,3900,0
2114,698,273,1,9304,9304,18
2115,698,235,1,931,931,21
2116,698,7,2,4344,8688,30
2117,699,386,2,7081,14162,6
2118,699,363,1,5692,5692,17
2119,699,266,2,1413,2826,3
2120,699,14,2,6673,13346,32
2121,700,155,1,3414,3414,34
2122,701,100,1,2808,2808,1
2123,701,332,1,9187,9187,30
2124,701,214,2,9847,19694,12
2125,701,138,2,6011,12022,15
2126,701,413,2,7682,15364,26
2127,702,388,1,2920,2920,9
2128,702,139,1,6678,6678,1
2129,703,401,1,2493,2493,33
2130,703,39,2,569,1138,6
2131,703,15,2,8230,16460,46
2132,703,434,2,7634,15268,12
2133,704,37,1,5974,5974,22
2134,704,448,2,2566,5132,15
2135,704,224,1,6082,6082,1
2136,704,316,2,2025,4050,32
2137,704,350,1,2023,2023,45
2138,705,66,2,3514,7028,41
2139,705,264,2,2992,5984,43
2140,705,9,2,7261,14522,19
2141,705,65,2,1575,3150,9
2142,706,234,2,3036,6072,38
2143,706,125,2,4484,8968,42
2144,706,71,1,1979,1979,3
2145,706,375,1,9583,9583,26
2146,707,86,2,3922,7844,20
2147,707,436,2,9749,19498,18
2148,707,298,2,7494,14988,9
2149,707,438,1,9722,9722,46
2150,708,421,1,1837,1837,35
2151,708,241,2,6358,12716,22
2152,708,32,2,9159,18318,36
2153,709,208,2,9063,18126,20
2154,709,218,1,5588,5588,21
2155,710,313,1,2105,2105,23
2156,710,351,1,8394,8394,34
2157,710,374,1,1359,1359,3
2158,710,160,1,4753,4753,49
2159,711,299,2,6735,13470,47
2160,711,191,2,600,1200,23
2161,711,304,1,5702,5702,17
2162,712,455,1,6367,6367,39
2163,712,221,1,3953,3953,35
2164,712,317,1,3598,3598,12
2165,712,382,1,1765,1765,24
2166,712,165,2,2804,5608,32
2167,713,207,2,1145,2290,44
2168,714,379,1,288,288,21
2169,714,198,2,2082,4164,9
2170,714,134,1,433,433,10
2171,715,29,2,8365,16730,32
2172,716,500,1,8459,8459,17
2173,716,197,2,1979,3958,44
2174,717,493,1,674,674,37
2175,717,225,1,6279,6279,36
2176,717,259,2,4256,8512,8
2177,717,200,1,994,994,17
2178,718,276,1,5653,5653,41
2179,718,346,1,8830,8830,38
2180,718,64,2,3594,7188,19
2181,718,101,1,8481,8481,28
2182,718,398,1,6975,6975,46
2183,719,359,2,134,268,17
2184,719,388,2,2920,5840,16
2185,719,363,1,5692,5692,22
2186,719,43,1,2257,2257,3
2187,720,362,1,9032,9032,14
2188,720,132,1,4597,4597,4
2189,720,84,2,3374,6748,1
2190,720,406,2,8666,17332,26
2191,720,141,1,5963,5963,40
2192,721,493,1,674,674,17
2193,721,132,1,4597,4597,29
2194,722,375,2,9583,19166,22
2195,722,164,2,1863,3726,35
2196,722,34,2,4723,9446,42
2197,722,145,1,303,303,11
2198,722,38,1,7964,7964,40
2199,723,51,1,4970,4970,31
2200,723,165,2,2804,5608,21
2201,723,461,2,9272,18544,38
2202,724,127,1,803,803,33
2203,724,292,1,9437,9437,15
2204,724,52,2,4381,8762,18
2205,724,461,2,9272,18544,33
2206,725,380,2,5037,10074,44
2207,725,190,2,9154,18308,19
2208,726,330,1,6169,6169,34
2209,726,134,1,433,433,40
2210,726,143,1,1092,1092,38
2211,726,332,1,9187,9187,32
2212,726,350,1,2023,2023,7
2213,727,28,2,3348,6696,30
2214,728,96,1,7924,7924,40
2215,728,253,1,4985,4985,5
2216,728,484,2,966,1932,22
2217,728,114,2,8116,16232,19
2218,728,201,2,1906,3812,42
2219,729,335,2,3595,7190,33
2220,729,429,1,9556,9556,25
2221,730,17,2,3755,7510,8
2222,730,59,2,3707,7414,18
2223,730,279,2,8933,17866,28
2224,730,78,2,9614,19228,28
2225,730,208,1,9063,9063,44
2226,731,131,2,6426,12852,20
2227,731,149,2,6253,12506,48
2228,731,287,2,5220,10440,20
2229,732,425,1,6302,6302,27
2230,733,83,2,8065,16130,24
2231,734,250,1,4301,4301,6
2232,734,480,1,802,802,24
2233,735,89,1,1967,1967,38
2234,735,379,2,288,576,16
2235,735,264,2,2992,5984,23
2236,735,184,1,2562,2562,38
2237,735,42,2,3798,7596,3
2238,736,171,2,4878,9756,44
2239,736,4,1,3526,3526,12
2240,737,50,2,7706,15412,11
2241,737,465,2,1200,2400,42
2242,737,441,1,5608,5608,39
2243,738,289,1,6074,6074,36
2244,738,394,2,9264,18528,21
2245,738,487,2,1596,3192,34
2246,738,37,2,5974,11948,29
2247,738,117,1,6431,6431,45
2248,739,458,2,7231,14462,26
2249,739,445,1,2069,2069,22
2250,740,295,2,9489,18978,44
2251,740,444,1,9635,9635,6
2252,740,99,2,7480,14960,48
2253,740,312,1,1017,1017,42
2254,741,373,2,5255,10510,29
2255,741,44,1,7604,7604,6
2256,742,369,1,2604,2604,46
2257,743,460,2,8795,17590,39
2258,743,317,1,3598,3598,2
2259,743,313,2,2105,4210,17
2260,744,427,2,7939,15878,28
2261,744,353,1,8490,8490,28
2262,744,124,2,4127,8254,6
2263,744,150,2,179,358,24
2264,745,370,2,2338,4676,36
2265,746,493,2,674,1348,25
2266,746,271,1,9332,9332,46
2267,747,78,2,9614,19228,23
2268,747,216,1,6829,6829,10
2269,747,67,1,1386,1386,36
2270,747,238,1,2253,2253,41
2271,747,124,2,4127,8254,12
2272,748,228,1,3377,3377,19
2273,748,63,2,226,452,9
2274,748,475,1,2596,2596,13
2275,748,98,1,8801,8801,48
2276,749,419,2,6185,12370,1
2277,749,452,2,200,400,24
2278,749,347,1,4055,4055,5
2279,750,433,2,1018,2036,46
2280,750,293,2,3156,6312,16
2281,750,216,1,6829,6829,27
2282,750,446,1,9384,9384,39
2283,751,286,2,1335,2670,43
2284,751,239,2,2008,4016,0
2285,751,330,1,6169,6169,28
2286,751,127,1,803,803,23
2287,752,170,1,5243,5243,10
2288,752,426,1,3669,3669,2
2289,753,462,2,2010,4020,42
2290,753,349,2,9083,18166,13
2291,753,273,2,9304,18608,1
2292,753,91,1,2426,2426,4
2293,754,374,1,1359,1359,30
2294,754,143,1,1092,1092,16
2295,754,110,1,166,166,3
2296,755,415,2,9335,18670,29
2297,756,195,1,527,527,7
2298,756,311,2,1370,2740,33
2299,757,135,2,2784,5568,18
2300,757,424,1,8160,8160,35
2301,757,226,2,6844,13688,8
2302,757,150,1,179,179,26
2303,757,345,1,6080,6080,29
2304,758,179,2,7886,15772,29
2305,758,474,2,6848,13696,9
2306,758,71,1,1979,1979,11
2307,758,436,2,9749,19498,45
2308,759,471,1,3454,3454,28
2309,760,32,2,9159,18318,42
2310,760,6,2,9079,18158,46
2311,760,9,2,7261,14522,12
2312,761,489,2,4052,8104,34
2313,761,314,1,3186,3186,32
2314,761,8,1,552,552,36
2315,761,252,2,2663,5326,4
2316,761,138,1,6011,6011,43
2317,762,375,2,9583,19166,31
2318,762,149,2,6253,12506,41
2319,762,471,2,3454,6908,26
2320,763,227,1,3371,3371,16
2321,763,47,2,6006,12012,16
2322,763,324,2,9564,19128,31
2323,763,73,2,4792,9584,15
2324,764,81,2,5434,10868,20
2325,764,210,1,2955,2955,10
2326,765,27,1,4304,4304,18
2327,765,129,2,6421,12842,37
2328,766,477,2,4434,8868,33
2329,766,30,1,7952,7952,23
2330,766,245,2,6825,13650,46
2331,766,329,1,6394,6394,32
2332,766,12,1,2033,2033,36
2333,767,379,1,288,288,5
2334,767,82,2,9229,18458,32
2335,768,13,2,2609,5218,12
2336,768,322,1,8465,8465,22
2337,768,414,2,7849,15698,48
2338,769,65,2,1575,3150,9
2339,770,67,1,1386,1386,2
2340,770,218,2,5588,11176,40
2341,770,45,1,6000,6000,18
2342,771,304,1,5702,5702,29
2343,772,188,1,1340,1340,11
2344,772,311,2,1370,2740,14
2345,773,126,1,511,511,16
2346,773,305,2,6459,12918,17
2347,773,447,2,2645,5290,0
2348,773,408,1,1506,1506,38
2349,773,375,2,9583,19166,17
2350,774,36,2,3776,7552,39
2351,774,50,1,7706,7706,1
2352,774,469,2,7584,15168,23
2353,774,451,2,6416,12832,10
2354,775,447,2,2645,5290,1
2355,775,361,2,1521,3042,37
2356,775,83,1,8065,8065,38
2357,776,59,2,3707,7414,20
2358,776,108,2,1845,3690,7
2359,776,269,1,8261,8261,19
2360,776,379,2,288,576,10
2361,777,222,2,8997,17994,18
2362,777,92,2,9153,18306,10
2363,777,358,2,876,1752,28
2364,777,294,2,2813,5626,15
2365,777,9,1,7261,7261,37
2366,778,487,1,1596,1596,27
2367,778,123,2,5979,11958,5
2368,779,407,2,5041,10082,40
2369,780,373,2,5255,10510,3
2370,781,446,1,9384,9384,47
2371,781,166,2,1767,3534,17
2372,782,223,1,3994,3994,27
2373,782,283,2,9977,19954,30
2374,782,329,1,6394,6394,40
2375,782,310,2,1023,2046,46
2376,783,262,1,7591,7591,49
2377,783,124,2,4127,8254,15
2378,784,499,1,7189,7189,17
2379,784,281,1,8327,8327,20
2380,784,66,2,3514,7028,7
2381,785,427,2,7939,15878,48
2382,786,85,1,7726,7726,17
2383,786,254,1,8080,8080,49
2384,786,2,2,1005,2010,12
2385,787,484,2,966,1932,7
2386,787,23,2,5151,10302,12
2387,787,121,1,9357,9357,9
2388,788,479,1,4003,4003,0
2389,788,180,2,2762,5524,22
2390,788,272,1,9771,9771,37
2391,789,408,2,1506,3012,19
2392,789,223,2,3994,7988,5
2393,789,164,2,1863,3726,27
2394,789,83,2,8065,16130,10
2395,789,143,2,1092,2184,38
2396,790,384,1,2886,2886,42
2397,790,208,1,9063,9063,14
2398,790,87,1,5931,5931,32
2399,791,317,2,3598,7196,34
2400,791,105,2,2035,4070,37
2401,791,262,1,7591,7591,43
2402,791,323,1,3539,3539,15
2403,792,445,1,2069,2069,11
2404,793,405,1,7803,7803,36
2405,793,36,2,3776,7552,31
2406,793,469,1,7584,7584,11
2407,793,171,1,4878,4878,11
2408,793,63,1,226,226,19
2409,794,180,1,2762,2762,1
2410,794,411,2,683,1366,17
2411,794,213,1,1327,1327,46
2412,794,432,2,5619,11238,39
2413,795,395,1,4317,4317,0
2414,795,213,1,1327,1327,39
2415,795,3,2,810,1620,8
2416,795,180,2,2762,5524,44
2417,795,70,2,5334,10668,12
2418,796,88,2,1892,3784,9
2419,796,368,1,2023,2023,40
2420,797,276,2,5653,11306,2
2421,797,455,1,6367,6367,21
2422,797,242,1,959,959,15
2423,798,56,1,3520,3520,24
2424,798,24,1,1400,1400,48
2425,798,415,1,9335,9335,41
2426,798,201,1,1906,1906,3
2427,799,106,1,3151,3151,34
2428,799,156,2,1080,2160,3
2429,799,154,1,2254,2254,31
2430,799,389,2,8169,16338,15
2431,799,43,1,2257,2257,44
2432,800,133,2,4827,9654,35
2433,800,10,2,7504,15008,20
2434,800,488,1,5080,5080,8
2435,800,242,2,959,1918,10
2436,801,65,2,1575,3150,31
2437,801,57,1,2705,2705,45
2438,801,344,1,7129,7129,13
2439,802,280,2,598,1196,49
2440,802,486,1,7644,7644,18
2441,802,90,2,5742,11484,24
2442,803,433,2,1018,2036,36
2443,803,347,2,4055,8110,10
2444,804,410,2,1950,3900,0
2445,804,216,1,6829,6829,4
2446,804,74,1,4264,4264,42
2447,805,427,2,7939,15878,48
2448,805,320,1,4686,4686,40
2449,805,292,1,9437,9437,44
2450,805,236,1,5507,5507,16
2451,805,241,2,6358,12716,16
2452,806,113,2,8499,16998,22
2453,806,411,1,683,683,18
2454,807,212,2,2125,4250,19
2455,808,294,2,2813,5626,44
2456,809,300,1,3824,3824,36
2457,809,144,2,952,1904,12
2458,809,289,2,6074,12148,29
2459,809,180,1,2762,2762,33
2460,810,320,2,4686,9372,4
2461,810,430,2,8207,16414,48
2462,810,33,2,2531,5062,8
2463,810,214,2,9847,19694,45
2464,811,388,1,2920,2920,39
2465,812,367,1,7596,7596,30
2466,813,372,2,1416,2832,42
2467,813,143,1,1092,1092,31
2468,813,166,2,1767,3534,21
2469,813,323,1,3539,3539,21
2470,814,156,1,1080,1080,13
2471,815,131,2,6426,12852,4
2472,815,287,1,5220,5220,35
2473,815,57,1,2705,2705,32
2474,816,498,1,5376,5376,13
2475,816,492,1,2978,2978,39
2476,817,451,1,6416,6416,39
2477,817,314,2,3186,6372,26
2478,817,312,1,1017,1017,28
2479,817,365,2,2532,5064,31
2480,817,6,1,9079,9079,40
2481,818,11,1,6295,6295,10
2482,818,192,2,8710,17420,2
2483,818,299,2,6735,13470,28
2484,818,394,2,9264,18528,15
2485,819,220,1,792,792,28
2486,819,259,2,4256,8512,37
2487,819,61,1,6585,6585,37
2488,820,206,1,6328,6328,2
2489,820,108,1,1845,1845,0
2490,820,205,1,4349,4349,39
2491,820,334,1,7855,7855,46
2492,821,51,1,4970,4970,20
2493,821,66,1,3514,3514,6
2494,821,210,2,2955,5910,38
2495,821,7,1,4344,4344,18
2496,822,447,1,2645,2645,14
2497,822,208,2,9063,18126,45
2498,822,226,2,6844,13688,39
2499,822,371,2,8364,16728,24
2500,822,101,2,8481,16962,34
2501,823,190,2,9154,18308,21
2502,824,335,2,3595,7190,20
2503,825,498,1,5376,5376,7
2504,825,339,1,1062,1062,12
2505,825,66,2,3514,7028,33
2506,825,264,2,2992,5984,26
2507,825,72,2,4731,9462,33
2508,826,500,2,8459,16918,18
2509,826,385,1,3416,3416,32
2510,826,155,2,3414,6828,36
2511,826,418,2,8496,16992,19
2512,826,474,1,6848,6848,2
2513,827,484,1,966,966,40
2514,827,321,2,7163,14326,32
2515,827,95,1,1920,1920,8
2516,827,497,2,6071,12142,14
2517,828,128,2,1065,2130,26
2518,828,370,2,2338,4676,5
2519,828,135,2,2784,5568,34
2520,828,97,2,2581,5162,24
2521,828,196,1,3348,3348,20
2522,829,223,2,3994,7988,16
2523,829,176,1,6822,6822,28
2524,829,440,2,632,1264,0
2525,829,482,2,4129,8258,32
2526,829,289,2,6074,12148,2
2527,830,122,2,8570,17140,43
2528,830,373,2,5255,10510,27
2529,830,308,2,9878,19756,45
2530,830,270,1,5974,5974,19
2531,831,481,2,6701,13402,1
2532,831,325,2,4425,8850,6
2533,831,487,1,1596,1596,38
2534,831,186,2,301,602,38
2535,832,492,2,2978,5956,24
2536,832,278,1,4446,4446,19
2537,833,272,2,9771,19542,30
2538,834,215,1,1100,1100,10
2539,834,254,2,8080,16160,34
2540,834,194,2,8080,16160,19
2541,834,215,1,1100,1100,2
2542,834,483,1,5769,5769,31
2543,835,500,1,8459,8459,1
2544,835,374,1,1359,1359,12
2545,835,266,1,1413,1413,13
2546,836,467,1,989,989,44
2547,836,267,1,9802,9802,10
2548,836,193,2,2706,5412,11
2549,836,437,1,8765,8765,34
2550,836,346,2,8830,17660,21
2551,837,78,1,9614,9614,39
2552,837,368,1,2023,2023,11
2553,837,364,1,5032,5032,26
2554,837,277,1,1812,1812,41
2555,838,234,1,3036,3036,35
2556,839,333,2,4948,9896,41
2557,839,364,2,5032,10064,40
2558,839,298,1,7494,7494,3
2559,839,357,1,1901,1901,20
2560,840,4,2,3526,7052,30
2561,840,124,1,4127,4127,15
2562,840,158,1,3155,3155,30
2563,841,273,2,9304,18608,8
2564,841,352,1,8327,8327,11
2565,842,278,1,4446,4446,7
2566,842,314,2,3186,6372,44
2567,843,358,2,876,1752,40
2568,843,139,2,6678,13356,20
2569,843,51,1,4970,4970,38
2570,844,20,2,7740,15480,32
2571,844,41,2,4365,8730,29
2572,844,412,1,2577,2577,36
2573,845,483,1,5769,5769,14
2574,845,318,2,8576,17152,19
2575,845,298,2,7494,14988,2
2576,845,241,1,6358,6358,32
2577,845,253,1,4985,4985,36
2578,846,47,1,6006,6006,8
2579,846,334,1,7855,7855,8
2580,846,302,1,1386,1386,42
2581,846,482,1,4129,4129,15
2582,847,399,1,2348,2348,47
2583,848,390,2,2081,4162,11
2584,848,46,2,2736,5472,33
2585,849,451,2,6416,12832,42
2586,850,188,2,1340,2680,18
2587,850,323,2,3539,7078,28
2588,850,423,1,9274,9274,49
2589,850,137,2,9792,19584,41
2590,850,295,2,9489,18978,10
2591,851,100,2,2808,5616,29
2592,851,262,1,7591,7591,6
2593,851,159,1,5798,5798,2
2594,851,203,2,8865,17730,19
2595,851,437,1,8765,8765,10
2596,852,351,2,8394,16788,26
2597,852,443,1,1814,1814,32
2598,853,315,1,5375,5375,19
2599,853,39,2,569,1138,32
2600,853,345,1,6080,6080,15
2601,853,317,2,3598,7196,0
2602,853,36,1,3776,3776,3
2603,854,411,2,683,1366,42
2604,854,70,2,5334,10668,35
2605,855,61,2,6585,13170,41
2606,855,207,2,1145,2290,39
2607,856,250,1,4301,4301,11
2608,856,87,1,5931,5931,20
2609,856,20,1,7740,7740,4
2610,857,397,1,9923,9923,16
2611,858,143,2,1092,2184,46
2612,858,67,2,1386,2772,19
2613,858,321,1,7163,7163,25
2614,858,28,1,3348,3348,25
2615,858,475,2,2596,5192,16
2616,859,155,1,3414,3414,9
2617,859,67,1,1386,1386,23
2618,860,243,2,3767,7534,32
2619,860,461,1,9272,9272,36
2620,861,56,2,3520,7040,22
2621,861,205,1,4349,4349,29
2622,861,419,1,6185,6185,13
2623,861,296,1,4832,4832,8
2624,862,444,1,9635,9635,37
2625,863,373,2,5255,10510,15
2626,864,412,1,2577,2577,17
2627,864,409,2,3636,7272,44
2628,864,401,1,2493,2493,21
2629,864,420,1,2612,2612,7
2630,865,368,2,2023,4046,21
2631,865,85,2,7726,15452,9
2632,866,285,2,6960,13920,12
2633,866,423,1,9274,9274,13
2634,866,429,2,9556,19112,35
2635,866,446,1,9384,9384,49
2636,867,138,2,6011,12022,47
2637,867,201,1,1906,1906,38
2638,868,124,2,4127,8254,26
2639,868,326,1,8014,8014,28
2640,868,70,1,5334,5334,36
2641,868,55,1,2603,2603,8
2642,869,129,2,6421,12842,14
2643,869,381,2,1186,2372,15
2644,869,122,1,8570,8570,2
2645,870,250,2,4301,8602,9
2646,870,294,2,2813,5626,9
2647,870,75,1,5949,5949,10
2648,870,120,2,458,916,37
2649,870,50,1,7706,7706,15
2650,871,117,2,6431,12862,39
2651,871,352,1,8327,8327,33
2652,871,11,2,6295,12590,17
2653,872,72,1,4731,4731,25
2654,873,332,2,9187,18374,41
2655,873,454,1,412,412,23
2656,874,206,1,6328,6328,26
2657,874,166,2,1767,3534,43
2658,875,399,2,2348,4696,45
2659,875,355,1,3972,3972,21
2660,876,365,1,2532,2532,5
2661,876,153,2,6657,13314,3
2662,876,90,2,5742,11484,43
2663,877,187,1,7902,7902,28
2664,878,233,2,7932,15864,22
2665,878,455,2,6367,12734,18
2666,878,460,1,8795,8795,3
2667,878,17,2,3755,7510,37
2668,879,247,2,5807,11614,29
2669,879,376,1,7229,7229,15
2670,879,112,2,1365,2730,3
2671,879,377,2,3078,6156,24
2672,880,115,1,901,901,49
2673,881,393,2,5614,11228,0
2674,881,489,1,4052,4052,23
2675,881,493,2,674,1348,10
2676,881,330,2,6169,12338,28
2677,882,375,2,9583,19166,19
2678,882,100,1,2808,2808,46
2679,882,158,1,3155,3155,32
2680,883,80,2,9998,19996,10
2681,883,379,1,288,288,8
2682,883,221,1,3953,3953,38
2683,883,383,1,3997,3997,13
2684,883,134,1,433,433,3
2685,884,233,1,7932,7932,41
2686,884,29,1,8365,8365,36
2687,884,144,2,952,1904,48
2688,884,305,2,6459,12918,36
2689,884,298,2,7494,14988,23
2690,885,101,1,8481,8481,2
2691,886,318,1,8576,8576,8
2692,886,129,2,6421,12842,7
2693,887,81,2,5434,10868,7
2694,887,450,1,2223,2223,3
2695,888,165,2,2804,5608,3
2696,888,32,1,9159,9159,35
2697,888,83,1,8065,8065,43
2698,888,161,2,8668,17336,31
2699,889,338,2,8558,17116,24
2700,889,447,1,2645,2645,4
2701,889,433,1,1018,1018,45
2702,890,354,2,6624,13248,43
2703,891,221,1,3953,3953,7
2704,892,147,2,4932,9864,19
2705,893,220,2,792,1584,21
2706,893,88,2,1892,3784,11
2707,893,48,1,7171,7171,12
2708,894,254,1,8080,8080,28
2709,894,413,2,7682,15364,26
2710,894,395,2,4317,8634,40
2711,894,20,2,7740,15480,18
2712,895,145,2,303,606,30
2713,895,456,2,8667,17334,23
2714,895,404,2,5532,11064,43
2715,895,452,1,200,200,27
2716,896,127,2,803,1606,15
2717,896,76,1,1796,1796,49
2718,896,135,2,2784,5568,28
2719,896,466,2,4450,8900,40
2720,897,80,1,9998,9998,20
2721,897,440,2,632,1264,14
2722,897,347,1,4055,4055,31
2723,897,148,2,5057,10114,13
2724,897,486,2,7644,15288,19
2725,898,126,2,511,1022,32
2726,899,30,2,7952,15904,40
2727,899,290,1,8108,8108,17
2728,900,440,1,632,632,45
2729,900,256,2,8015,16030,21
2730,900,429,2,9556,19112,46
2731,900,5,2,1375,2750,49
2732,901,189,2,7671,15342,28
2733,901,475,1,2596,2596,5
2734,901,34,2,4723,9446,11
2735,902,167,2,7276,14552,29
2736,902,262,2,7591,15182,32
2737,903,20,2,7740,15480,37
2738,903,247,1,5807,5807,17
2739,903,463,1,8313,8313,43
2740,903,130,1,8697,8697,46
2741,904,353,2,8490,16980,24
2742,904,154,2,2254,4508,17
2743,904,364,2,5032,10064,22
2744,904,175,1,8190,8190,36
2745,905,370,1,2338,2338,3
2746,906,235,2,931,1862,38
2747,906,217,1,6416,6416,48
2748,906,81,2,5434,10868,12
2749,906,446,2,9384,18768,38
2750,906,353,1,8490,8490,26
2751,907,62,1,7260,7260,20
2752,907,101,1,8481,8481,12
2753,907,323,2,3539,7078,38
2754,908,279,2,8933,17866,3
2755,909,195,2,527,1054,40
2756,909,221,1,3953,3953,3
2757,909,399,2,2348,4696,37
2758,909,173,2,7111,14222,9
2759,909,251,1,1127,1127,43
2760,910,344,2,7129,14258,28
2761,910,473,1,444,444,24
2762,911,171,1,4878,4878,2
2763,911,125,1,4484,4484,4
2764,911,484,1,966,966,47
2765,911,299,1,6735,6735,49
2766,912,119,1,703,703,23
2767,913,408,2,1506,3012,13
2768,913,78,2,9614,19228,33
2769,913,53,2,493,986,23
2770,913,212,2,2125,4250,6
2771,914,78,1,9614,9614,25
2772,915,446,1,9384,9384,20
2773,915,77,2,2932,5864,28
2774,915,119,1,703,703,18
2775,916,282,2,132,264,45
2776,917,75,2,5949,11898,2
2777,917,97,1,2581,2581,37
2778,918,452,2,200,400,43
2779,918,107,2,4996,9992,41
2780,918,205,1,4349,4349,16
2781,918,212,1,2125,2125,34
2782,918,33,1,2531,2531,22
2783,919,195,2,527,1054,30
2784,919,48,2,7171,14342,35
2785,919,136,1,3041,3041,15
2786,919,495,1,7826,7826,31
2787,920,40,2,8004,16008,4
2788,921,334,2,7855,15710,8
2789,921,346,2,8830,17660,2
2790,921,171,2,4878,9756,39
2791,921,83,1,8065,8065,12
2792,922,2,2,1005,2010,10
2793,922,332,1,9187,9187,19
2794,922,284,2,1327,2654,4
2795,922,399,2,2348,4696,28
2796,923,113,1,8499,8499,36
2797,924,398,1,6975,6975,3
2798,924,303,2,6559,13118,38
2799,925,332,1,9187,9187,2
2800,925,131,2,6426,12852,3
2801,926,78,2,9614,19228,20
2802,926,483,1,5769,5769,2
2803,926,419,2,6185,12370,0
2804,927,305,2,6459,12918,31
2805,927,275,2,4126,8252,17
2806,928,31,1,6864,6864,43
2807,928,343,1,6618,6618,3
2808,928,255,1,6915,6915,4
2809,928,464,1,626,626,11
2810,929,165,1,2804,2804,18
2811,930,218,2,5588,11176,44
2812,930,432,2,5619,11238,4
2813,930,320,1,4686,4686,35
2814,930,263,1,7027,7027,22
2815,930,230,2,1378,2756,33
2816,931,137,2,9792,19584,42
2817,931,285,1,6960,6960,13
2818,931,367,2,7596,15192,28
2819,931,113,2,8499,16998,1
2820,932,14,2,6673,13346,7
2821,932,309,1,5432,5432,38
2822,932,99,1,7480,7480,29
2823,932,186,2,301,602,9
2824,933,321,2,7163,14326,2
2825,934,140,2,7936,15872,48
2826,935,216,2,6829,13658,4
2827,935,325,2,4425,8850,24
2828,936,127,2,803,1606,2
2829,936,93,1,8858,8858,32
2830,936,36,2,3776,7552,15
2831,937,457,2,4081,8162,43
2832,937,408,2,1506,3012,35
2833,938,22,1,2507,2507,33
2834,938,287,1,5220,5220,38
2835,938,56,1,3520,3520,27
2836,938,59,2,3707,7414,5
2837,939,415,1,9335,9335,14
2838,939,473,2,444,888,24
2839,939,366,1,3411,3411,7
2840,939,240,1,826,826,38
2841,940,73,2,4792,9584,32
2842,941,42,1,3798,3798,8
2843,941,425,1,6302,6302,34
2844,942,459,2,3610,7220,34
2845,943,148,1,5057,5057,17
2846,943,119,2,703,1406,33
2847,944,389,2,8169,16338,25
2848,945,132,1,4597,4597,39
2849,945,128,1,1065,1065,22
2850,945,184,1,2562,2562,49
2851,945,71,1,1979,1979,43
2852,946,48,2,7171,14342,37
2853,946,132,2,4597,9194,2
2854,946,261,2,8358,16716,29
2855,946,353,1,8490,8490,1
2856,946,100,2,2808,5616,13
2857,947,73,2,4792,9584,31
2858,948,30,2,7952,15904,48
2859,948,306,1,427,427,17
2860,949,175,2,8190,16380,9
2861,949,485,2,2932,5864,30
2862,949,67,1,1386,1386,25
2863,949,25,1,7208,7208,45
2864,949,379,2,288,576,28
2865,950,492,1,2978,2978,49
2866,950,121,1,9357,9357,38
2867,950,300,1,3824,3824,2
2868,950,261,2,8358,16716,14
2869,951,390,2,2081,4162,28
2870,951,279,2,8933,17866,30
2871,951,420,1,2612,2612,17
2872,951,350,2,2023,4046,3
2873,952,357,1,1901,1901,32
2874,953,78,1,9614,9614,37
2875,954,106,1,3151,3151,12
2876,955,312,2,1017,2034,22
2877,955,494,1,7434,7434,37
2878,956,293,2,3156,6312,36
2879,956,355,1,3972,3972,41
2880,956,491,2,7872,15744,12
2881,956,236,1,5507,5507,13
2882,956,244,2,9563,19126,42
2883,957,437,2,8765,17530,26
2884,958,41,2,4365,8730,6
2885,959,475,2,2596,5192,12
2886,959,3,2,810,1620,19
2887,959,95,2,1920,3840,25
2888,960,44,1,7604,7604,3
2889,960,364,1,5032,5032,17
2890,961,418,2,8496,16992,24
2891,961,187,2,7902,15804,33
2892,961,242,1,959,959,28
2893,961,438,1,9722,9722,0
2894,962,96,1,7924,7924,22
2895,962,239,1,2008,2008,28
2896,963,468,1,1895,1895,30
2897,964,168,1,2126,2126,23
2898,964,213,1,1327,1327,31
2899,964,326,2,8014,16028,27
2900,964,137,2,9792,19584,26
2901,965,230,2,1378,2756,29
2902,965,330,1,6169,6169,29
2903,965,402,2,724,1448,16
2904,966,465,1,1200,1200,37
2905,967,149,1,6253,6253,41
2906,967,230,1,1378,1378,30
2907,967,473,1,444,444,26
2908,967,98,1,8801,8801,2
2909,968,102,2,7997,15994,35
2910,968,318,1,8576,8576,16
2911,968,419,1,6185,6185,10
2912,968,158,2,3155,6310,14
2913,968,120,2,458,916,43
2914,969,18,1,4166,4166,20
2915,969,69,2,3379,6758,16
2916,969,267,2,9802,19604,10
2917,969,28,2,3348,6696,44
2918,969,477,2,4434,8868,42
2919,970,127,2,803,1606,14
2920,970,18,1,4166,4166,31
2921,970,239,2,2008,4016,10
2922,971,96,1,7924,7924,18
2923,971,327,2,4059,8118,46
2924,971,115,1,901,901,12
2925,971,365,2,2532,5064,6
2926,971,32,1,9159,9159,45
2927,972,46,1,2736,2736,38
2928,972,82,1,9229,9229,35
2929,972,184,1,2562,2562,31
2930,973,445,2,2069,4138,40
2931,973,358,1,876,876,7
2932,973,349,1,9083,9083,32
2933,974,252,2,2663,5326,39
2934,974,409,2,3636,7272,38
2935,974,29,1,8365,8365,2
2936,974,250,2,4301,8602,11
2937,975,260,2,2313,4626,30
2938,975,358,1,876,876,39
2939,975,86,1,3922,3922,15
2940,976,495,2,7826,15652,9
2941,976,434,1,7634,7634,40
2942,977,90,2,5742,11484,4
2943,977,462,2,2010,4020,32
2944,978,397,2,9923,19846,20
2945,978,392,1,1069,1069,30
2946,978,229,1,6873,6873,9
2947,978,29,2,8365,16730,18
2948,978,174,2,5394,10788,2
2949,979,481,2,6701,13402,25
2950,979,112,2,1365,2730,33
2951,979,243,1,3767,3767,49
2952,979,208,1,9063,9063,39
2953,979,247,2,5807,11614,30
2954,980,147,1,4932,4932,20
2955,980,87,2,5931,11862,23
2956,981,279,2,8933,17866,30
2957,981,455,1,6367,6367,33
2958,981,96,1,7924,7924,17
2959,981,15,2,8230,16460,48
2960,981,445,2,2069,4138,10
2961,982,213,2,1327,2654,20
2962,982,41,1,4365,4365,20
2963,983,381,2,1186,2372,19
2964,983,433,1,1018,1018,20
2965,984,32,2,9159,18318,46
2966,984,107,2,4996,9992,17
2967,984,78,2,9614,19228,12
2968,984,476,2,1509,3018,37
2969,985,398,2,6975,13950,10
2970,985,220,1,792,792,0
2971,985,189,1,7671,7671,2
2972,985,285,1,6960,6960,29
2973,986,486,1,7644,7644,12
2974,986,14,1,6673,6673,2
2975,987,253,1,4985,4985,17
2976,987,294,2,2813,5626,2
2977,987,135,2,2784,5568,1
2978,987,102,2,7997,15994,23
2979,988,392,1,1069,1069,45
2980,989,152,2,8703,17406,21
2981,990,130,2,8697,17394,27
2982,991,138,1,6011,6011,36
2983,991,409,1,3636,3636,26
2984,991,195,1,527,527,12
2985,992,76,1,1796,1796,10
2986,993,270,2,5974,11948,22
2987,994,17,2,3755,7510,25
2988,994,86,2,3922,7844,40
2989,994,82,2,9229,18458,2
2990,995,111,2,4199,8398,48
2991,995,25,2,7208,14416,18
2992,995,111,2,4199,8398,48
2993,995,100,2,2808,5616,16
2994,996,18,2,4166,8332,17
2995,996,283,1,9977,9977,34
2996,996,261,1,8358,8358,29
2997,997,440,2,632,1264,35
2998,997,339,1,1062,1062,20
2999,997,43,2,2257,4514,1
3000,997,333,2,4948,9896,43
3001,998,32,2,9159,18318,39
3002,998,166,2,1767,3534,25
3003,998,419,2,6185,12370,6
3004,998,489,2,4052,8104,28
3005,999,141,1,5963,5963,17
3006,999,40,1,8004,8004,34
3007,999,245,1,6825,6825,8
3008,999,3,2,810,1620,27
3009,999,218,2,5588,11176,27
3010,1000,10,2,7504,15008,49
3011,1000,221,2,3953,7906,17
3012,1000,51,1,4970,4970,6
3013,1001,101,1,8481,8481,13
3014,1001,94,2,8136,16272,38
3015,1001,81,1,5434,5434,44
3016,1001,499,1,7189,7189,3
3017,1001,19,1,9031,9031,39
3018,1002,496,1,816,816,3
3019,1003,76,1,1796,1796,2
3020,1004,289,1,6074,6074,25
3021,1005,293,2,3156,6312,6
3022,1005,468,1,1895,1895,20
3023,1005,386,2,7081,14162,13
3024,1005,10,1,7504,7504,20
3025,1006,386,1,7081,7081,1
3026,1007,433,1,1018,1018,48
3027,1007,344,2,7129,14258,5
3028,1008,369,2,2604,5208,17
3029,1008,419,1,6185,6185,25
3030,1008,43,2,2257,4514,21
3031,1008,215,1,1100,1100,36
3032,1009,260,1,2313,2313,11
3033,1009,372,1,1416,1416,7
3034,1009,200,1,994,994,45
3035,1009,278,2,4446,8892,29
3036,1009,234,1,3036,3036,8
3037,1010,49,1,4975,4975,43
3038,1010,461,2,9272,18544,23
3039,1011,122,2,8570,17140,38
3040,1011,241,1,6358,6358,9
3041,1011,121,2,9357,18714,18
3042,1011,32,1,9159,9159,16
3043,1012,407,2,5041,10082,25
3044,1013,163,2,1089,2178,21
3045,1013,59,1,3707,3707,0
3046,1014,35,1,532,532,32
3047,1015,442,1,5784,5784,15
3048,1016,444,2,9635,19270,24
3049,1016,238,2,2253,4506,9
3050,1016,20,2,7740,15480,13
3051,1016,83,2,8065,16130,4
3052,1017,181,1,575,575,32
3053,1018,369,2,2604,5208,3
3054,1018,347,2,4055,8110,23
3055,1018,18,1,4166,4166,46
3056,1019,163,2,1089,2178,29
3057,1020,86,1,3922,3922,40
3058,1020,406,1,8666,8666,48
3059,1020,370,2,2338,4676,16
3060,1021,255,2,6915,13830,30
3061,1021,223,2,3994,7988,6
3062,1021,42,1,3798,3798,18
3063,1021,265,1,445,445,41
3064,1021,197,2,1979,3958,29
3065,1022,192,1,8710,8710,41
3066,1022,467,1,989,989,39
3067,1023,313,2,2105,4210,13
3068,1023,490,2,2663,5326,41
3069,1023,86,1,3922,3922,23
3070,1023,373,1,5255,5255,21
3071,1024,371,2,8364,16728,13
3072,1024,241,1,6358,6358,41
3073,1024,472,2,8141,16282,47
3074,1025,258,2,6742,13484,42
3075,1025,360,1,7936,7936,24
3076,1025,278,1,4446,4446,36
3077,1025,171,2,4878,9756,25
3078,1025,259,1,4256,4256,44
3079,1026,149,2,6253,12506,33
3080,1026,60,1,8364,8364,13
3081,1027,327,2,4059,8118,15
3082,1027,467,1,989,989,16
3083,1028,434,2,7634,15268,7
3084,1028,220,2,792,1584,48
3085,1028,480,1,802,802,18
3086,1028,220,2,792,1584,30
3087,1028,406,2,8666,17332,3
3088,1029,131,2,6426,12852,47
3089,1029,411,1,683,683,33
3090,1029,33,1,2531,2531,27
3091,1030,231,2,6242,12484,31
3092,1030,257,2,1515,3030,24
3093,1030,252,2,2663,5326,12
3094,1030,184,2,2562,5124,38
3095,1031,490,2,2663,5326,30
3096,1031,226,2,6844,13688,8
3097,1032,110,1,166,166,45
3098,1032,403,2,5297,10594,45
3099,1032,476,1,1509,1509,38
3100,1032,20,2,7740,15480,22
3101,1033,19,2,9031,18062,0
3102,1033,202,2,1340,2680,3
3103,1033,100,1,2808,2808,46
3104,1033,332,2,9187,18374,44
3105,1034,135,2,2784,5568,39
3106,1034,344,1,7129,7129,49
3107,1034,21,1,9405,9405,44
3108,1034,348,2,9864,19728,16
3109,1034,82,1,9229,9229,43
3110,1035,85,2,7726,15452,22
3111,1036,115,2,901,1802,31
3112,1037,189,1,7671,7671,28
3113,1037,354,1,6624,6624,33
3114,1038,368,1,2023,2023,37
3115,1038,170,2,5243,10486,5
3116,1038,483,1,5769,5769,8
3117,1038,354,1,6624,6624,1
3118,1038,224,2,6082,12164,15
3119,1039,425,2,6302,12604,34
3120,1039,230,1,1378,1378,13
3121,1040,326,2,8014,16028,18
3122,1040,311,2,1370,2740,17
3123,1040,489,2,4052,8104,15
3124,1041,90,1,5742,5742,40
3125,1041,391,2,7357,14714,45
3126,1041,409,1,3636,3636,15
3127,1042,72,1,4731,4731,46
3128,1042,422,2,2063,4126,49
3129,1042,471,2,3454,6908,1
3130,1042,390,2,2081,4162,12
3131,1043,392,2,1069,2138,11
3132,1043,315,2,5375,10750,29
3133,1043,284,2,1327,2654,12
3134,1043,189,2,7671,15342,45
3135,1044,152,1,8703,8703,27
3136,1044,176,1,6822,6822,24
3137,1044,349,1,9083,9083,16
3138,1045,130,2,8697,17394,7
3139,1045,266,1,1413,1413,39
3140,1045,458,2,7231,14462,31
3141,1045,497,1,6071,6071,21
3142,1046,285,2,6960,13920,20
3143,1046,98,2,8801,17602,19
3144,1046,48,2,7171,14342,41
3145,1046,202,2,1340,2680,43
3146,1047,11,1,6295,6295,45
3147,1047,173,1,7111,7111,21
3148,1047,234,1,3036,3036,34
3149,1047,332,1,9187,9187,38
3150,1048,210,1,2955,2955,12
3151,1049,407,1,5041,5041,29
3152,1049,355,2,3972,7944,15
3153,1049,442,2,5784,11568,33
3154,1049,23,2,5151,10302,5
3155,1049,432,2,5619,11238,14
3156,1050,14,1,6673,6673,25
3157,1050,146,2,7549,15098,30
3158,1050,492,1,2978,2978,18
3159,1050,478,1,7111,7111,33
3160,1050,14,2,6673,13346,14
3161,1051,371,1,8364,8364,39
3162,1052,314,2,3186,6372,6
3163,1053,111,1,4199,4199,45
3164,1053,226,1,6844,6844,5
3165,1054,6,2,9079,18158,17
3166,1054,320,2,4686,9372,1
3167,1055,409,2,3636,7272,39
3168,1056,17,2,3755,7510,21
3169,1057,227,1,3371,3371,41
3170,1058,100,2,2808,5616,7
3171,1058,316,1,2025,2025,34
3172,1059,338,1,8558,8558,30
3173,1059,84,2,3374,6748,37
3174,1059,221,2,3953,7906,3
3175,1060,95,1,1920,1920,49
3176,1060,368,2,2023,4046,43
3177,1060,219,1,8550,8550,20
3178,1061,46,1,2736,2736,29
3179,1062,326,2,8014,16028,11
3180,1062,75,1,5949,5949,41
3181,1062,288,2,6709,13418,7
3182,1062,62,2,7260,14520,9
3183,1062,2,2,1005,2010,23
3184,1063,139,1,6678,6678,0
3185,1063,366,2,3411,6822,12
3186,1063,142,1,4451,4451,48
3187,1064,44,1,7604,7604,7
3188,1065,378,1,9971,9971,42
3189,1066,187,2,7902,15804,11
3190,1066,74,1,4264,4264,40
3191,1066,139,2,6678,13356,4
3192,1066,29,1,8365,8365,31
3193,1067,426,2,3669,7338,23
3194,1068,354,2,6624,13248,20
3195,1068,131,2,6426,12852,8
3196,1068,230,2,1378,2756,17
3197,1068,96,2,7924,15848,11
3198,1068,111,2,4199,8398,13
3199,1069,449,1,1273,1273,32
3200,1069,491,2,7872,15744,42
3201,1069,63,1,226,226,29
3202,1069,491,2,7872,15744,15
3203,1070,332,2,9187,18374,29
3204,1070,360,1,7936,7936,49
3205,1071,231,1,6242,6242,42
3206,1071,352,2,8327,16654,44
3207,1071,26,1,4719,4719,6
3208,1071,27,1,4304,4304,47
3209,1072,206,1,6328,6328,37
3210,1072,9,2,7261,14522,28
3211,1073,187,1,7902,7902,11
3212,1073,7,2,4344,8688,42
3213,1073,355,1,3972,3972,1
3214,1073,473,1,444,444,22
3215,1073,496,1,816,816,32
3216,1074,224,1,6082,6082,36
3217,1074,17,2,3755,7510,32
3218,1074,326,2,8014,16028,23
3219,1074,140,1,7936,7936,22
3220,1074,99,2,7480,14960,5
3221,1075,278,1,4446,4446,42
3222,1075,245,2,6825,13650,5
3223,1075,221,2,3953,7906,46
3224,1075,443,2,1814,3628,43
3225,1075,408,2,1506,3012,2
3226,1076,377,1,3078,3078,19
3227,1076,103,1,3003,3003,11
3228,1077,68,2,1393,2786,28
3229,1077,168,2,2126,4252,35
3230,1077,112,2,1365,2730,9
3231,1077,134,2,433,866,25
3232,1077,480,1,802,802,6
3233,1078,143,2,1092,2184,9
3234,1079,438,1,9722,9722,26
3235,1079,301,2,7201,14402,0
3236,1079,466,2,4450,8900,2
3237,1079,15,1,8230,8230,46
3238,1080,173,2,7111,14222,48
3239,1081,80,1,9998,9998,32
3240,1081,170,2,5243,10486,49
3241,1081,432,1,5619,5619,30
3242,1081,478,2,7111,14222,3
3243,1081,113,1,8499,8499,33
3244,1082,482,2,4129,8258,19
3245,1082,242,2,959,1918,40
3246,1083,395,2,4317,8634,6
3247,1083,214,1,9847,9847,42
3248,1083,172,1,8206,8206,9
3249,1083,94,2,8136,16272,30
3250,1084,61,1,6585,6585,14
3251,1084,5,2,1375,2750,17
3252,1084,242,2,959,1918,30
3253,1084,471,2,3454,6908,46
3254,1085,39,2,569,1138,12
3255,1085,400,2,4939,9878,33
3256,1085,21,1,9405,9405,37
3257,1085,274,1,514,514,20
3258,1086,425,1,6302,6302,36
3259,1087,365,1,2532,2532,24
3260,1087,185,1,9725,9725,26
3261,1088,75,1,5949,5949,30
3262,1088,353,1,8490,8490,48
3263,1088,337,2,3014,6028,1
3264,1088,491,1,7872,7872,5
3265,1089,135,2,2784,5568,29
3266,1089,207,2,1145,2290,44
3267,1090,429,2,9556,19112,49
3268,1090,378,2,9971,19942,17
3269,1090,117,2,6431,12862,3
3270,1090,120,2,458,916,33
3271,1090,216,1,6829,6829,19
3272,1091,106,1,3151,3151,26
3273,1091,477,2,4434,8868,37
3274,1091,310,2,1023,2046,41
3275,1091,185,1,9725,9725,10
3276,1091,170,2,5243,10486,29
3277,1092,298,2,7494,14988,35
3278,1092,286,1,1335,1335,34
3279,1092,288,1,6709,6709,0
3280,1092,31,2,6864,13728,1
3281,1093,323,2,3539,7078,17
3282,1094,301,1,7201,7201,6
3283,1095,489,2,4052,8104,48
3284,1095,140,1,7936,7936,23
3285,1096,14,2,6673,13346,38
3286,1096,353,1,8490,8490,34
3287,1096,180,2,2762,5524,0
3288,1096,411,2,683,1366,7
3289,1097,121,2,9357,18714,27
3290,1097,466,2,4450,8900,25
3291,1097,104,2,4304,8608,8
3292,1098,368,1,2023,2023,49
3293,1099,291,2,2599,5198,22
3294,1099,148,2,5057,10114,38
3295,1099,144,2,952,1904,22
3296,1100,492,2,2978,5956,42
3297,1100,395,2,4317,8634,4
3298,1100,213,2,1327,2654,25
3299,1100,366,2,3411,6822,16
3300,1100,490,2,2663,5326,48
3301,1101,326,2,8014,16028,16
3302,1101,86,2,3922,7844,7
3303,1101,262,1,7591,7591,32
3304,1102,124,2,4127,8254,22
3305,1102,237,2,3798,7596,6
3306,1102,101,1,8481,8481,33
3307,1102,230,2,1378,2756,30
3308,1103,420,2,2612,5224,21
3309,1104,24,1,1400,1400,33
3310,1104,467,2,989,1978,49
3311,1104,335,2,3595,7190,38
3312,1105,182,1,3502,3502,34
3313,1105,449,2,1273,2546,28
3314,1106,471,1,3454,3454,37
3315,1106,320,2,4686,9372,26
3316,1106,310,2,1023,2046,24
3317,1106,250,2,4301,8602,40
3318,1106,279,2,8933,17866,15
3319,1107,84,1,3374,3374,18
3320,1107,367,2,7596,15192,37
3321,1107,320,2,4686,9372,25
3322,1107,149,1,6253,6253,7
3323,1108,131,1,6426,6426,9
3324,1109,37,1,5974,5974,16
3325,1109,200,2,994,1988,25
3326,1109,204,2,5332,10664,44
3327,1109,488,2,5080,10160,45
3328,1109,210,2,2955,5910,44
3329,1110,489,2,4052,8104,43
3330,1110,111,2,4199,8398,8
3331,1111,219,2,8550,17100,11
3332,1111,479,2,4003,8006,14
3333,1112,196,1,3348,3348,15
3334,1112,187,2,7902,15804,45
3335,1113,254,2,8080,16160,34
3336,1113,49,1,4975,4975,23
3337,1113,197,1,1979,1979,42
3338,1113,470,1,8803,8803,41
3339,1113,253,1,4985,4985,40
3340,1114,198,2,2082,4164,26
3341,1114,214,2,9847,19694,45
3342,1114,231,1,6242,6242,33
3343,1114,314,1,3186,3186,20
3344,1114,69,1,3379,3379,28
3345,1115,255,1,6915,6915,23
3346,1115,176,1,6822,6822,15
3347,1115,379,2,288,576,1
3348,1115,334,1,7855,7855,43
3349,1115,7,2,4344,8688,49
3350,1116,150,1,179,179,34
3351,1116,274,1,514,514,29
3352,1116,345,2,6080,12160,33
3353,1116,266,2,1413,2826,16
3354,1117,426,1,3669,3669,39
3355,1117,500,2,8459,16918,43
3356,1117,189,1,7671,7671,13
3357,1118,358,2,876,1752,1
3358,1118,217,2,6416,12832,21
3359,1118,116,1,6777,6777,30
3360,1118,425,2,6302,12604,23
3361,1119,88,1,1892,1892,2
3362,1119,494,1,7434,7434,41
3363,1119,254,1,8080,8080,43
3364,1119,388,2,2920,5840,24
3365,1119,469,1,7584,7584,5
3366,1120,42,2,3798,7596,34
3367,1120,184,1,2562,2562,28
3368,1120,390,2,2081,4162,14
3369,1120,424,1,8160,8160,48
3370,1121,247,1,5807,5807,1
3371,1121,24,2,1400,2800,23
3372,1121,43,1,2257,2257,3
3373,1121,359,2,134,268,13
3374,1121,317,1,3598,3598,6
3375,1122,229,1,6873,6873,5
3376,1123,84,1,3374,3374,15
3377,1123,178,2,885,1770,18
3378,1123,145,1,303,303,29
3379,1124,276,1,5653,5653,23
3380,1124,73,1,4792,4792,0
3381,1124,193,2,2706,5412,24
3382,1124,85,2,7726,15452,1
3383,1124,431,2,3477,6954,21
3384,1125,318,1,8576,8576,6
3385,1125,203,1,8865,8865,38
3386,1125,320,1,4686,4686,24
3387,1125,41,1,4365,4365,14
3388,1126,115,2,901,1802,0
3389,1126,419,2,6185,12370,37
3390,1127,439,1,8872,8872,45
3391,1127,399,2,2348,4696,32
3392,1127,310,2,1023,2046,9
3393,1127,367,1,7596,7596,18
3394,1128,62,1,7260,7260,46
3395,1128,351,1,8394,8394,49
3396,1128,232,2,4005,8010,21
3397,1128,298,1,7494,7494,11
3398,1129,18,2,4166,8332,13
3399,1129,29,2,8365,16730,49
3400,1129,90,1,5742,5742,35
3401,1129,359,2,134,268,28
3402,1129,21,1,9405,9405,22
3403,1130,476,1,1509,1509,18
3404,1130,315,2,5375,10750,17
3405,1130,141,1,5963,5963,34
3406,1131,488,2,5080,10160,36
3407,1132,23,1,5151,5151,44
3408,1132,393,1,5614,5614,7
3409,1132,46,2,2736,5472,29
3410,1132,181,2,575,1150,27
3411,1133,127,1,803,803,34
3412,1133,377,1,3078,3078,49
3413,1133,380,1,5037,5037,0
3414,1133,95,1,1920,1920,18
3415,1133,172,1,8206,8206,28
3416,1134,233,2,7932,15864,25
3417,1134,218,1,5588,5588,5
3418,1134,493,2,674,1348,21
3419,1134,279,1,8933,8933,15
3420,1135,248,2,5140,10280,5
3421,1136,490,2,2663,5326,11
3422,1136,430,2,8207,16414,45
3423,1136,253,2,4985,9970,8
3424,1136,448,1,2566,2566,48
3425,1136,433,1,1018,1018,45
3426,1137,458,1,7231,7231,7
3427,1137,304,2,5702,11404,23
3428,1137,319,1,5440,5440,1
3429,1137,14,2,6673,13346,30
3430,1137,52,2,4381,8762,25
3431,1138,94,2,8136,16272,16
3432,1139,223,2,3994,7988,41
3433,1139,2,1,1005,1005,47
3434,1140,386,2,7081,14162,20
3435,1141,265,1,445,445,45
3436,1141,230,1,1378,1378,5
3437,1141,268,2,8452,16904,19
3438,1142,120,1,458,458,19
3439,1143,214,2,9847,19694,8
3440,1143,239,1,2008,2008,19
3441,1143,404,1,5532,5532,35
3442,1143,261,1,8358,8358,1
3443,1144,103,1,3003,3003,4
3444,1144,401,1,2493,2493,48
3445,1144,88,2,1892,3784,8
3446,1144,313,2,2105,4210,6
3447,1145,32,1,9159,9159,37
3448,1145,376,1,7229,7229,31
3449,1145,1,1,7383,7383,9
3450,1146,363,1,5692,5692,49
3451,1146,227,1,3371,3371,15
3452,1146,220,1,792,792,21
3453,1146,379,1,288,288,25
3454,1147,427,2,7939,15878,42
3455,1147,150,1,179,179,42
3456,1147,28,2,3348,6696,46
3457,1147,383,1,3997,3997,38
3458,1147,318,2,8576,17152,46
3459,1148,391,2,7357,14714,25
3460,1149,276,2,5653,11306,2
3461,1149,138,1,6011,6011,4
3462,1149,382,1,1765,1765,35
3463,1149,74,2,4264,8528,13
3464,1149,143,1,1092,1092,23
3465,1150,11,2,6295,12590,48
3466,1150,372,1,1416,1416,3
3467,1150,240,1,826,826,47
3468,1151,296,1,4832,4832,2
3469,1151,177,1,5567,5567,34
3470,1152,301,1,7201,7201,29
3471,1153,357,1,1901,1901,0
3472,1153,7,1,4344,4344,40
3473,1153,230,1,1378,1378,28
3474,1153,188,2,1340,2680,43
3475,1153,115,2,901,1802,21
3476,1154,320,1,4686,4686,2
3477,1154,309,2,5432,10864,29
3478,1154,402,2,724,1448,11
3479,1155,428,1,4566,4566,48
3480,1155,175,1,8190,8190,27
3481,1156,154,2,2254,4508,44
3482,1156,59,2,3707,7414,37
3483,1156,347,2,4055,8110,28
3484,1157,164,2,1863,3726,44
3485,1157,134,1,433,433,24
3486,1157,375,1,9583,9583,12
3487,1158,164,2,1863,3726,4
3488,1158,450,1,2223,2223,12
3489,1158,491,2,7872,15744,19
3490,1158,341,1,1233,1233,26
3491,1158,250,2,4301,8602,28
3492,1159,385,2,3416,6832,47
3493,1159,427,2,7939,15878,36
3494,1160,450,1,2223,2223,3
3495,1160,12,1,2033,2033,42
3496,1160,377,2,3078,6156,22
3497,1160,2,1,1005,1005,9
3498,1160,212,2,2125,4250,49
3499,1161,428,1,4566,4566,34
3500,1161,2,2,1005,2010,39
3501,1161,288,2,6709,13418,16
3502,1161,223,1,3994,3994,15
3503,1162,397,1,9923,9923,16
3504,1162,271,2,9332,18664,12
3505,1162,282,2,132,264,36
3506,1163,283,2,9977,19954,49
3507,1163,133,1,4827,4827,17
3508,1164,296,1,4832,4832,7
3509,1164,100,1,2808,2808,40
3510,1164,321,1,7163,7163,1
3511,1165,158,2,3155,6310,33
3512,1165,427,2,7939,15878,28
3513,1165,104,1,4304,4304,20
3514,1166,282,1,132,132,7
3515,1166,271,1,9332,9332,49
3516,1166,489,2,4052,8104,25
3517,1166,294,2,2813,5626,22
3518,1166,331,2,8327,16654,33
3519,1167,249,2,3076,6152,2
3520,1167,179,1,7886,7886,43
3521,1168,457,2,4081,8162,42
3522,1169,342,2,808,1616,15
3523,1169,15,2,8230,16460,31
3524,1169,464,1,626,626,41
3525,1170,99,1,7480,7480,15
3526,1171,307,1,3734,3734,39
3527,1171,365,2,2532,5064,26
3528,1172,101,2,8481,16962,25
3529,1172,394,1,9264,9264,26
3530,1173,26,2,4719,9438,45
3531,1173,234,1,3036,3036,29
3532,1174,25,2,7208,14416,12
3533,1174,292,1,9437,9437,49
3534,1174,145,2,303,606,11
3535,1175,233,2,7932,15864,47
3536,1175,65,2,1575,3150,21
3537,1176,331,2,8327,16654,28
3538,1176,110,2,166,332,7
3539,1176,176,2,6822,13644,22
3540,1177,448,2,2566,5132,5
3541,1178,384,2,2886,5772,18
3542,1178,258,2,6742,13484,39
3543,1178,467,2,989,1978,46
3544,1178,112,2,1365,2730,29
3545,1179,90,2,5742,11484,14
3546,1179,344,2,7129,14258,18
3547,1179,416,1,1795,1795,11
3548,1179,229,1,6873,6873,39
3549,1180,11,2,6295,12590,28
3550,1180,224,1,6082,6082,46
3551,1181,87,2,5931,11862,45
3552,1182,350,2,2023,4046,45
3553,1182,127,2,803,1606,14
3554,1183,353,2,8490,16980,16
3555,1183,139,1,6678,6678,39
3556,1183,404,2,5532,11064,23
3557,1183,398,2,6975,13950,9
3558,1184,415,1,9335,9335,18
3559,1185,397,1,9923,9923,20
3560,1185,211,1,8936,8936,1
3561,1185,468,2,1895,3790,6
3562,1186,485,1,2932,2932,25
3563,1186,104,2,4304,8608,32
3564,1187,295,2,9489,18978,5
3565,1187,40,2,8004,16008,16
3566,1187,172,1,8206,8206,39
3567,1187,74,2,4264,8528,23
3568,1188,372,1,1416,1416,33
3569,1188,71,2,1979,3958,39
3570,1188,66,1,3514,3514,15
3571,1189,342,1,808,808,37
3572,1189,241,2,6358,12716,4
3573,1190,80,1,9998,9998,35
3574,1190,317,1,3598,3598,1
3575,1190,217,1,6416,6416,17
3576,1190,413,1,7682,7682,10
3577,1190,414,1,7849,7849,27
3578,1191,23,1,5151,5151,10
3579,1191,368,1,2023,2023,20
3580,1191,92,2,9153,18306,20
3581,1192,260,1,2313,2313,30
3582,1192,54,2,5045,10090,38
3583,1193,105,2,2035,4070,30
3584,1194,431,1,3477,3477,39
3585,1195,76,2,1796,3592,8
3586,1196,359,2,134,268,9
3587,1196,7,1,4344,4344,27
3588,1196,155,2,3414,6828,30
3589,1196,89,1,1967,1967,18
3590,1197,218,2,5588,11176,49
3591,1198,102,2,7997,15994,17
3592,1198,492,1,2978,2978,47
3593,1198,115,1,901,901,46
3594,1199,194,1,8080,8080,37
3595,1199,88,1,1892,1892,10
3596,1199,137,2,9792,19584,43
3597,1199,306,2,427,854,45
3598,1199,260,2,2313,4626,21
3599,1200,42,2,3798,7596,39
3600,1201,176,1,6822,6822,9
3601,1201,461,2,9272,18544,10
3602,1201,77,2,2932,5864,20
3603,1201,151,2,9774,19548,0
3604,1202,79,1,7778,7778,0
3605,1203,467,2,989,1978,48
3606,1204,7,1,4344,4344,4
3607,1204,266,2,1413,2826,32
3608,1205,485,2,2932,5864,46
3609,1205,491,2,7872,15744,35
3610,1205,373,1,5255,5255,21
3611,1205,159,2,5798,11596,41
3612,1205,210,1,2955,2955,28
3613,1206,322,1,8465,8465,35
3614,1206,127,2,803,1606,28
3615,1207,364,1,5032,5032,14
3616,1207,464,1,626,626,36
3617,1207,18,1,4166,4166,6
3618,1208,412,2,2577,5154,28
3619,1208,330,2,6169,12338,6
3620,1209,476,2,1509,3018,46
3621,1210,492,1,2978,2978,43
3622,1211,95,2,1920,3840,41
3623,1211,500,1,8459,8459,16
3624,1211,372,1,1416,1416,12
3625,1211,70,2,5334,10668,22
3626,1211,261,1,8358,8358,33
3627,1212,264,1,2992,2992,43
3628,1212,439,1,8872,8872,2
3629,1213,439,1,8872,8872,34
3630,1213,277,1,1812,1812,29
3631,1213,361,2,1521,3042,36
3632,1213,120,1,458,458,6
3633,1214,280,1,598,598,27
3634,1215,265,1,445,445,32
3635,1215,135,2,2784,5568,22
3636,1215,37,1,5974,5974,41
3637,1215,125,2,4484,8968,8
3638,1215,458,2,7231,14462,24
3639,1216,403,2,5297,10594,9
3640,1216,242,1,959,959,8
3641,1216,305,2,6459,12918,45
3642,1217,361,2,1521,3042,31
3643,1218,344,1,7129,7129,12
3644,1218,67,1,1386,1386,31
3645,1218,316,1,2025,2025,9
3646,1218,159,2,5798,11596,3
3647,1218,323,2,3539,7078,17
3648,1219,183,2,2684,5368,23
3649,1220,352,1,8327,8327,8
3650,1220,242,2,959,1918,48
3651,1221,50,1,7706,7706,47
3652,1221,377,2,3078,6156,43
3653,1221,352,2,8327,16654,16
3654,1221,239,1,2008,2008,32
3655,1221,292,2,9437,18874,30
3656,1222,334,1,7855,7855,31
3657,1222,117,1,6431,6431,32
3658,1223,281,1,8327,8327,33
3659,1223,155,1,3414,3414,43
3660,1223,204,2,5332,10664,37
3661,1224,325,2,4425,8850,31
3662,1224,352,2,8327,16654,35
3663,1224,389,2,8169,16338,27
3664,1224,84,2,3374,6748,47
3665,1224,185,1,9725,9725,27
3666,1225,334,1,7855,7855,13
3667,1225,147,2,4932,9864,39
3668,1225,365,1,2532,2532,21
3669,1225,19,1,9031,9031,20
3670,1226,44,2,7604,15208,16
3671,1226,460,2,8795,17590,0
3672,1226,145,1,303,303,34
3673,1226,500,2,8459,16918,13
3674,1226,22,1,2507,2507,20
3675,1227,363,1,5692,5692,30
3676,1227,372,1,1416,1416,24
3677,1228,149,2,6253,12506,34
3678,1228,135,1,2784,2784,3
3679,1229,282,1,132,132,13
3680,1229,263,1,7027,7027,8
3681,1229,124,2,4127,8254,46
3682,1229,395,1,4317,4317,33
3683,1230,323,2,3539,7078,46
3684,1231,291,1,2599,2599,29
3685,1232,373,2,5255,10510,6
3686,1232,130,2,8697,17394,4
3687,1233,283,2,9977,19954,38
3688,1233,324,1,9564,9564,47
3689,1233,286,2,1335,2670,30
3690,1234,238,2,2253,4506,27
3691,1234,96,1,7924,7924,41
3692,1234,198,2,2082,4164,20
3693,1235,248,1,5140,5140,32
3694,1235,313,2,2105,4210,12
3695,1235,161,2,8668,17336,19
3696,1235,234,1,3036,3036,20
3697,1236,296,1,4832,4832,19
3698,1236,82,2,9229,18458,16
3699,1237,63,1,226,226,16
3700,1237,35,1,532,532,27
3701,1237,151,2,9774,19548,0
3702,1237,320,2,4686,9372,35
3703,1237,447,2,2645,5290,29
3704,1238,330,2,6169,12338,48
3705,1238,227,1,3371,3371,4
3706,1238,306,2,427,854,1
3707,1238,451,1,6416,6416,28
3708,1239,251,2,1127,2254,31
3709,1239,27,2,4304,8608,31
3710,1239,91,1,2426,2426,34
3711,1239,157,2,8682,17364,30
3712,1240,457,2,4081,8162,28
3713,1241,362,1,9032,9032,26
3714,1241,420,2,2612,5224,19
3715,1242,280,2,598,1196,2
3716,1242,8,1,552,552,47
3717,1242,345,1,6080,6080,5
3718,1242,327,1,4059,4059,21
3719,1243,144,2,952,1904,19
3720,1243,390,1,2081,2081,4
3721,1244,330,1,6169,6169,40
3722,1244,464,1,626,626,28
3723,1244,307,1,3734,3734,11
3724,1245,306,2,427,854,21
3725,1245,187,1,7902,7902,32
3726,1245,237,2,3798,7596,7
3727,1245,391,1,7357,7357,2
3728,1246,114,2,8116,16232,15
3729,1246,226,1,6844,6844,25
3730,1246,282,1,132,132,7
3731,1247,366,2,3411,6822,24
3732,1248,437,2,8765,17530,20
3733,1248,409,1,3636,3636,12
3734,1248,439,2,8872,17744,49
3735,1248,312,2,1017,2034,3
3736,1248,115,1,901,901,14
3737,1249,488,1,5080,5080,16
3738,1249,275,2,4126,8252,31
3739,1250,148,2,5057,10114,18
3740,1250,104,1,4304,4304,26
3741,1250,106,1,3151,3151,21
3742,1250,140,1,7936,7936,16
3743,1251,77,2,2932,5864,44
3744,1251,367,2,7596,15192,5
3745,1251,269,1,8261,8261,42
3746,1251,404,1,5532,5532,3
3747,1251,72,2,4731,9462,38
3748,1252,135,1,2784,2784,46
3749,1252,360,2,7936,15872,34
3750,1253,193,2,2706,5412,38
3751,1253,19,1,9031,9031,11
3752,1253,52,1,4381,4381,10
3753,1253,389,2,8169,16338,2
3754,1254,128,1,1065,1065,40
3755,1255,474,1,6848,6848,9
3756,1255,287,2,5220,10440,9
3757,1255,365,2,2532,5064,35
3758,1256,287,2,5220,10440,47
3759,1256,397,2,9923,19846,46
3760,1256,362,2,9032,18064,42
3761,1256,388,1,2920,2920,0
3762,1257,241,2,6358,12716,27
3763,1257,337,2,3014,6028,11
3764,1257,208,1,9063,9063,31
3765,1258,279,1,8933,8933,30
3766,1258,487,2,1596,3192,9
3767,1259,17,2,3755,7510,49
3768,1259,344,2,7129,14258,4
3769,1260,266,2,1413,2826,5
3770,1260,408,1,1506,1506,13
3771,1260,242,2,959,1918,1
3772,1260,343,2,6618,13236,49
3773,1260,356,1,7623,7623,49
3774,1261,230,2,1378,2756,15
3775,1262,205,2,4349,8698,41
3776,1262,428,2,4566,9132,40
3777,1263,404,2,5532,11064,14
3778,1263,160,2,4753,9506,33
3779,1263,315,1,5375,5375,0
3780,1263,138,2,6011,12022,43
3781,1263,245,2,6825,13650,49
3782,1264,417,2,5478,10956,28
3783,1264,409,2,3636,7272,48
3784,1264,403,2,5297,10594,32
3785,1265,175,2,8190,16380,6
3786,1265,363,1,5692,5692,2
3787,1265,74,2,4264,8528,16
3788,1265,402,2,724,1448,28
3789,1266,372,1,1416,1416,44
3790,1266,315,1,5375,5375,46
3791,1267,288,1,6709,6709,26
3792,1268,443,1,1814,1814,7
3793,1268,380,1,5037,5037,35
3794,1268,233,2,7932,15864,9
3795,1268,140,2,7936,15872,32
3796,1268,388,1,2920,2920,19
3797,1269,150,2,179,358,47
3798,1269,415,1,9335,9335,42
3799,1270,294,1,2813,2813,11
3800,1271,13,2,2609,5218,42
3801,1271,334,1,7855,7855,49
3802,1271,30,2,7952,15904,13
3803,1272,218,1,5588,5588,31
3804,1272,39,1,569,569,26
3805,1272,254,2,8080,16160,19
3806,1272,249,2,3076,6152,32
3807,1272,243,1,3767,3767,25
3808,1273,401,1,2493,2493,22
3809,1273,363,1,5692,5692,15
3810,1274,20,2,7740,15480,26
3811,1274,324,1,9564,9564,31
3812,1274,447,1,2645,2645,39
3813,1275,128,2,1065,2130,0
3814,1275,185,2,9725,19450,35
3815,1275,480,1,802,802,43
3816,1275,48,1,7171,7171,9
3817,1276,30,2,7952,15904,6
3818,1276,319,2,5440,10880,31
3819,1276,282,1,132,132,7
3820,1277,372,1,1416,1416,3
3821,1277,31,1,6864,6864,34
3822,1277,172,2,8206,16412,49
3823,1277,404,2,5532,11064,21
3824,1277,345,1,6080,6080,16
3825,1278,81,2,5434,10868,36
3826,1278,113,1,8499,8499,38
3827,1278,139,2,6678,13356,12
3828,1278,79,1,7778,7778,26
3829,1279,484,1,966,966,12
3830,1279,433,1,1018,1018,18
3831,1279,350,1,2023,2023,2
3832,1280,122,2,8570,17140,4
3833,1280,250,2,4301,8602,29
3834,1280,51,1,4970,4970,19
3835,1280,229,1,6873,6873,49
3836,1280,488,2,5080,10160,27
3837,1281,389,1,8169,8169,9
3838,1281,8,2,552,1104,43
3839,1282,86,1,3922,3922,12
3840,1282,123,2,5979,11958,3
3841,1283,315,2,5375,10750,41
3842,1283,440,2,632,1264,36
3843,1283,18,1,4166,4166,41
3844,1283,487,1,1596,1596,15
3845,1284,77,2,2932,5864,39
3846,1284,304,2,5702,11404,2
3847,1284,199,2,9352,18704,10
3848,1285,18,1,4166,4166,49
3849,1286,154,1,2254,2254,41
3850,1286,52,2,4381,8762,16
3851,1286,68,1,1393,1393,10
3852,1286,485,1,2932,2932,22
3853,1286,443,1,1814,1814,16
3854,1287,497,1,6071,6071,1
3855,1287,30,2,7952,15904,24
3856,1287,400,1,4939,4939,26
3857,1287,221,2,3953,7906,0
3858,1287,71,2,1979,3958,10
3859,1288,430,1,8207,8207,11
3860,1288,349,2,9083,18166,37
3861,1288,144,1,952,952,32
3862,1288,47,1,6006,6006,49
3863,1288,128,1,1065,1065,22
3864,1289,96,2,7924,15848,14
3865,1289,471,2,3454,6908,46
3866,1290,224,2,6082,12164,16
3867,1290,395,2,4317,8634,38
3868,1290,498,2,5376,10752,48
3869,1291,219,2,8550,17100,22
3870,1291,218,2,5588,11176,15
3871,1292,359,1,134,134,41
3872,1292,392,2,1069,2138,44
3873,1292,353,2,8490,16980,0
3874,1292,461,1,9272,9272,9
3875,1292,48,1,7171,7171,44
3876,1293,136,1,3041,3041,28
3877,1293,136,1,3041,3041,21
3878,1293,400,1,4939,4939,46
3879,1294,380,2,5037,10074,18
3880,1294,158,1,3155,3155,1
3881,1294,38,2,7964,15928,19
3882,1294,185,1,9725,9725,24
3883,1295,239,1,2008,2008,41
3884,1295,279,2,8933,17866,12
3885,1296,161,1,8668,8668,37
3886,1296,214,1,9847,9847,20
3887,1297,124,2,4127,8254,33
3888,1297,415,1,9335,9335,16
3889,1297,99,2,7480,14960,32
3890,1298,322,1,8465,8465,13
3891,1299,61,1,6585,6585,14
3892,1300,422,2,2063,4126,2
3893,1300,335,2,3595,7190,27
3894,1301,209,2,8256,16512,14
3895,1301,307,1,3734,3734,29
3896,1302,410,2,1950,3900,25
3897,1303,403,2,5297,10594,31
3898,1303,378,2,9971,19942,13
3899,1303,55,1,2603,2603,30
3900,1303,12,1,2033,2033,6
3901,1304,487,1,1596,1596,33
3902,1304,11,2,6295,12590,22
3903,1304,195,1,527,527,20
3904,1305,364,2,5032,10064,32
3905,1305,117,1,6431,6431,13
3906,1305,102,2,7997,15994,46
3907,1305,252,1,2663,2663,36
3908,1305,259,2,4256,8512,40
3909,1306,102,1,7997,7997,9
3910,1307,426,1,3669,3669,41
3911,1307,379,2,288,576,46
3912,1307,428,2,4566,9132,6
3913,1307,462,1,2010,2010,33
3914,1307,229,1,6873,6873,16
3915,1308,296,2,4832,9664,35
3916,1308,122,1,8570,8570,0
3917,1309,401,1,2493,2493,21
3918,1309,78,2,9614,19228,35
3919,1309,64,2,3594,7188,9
3920,1309,450,2,2223,4446,13
3921,1310,359,2,134,268,8
3922,1310,48,2,7171,14342,20
3923,1310,429,1,9556,9556,39
3924,1310,15,2,8230,16460,7
3925,1311,256,1,8015,8015,35
3926,1311,253,1,4985,4985,43
3927,1311,304,2,5702,11404,47
3928,1311,114,1,8116,8116,47
3929,1312,181,2,575,1150,11
3930,1312,154,2,2254,4508,37
3931,1312,194,2,8080,16160,32
3932,1313,93,1,8858,8858,19
3933,1313,377,2,3078,6156,16
3934,1313,418,1,8496,8496,47
3935,1313,35,2,532,1064,21
3936,1314,93,2,8858,17716,8
3937,1314,1,2,7383,14766,16
3938,1315,412,2,2577,5154,35
3939,1315,205,2,4349,8698,46
3940,1315,137,1,9792,9792,21
3941,1315,437,2,8765,17530,19
3942,1315,279,2,8933,17866,33
3943,1316,115,1,901,901,23
3944,1317,370,1,2338,2338,8
3945,1317,390,2,2081,4162,7
3946,1318,457,1,4081,4081,13
3947,1318,138,1,6011,6011,25
3948,1318,169,2,1711,3422,43
3949,1319,275,2,4126,8252,9
3950,1319,88,2,1892,3784,5
3951,1320,77,1,2932,2932,26
3952,1320,374,2,1359,2718,9
3953,1320,359,1,134,134,41
3954,1320,260,2,2313,4626,16
3955,1320,293,2,3156,6312,3
3956,1321,271,1,9332,9332,19
3957,1321,467,1,989,989,19
3958,1321,256,2,8015,16030,46
3959,1321,156,1,1080,1080,5
3960,1322,476,2,1509,3018,5
3961,1323,237,1,3798,3798,10
3962,1323,205,2,4349,8698,43
3963,1323,372,2,1416,2832,33
3964,1324,24,1,1400,1400,5
3965,1324,33,1,2531,2531,1
3966,1324,322,1,8465,8465,37
3967,1324,216,2,6829,13658,9
3968,1324,306,1,427,427,10
3969,1325,489,1,4052,4052,16
3970,1325,256,1,8015,8015,43
3971,1326,153,2,6657,13314,6
3972,1326,81,2,5434,10868,29
3973,1327,46,2,2736,5472,47
3974,1327,402,1,724,724,2
3975,1327,258,1,6742,6742,5
3976,1327,216,2,6829,13658,16
3977,1327,333,1,4948,4948,37
3978,1328,29,1,8365,8365,18
3979,1328,11,1,6295,6295,22
3980,1328,52,1,4381,4381,37
3981,1328,6,2,9079,18158,33
3982,1328,65,1,1575,1575,29
3983,1329,178,1,885,885,29
3984,1329,24,2,1400,2800,5
3985,1329,179,1,7886,7886,25
3986,1330,97,2,2581,5162,9
3987,1330,126,1,511,511,8
3988,1330,126,2,511,1022,3
3989,1330,471,1,3454,3454,10
3990,1330,427,1,7939,7939,21
3991,1331,78,2,9614,19228,9
3992,1331,108,1,1845,1845,38
3993,1331,450,2,2223,4446,11
3994,1331,303,2,6559,13118,33
3995,1332,315,2,5375,10750,27
3996,1333,81,1,5434,5434,38
3997,1333,274,2,514,1028,17
3998,1333,338,1,8558,8558,6
3999,1333,261,1,8358,8358,25
4000,1334,376,1,7229,7229,28
4001,1334,322,2,8465,16930,22
4002,1334,222,2,8997,17994,46
4003,1335,91,1,2426,2426,45
4004,1335,168,2,2126,4252,39
4005,1335,445,1,2069,2069,8
4006,1336,147,2,4932,9864,8
4007,1336,24,1,1400,1400,31
4008,1336,400,1,4939,4939,40
4009,1336,175,1,8190,8190,26
4010,1336,329,1,6394,6394,21
4011,1337,249,2,3076,6152,39
4012,1338,385,2,3416,6832,8
4013,1338,24,1,1400,1400,23
4014,1338,54,1,5045,5045,36
4015,1338,483,1,5769,5769,29
4016,1339,189,2,7671,15342,21
4017,1340,432,1,5619,5619,43
4018,1341,442,2,5784,11568,32
4019,1341,150,1,179,179,45
4020,1342,160,1,4753,4753,2
4021,1342,208,1,9063,9063,34
4022,1343,341,1,1233,1233,15
4023,1343,285,2,6960,13920,15
4024,1343,196,1,3348,3348,12
4025,1344,474,1,6848,6848,22
4026,1344,387,2,9763,19526,22
4027,1344,170,2,5243,10486,48
4028,1344,139,1,6678,6678,14
4029,1344,34,1,4723,4723,3
4030,1345,146,2,7549,15098,17
4031,1345,456,2,8667,17334,14
4032,1345,454,1,412,412,47
4033,1345,186,2,301,602,13
4034,1346,30,1,7952,7952,10
4035,1346,332,2,9187,18374,31
4036,1346,207,2,1145,2290,41
4037,1346,144,2,952,1904,40
4038,1347,245,1,6825,6825,32
4039,1348,153,1,6657,6657,33
4040,1349,333,2,4948,9896,14
4041,1350,272,1,9771,9771,25
4042,1350,244,1,9563,9563,41
4043,1350,473,2,444,888,26
4044,1350,70,1,5334,5334,24
4045,1351,434,2,7634,15268,19
4046,1351,68,2,1393,2786,49
4047,1352,158,1,3155,3155,24
4048,1352,450,1,2223,2223,8
4049,1353,205,2,4349,8698,30
4050,1353,393,2,5614,11228,44
4051,1354,98,2,8801,17602,27
4052,1354,405,1,7803,7803,34
4053,1355,361,2,1521,3042,20
4054,1355,363,2,5692,11384,17
4055,1355,360,1,7936,7936,17
4056,1356,359,2,134,268,6
4057,1357,50,1,7706,7706,35
4058,1357,158,1,3155,3155,24
4059,1357,143,2,1092,2184,14
4060,1357,238,2,2253,4506,46
4061,1358,403,2,5297,10594,25
4062,1358,466,2,4450,8900,15
4063,1358,252,2,2663,5326,26
4064,1358,5,2,1375,2750,6
4065,1358,42,2,3798,7596,46
4066,1359,319,2,5440,10880,38
4067,1359,102,2,7997,15994,2
4068,1359,34,2,4723,9446,1
4069,1360,112,2,1365,2730,26
4070,1361,412,1,2577,2577,25
4071,1361,224,2,6082,12164,6
4072,1361,41,1,4365,4365,31
4073,1361,464,1,626,626,38
4074,1361,62,2,7260,14520,38
4075,1362,436,1,9749,9749,11
4076,1362,339,2,1062,2124,49
4077,1363,13,1,2609,2609,33
4078,1363,342,1,808,808,43
4079,1364,446,1,9384,9384,12
4080,1364,128,1,1065,1065,38
4081,1365,4,2,3526,7052,3
4082,1366,294,2,2813,5626,10
4083,1366,275,1,4126,4126,8
4084,1366,351,1,8394,8394,15
4085,1367,203,1,8865,8865,14
4086,1367,162,1,7997,7997,43
4087,1367,27,2,4304,8608,35
4088,1367,437,1,8765,8765,22
4089,1368,391,2,7357,14714,47
4090,1368,218,2,5588,11176,8
4091,1368,83,2,8065,16130,3
4092,1368,418,2,8496,16992,22
4093,1368,118,2,3022,6044,24
4094,1369,357,2,1901,3802,27
4095,1369,263,2,7027,14054,6
4096,1369,124,2,4127,8254,34
4097,1369,3,1,810,810,4
4098,1369,442,1,5784,5784,15
4099,1370,316,1,2025,2025,23
4100,1370,124,1,4127,4127,13
4101,1370,93,1,8858,8858,6
4102,1370,442,1,5784,5784,41
4103,1371,195,2,527,1054,18
4104,1371,290,2,8108,16216,47
4105,1371,282,1,132,132,24
4106,1371,244,1,9563,9563,3
4107,1371,326,2,8014,16028,49
4108,1372,120,1,458,458,27
4109,1372,51,2,4970,9940,48
4110,1372,238,1,2253,2253,39
4111,1372,119,1,703,703,5
4112,1373,445,2,2069,4138,25
4113,1373,470,2,8803,17606,27
4114,1373,291,1,2599,2599,43
4115,1373,145,2,303,606,13
4116,1373,254,2,8080,16160,23
4117,1374,350,1,2023,2023,20
4118,1374,199,1,9352,9352,18
4119,1374,391,2,7357,14714,30
4120,1374,136,1,3041,3041,10
4121,1374,437,1,8765,8765,43
4122,1375,188,1,1340,1340,19
4123,1375,463,1,8313,8313,2
4124,1376,130,1,8697,8697,23
4125,1376,35,2,532,1064,26
4126,1376,193,2,2706,5412,21
4127,1377,412,2,2577,5154,12
4128,1377,32,2,9159,18318,0
4129,1377,81,2,5434,10868,17
4130,1377,412,1,2577,2577,6
4131,1377,369,1,2604,2604,2
4132,1378,285,2,6960,13920,46
4133,1378,233,1,7932,7932,15
4134,1378,2,2,1005,2010,27
4135,1378,483,2,5769,11538,41
4136,1378,38,1,7964,7964,36
4137,1379,65,2,1575,3150,46
4138,1379,231,2,6242,12484,48
4139,1379,420,1,2612,2612,3
4140,1380,263,1,7027,7027,8
4141,1380,272,1,9771,9771,33
4142,1380,179,2,7886,15772,26
4143,1380,456,1,8667,8667,11
4144,1381,138,2,6011,12022,38
4145,1381,423,2,9274,18548,13
4146,1381,358,1,876,876,8
4147,1381,40,2,8004,16008,34
4148,1381,487,2,1596,3192,26
4149,1382,56,1,3520,3520,21
4150,1382,74,1,4264,4264,23
4151,1383,442,2,5784,11568,4
4152,1383,429,1,9556,9556,19
4153,1383,311,2,1370,2740,24
4154,1383,440,1,632,632,21
4155,1384,478,2,7111,14222,11
4156,1384,128,2,1065,2130,46
4157,1384,429,1,9556,9556,41
4158,1384,7,2,4344,8688,9
4159,1384,143,1,1092,1092,32
4160,1385,294,1,2813,2813,34
4161,1385,392,2,1069,2138,18
4162,1386,90,2,5742,11484,18
4163,1387,173,2,7111,14222,2
4164,1387,80,1,9998,9998,24
4165,1387,370,2,2338,4676,15
4166,1387,266,2,1413,2826,45
4167,1387,407,1,5041,5041,25
4168,1388,386,1,7081,7081,23
4169,1388,482,2,4129,8258,29
4170,1389,58,2,9175,18350,24
4171,1389,167,1,7276,7276,13
4172,1390,114,2,8116,16232,22
4173,1390,250,2,4301,8602,35
4174,1391,138,1,6011,6011,46
4175,1391,205,2,4349,8698,39
4176,1391,430,1,8207,8207,19
4177,1391,250,2,4301,8602,43
4178,1391,255,1,6915,6915,31
4179,1392,3,1,810,810,39
4180,1392,33,1,2531,2531,46
4181,1392,7,2,4344,8688,32
4182,1392,305,2,6459,12918,34
4183,1392,365,2,2532,5064,18
4184,1393,74,2,4264,8528,10
4185,1394,59,2,3707,7414,43
4186,1395,155,1,3414,3414,24
4187,1395,5,1,1375,1375,32
4188,1395,441,1,5608,5608,19
4189,1395,415,2,9335,18670,7
4190,1395,171,1,4878,4878,27
4191,1396,481,1,6701,6701,22
4192,1396,88,1,1892,1892,20
4193,1396,373,1,5255,5255,45
4194,1396,364,1,5032,5032,16
4195,1397,411,1,683,683,46
4196,1398,448,1,2566,2566,15
4197,1398,286,2,1335,2670,47
4198,1398,108,2,1845,3690,48
4199,1398,85,2,7726,15452,42
4200,1399,411,2,683,1366,18
4201,1400,172,2,8206,16412,40
4202,1400,264,1,2992,2992,6
4203,1400,84,1,3374,3374,23
4204,1400,311,2,1370,2740,7
4205,1400,238,2,2253,4506,49
4206,1401,333,1,4948,4948,22
4207,1401,275,2,4126,8252,3
4208,1401,322,1,8465,8465,42
4209,1401,432,2,5619,11238,36
4210,1402,407,1,5041,5041,40
4211,1402,11,1,6295,6295,42
4212,1402,357,2,1901,3802,30
4213,1402,331,1,8327,8327,11
4214,1402,191,2,600,1200,3
4215,1403,223,1,3994,3994,16
4216,1403,319,1,5440,5440,42
4217,1403,442,2,5784,11568,15
4218,1404,281,2,8327,16654,7
4219,1404,270,1,5974,5974,21
4220,1404,428,1,4566,4566,48
4221,1404,85,1,7726,7726,10
4222,1405,113,1,8499,8499,30
4223,1406,467,2,989,1978,32
4224,1406,123,1,5979,5979,45
4225,1406,129,2,6421,12842,25
4226,1406,87,1,5931,5931,6
4227,1406,245,1,6825,6825,1
4228,1407,146,1,7549,7549,42
4229,1407,361,2,1521,3042,8
4230,1407,338,2,8558,17116,1
4231,1407,348,2,9864,19728,35
4232,1407,117,2,6431,12862,16
4233,1408,375,2,9583,19166,22
4234,1409,394,2,9264,18528,41
4235,1409,368,2,2023,4046,23
4236,1409,383,2,3997,7994,42
4237,1410,349,1,9083,9083,47
4238,1411,166,2,1767,3534,25
4239,1412,52,2,4381,8762,18
4240,1413,312,1,1017,1017,44
4241,1414,219,1,8550,8550,47
4242,1414,428,1,4566,4566,24
4243,1415,71,2,1979,3958,7
4244,1415,196,1,3348,3348,34
4245,1416,82,1,9229,9229,41
4246,1416,45,2,6000,12000,12
4247,1417,415,2,9335,18670,5
4248,1417,423,1,9274,9274,12
4249,1417,294,1,2813,2813,42
4250,1417,82,1,9229,9229,30
4251,1417,51,1,4970,4970,20
4252,1418,426,1,3669,3669,19
4253,1418,407,2,5041,10082,40
4254,1418,421,2,1837,3674,45
4255,1419,276,2,5653,11306,46
4256,1419,466,2,4450,8900,37
4257,1419,24,2,1400,2800,27
4258,1419,47,2,6006,12012,15
4259,1420,440,2,632,1264,45
4260,1420,106,1,3151,3151,36
4261,1421,286,1,1335,1335,6
4262,1421,13,2,2609,5218,27
4263,1421,212,1,2125,2125,48
4264,1422,8,1,552,552,43
4265,1423,362,2,9032,18064,47
4266,1424,294,2,2813,5626,37
4267,1424,3,2,810,1620,16
4268,1424,273,2,9304,18608,20
4269,1425,330,2,6169,12338,18
4270,1426,3,1,810,810,1
4271,1426,166,2,1767,3534,4
4272,1426,496,1,816,816,16
4273,1426,64,2,3594,7188,33
4274,1427,391,1,7357,7357,18
4275,1428,204,2,5332,10664,5
4276,1428,310,2,1023,2046,3
4277,1428,478,1,7111,7111,4
4278,1429,227,1,3371,3371,23
4279,1430,198,1,2082,2082,35
4280,1430,228,2,3377,6754,20
4281,1430,271,1,9332,9332,39
4282,1430,77,1,2932,2932,32
4283,1430,449,1,1273,1273,47
4284,1431,440,2,632,1264,28
4285,1431,432,2,5619,11238,1
4286,1431,265,1,445,445,48
4287,1431,261,2,8358,16716,28
4288,1431,178,2,885,1770,20
4289,1432,461,2,9272,18544,10
4290,1432,432,1,5619,5619,14
4291,1432,187,1,7902,7902,42
4292,1433,163,2,1089,2178,15
4293,1433,488,2,5080,10160,47
4294,1433,412,1,2577,2577,42
4295,1433,264,2,2992,5984,21
4296,1433,164,1,1863,1863,11
4297,1434,369,1,2604,2604,30
4298,1434,453,1,9440,9440,7
4299,1434,414,1,7849,7849,15
4300,1435,257,2,1515,3030,45
4301,1435,20,1,7740,7740,12
4302,1435,136,1,3041,3041,10
4303,1435,202,2,1340,2680,40
4304,1436,256,1,8015,8015,25
4305,1436,237,1,3798,3798,4
4306,1436,339,1,1062,1062,37
4307,1436,341,1,1233,1233,1
4308,1437,59,2,3707,7414,30
4309,1437,415,2,9335,18670,29
4310,1437,156,2,1080,2160,40
4311,1438,375,1,9583,9583,16
4312,1438,456,2,8667,17334,2
4313,1438,115,2,901,1802,40
4314,1438,135,1,2784,2784,4
4315,1439,202,1,1340,1340,22
4316,1439,89,1,1967,1967,38
4317,1439,178,1,885,885,49
4318,1440,306,2,427,854,16
4319,1440,1,1,7383,7383,2
4320,1441,114,1,8116,8116,3
4321,1441,161,1,8668,8668,49
4322,1441,499,1,7189,7189,4
4323,1441,496,1,816,816,22
4324,1442,168,2,2126,4252,3
4325,1442,178,2,885,1770,27
4326,1442,494,1,7434,7434,28
4327,1443,103,2,3003,6006,41
4328,1444,429,2,9556,19112,41
4329,1444,280,1,598,598,3
4330,1444,346,1,8830,8830,16
4331,1444,440,1,632,632,15
4332,1444,205,1,4349,4349,10
4333,1445,33,1,2531,2531,9
4334,1445,309,1,5432,5432,9
4335,1445,126,2,511,1022,40
4336,1445,266,1,1413,1413,13
4337,1445,242,1,959,959,15
4338,1446,445,2,2069,4138,3
4339,1446,45,2,6000,12000,48
4340,1446,151,1,9774,9774,33
4341,1447,212,2,2125,4250,30
4342,1447,146,2,7549,15098,3
4343,1447,24,2,1400,2800,14
4344,1448,131,2,6426,12852,35
4345,1448,203,1,8865,8865,18
4346,1448,412,2,2577,5154,41
4347,1449,443,2,1814,3628,4
4348,1450,2,1,1005,1005,42
4349,1450,110,1,166,166,6
4350,1450,141,2,5963,11926,21
4351,1450,203,2,8865,17730,35
4352,1450,349,2,9083,18166,5
4353,1451,61,2,6585,13170,8
4354,1452,471,2,3454,6908,44
4355,1452,361,2,1521,3042,33
4356,1452,351,1,8394,8394,40
4357,1452,360,2,7936,15872,17
4358,1453,496,2,816,1632,38
4359,1453,192,1,8710,8710,20
4360,1453,485,2,2932,5864,1
4361,1453,36,1,3776,3776,11
4362,1453,289,1,6074,6074,41
4363,1454,63,1,226,226,23
4364,1454,269,1,8261,8261,42
4365,1454,206,2,6328,12656,38
4366,1454,244,2,9563,19126,5
4367,1454,447,1,2645,2645,33
4368,1455,498,1,5376,5376,48
4369,1456,206,2,6328,12656,43
4370,1456,280,1,598,598,35
4371,1456,187,1,7902,7902,0
4372,1456,452,1,200,200,47
4373,1456,159,1,5798,5798,46
4374,1457,394,2,9264,18528,40
4375,1457,275,1,4126,4126,34
4376,1458,74,1,4264,4264,35
4377,1458,338,2,8558,17116,41
4378,1458,234,2,3036,6072,31
4379,1458,363,1,5692,5692,32
4380,1458,178,1,885,885,43
4381,1459,234,2,3036,6072,2
4382,1459,199,2,9352,18704,48
4383,1459,452,2,200,400,26
4384,1459,366,2,3411,6822,25
4385,1459,323,2,3539,7078,35
4386,1460,276,2,5653,11306,25
4387,1460,349,2,9083,18166,2
4388,1460,207,2,1145,2290,26
4389,1460,213,1,1327,1327,33
4390,1461,210,1,2955,2955,18
4391,1461,472,1,8141,8141,46
4392,1462,185,2,9725,19450,46
4393,1462,140,1,7936,7936,44
4394,1463,297,2,1490,2980,44
4395,1463,448,1,2566,2566,36
4396,1463,265,1,445,445,16
4397,1463,344,2,7129,14258,34
4398,1464,395,2,4317,8634,33
4399,1464,429,2,9556,19112,19
4400,1464,232,1,4005,4005,14
4401,1465,223,1,3994,3994,25
4402,1465,227,1,3371,3371,3
4403,1466,248,2,5140,10280,9
4404,1467,71,1,1979,1979,42
4405,1467,52,2,4381,8762,31
4406,1467,248,2,5140,10280,22
4407,1468,149,1,6253,6253,10
4408,1469,117,1,6431,6431,32
4409,1469,441,1,5608,5608,7
4410,1469,285,2,6960,13920,44
4411,1470,275,1,4126,4126,25
4412,1470,6,2,9079,18158,0
4413,1470,362,1,9032,9032,29
4414,1470,46,2,2736,5472,14
4415,1470,362,2,9032,18064,29
4416,1471,311,1,1370,1370,27
4417,1471,412,1,2577,2577,3
4418,1471,146,2,7549,15098,11
4419,1471,401,1,2493,2493,49
4420,1472,64,2,3594,7188,48
4421,1473,92,2,9153,18306,30
4422,1473,442,2,5784,11568,9
4423,1473,47,2,6006,12012,11
4424,1473,225,2,6279,12558,22
4425,1473,43,2,2257,4514,47
4426,1474,424,2,8160,16320,20
4427,1474,395,1,4317,4317,10
4428,1474,85,2,7726,15452,28
4429,1474,342,1,808,808,21
4430,1475,346,1,8830,8830,42
4431,1475,362,1,9032,9032,20
4432,1475,300,2,3824,7648,1
4433,1475,344,1,7129,7129,41
4434,1476,233,1,7932,7932,32
4435,1476,483,1,5769,5769,43
4436,1477,8,1,552,552,43
4437,1477,77,1,2932,2932,20
4438,1477,378,1,9971,9971,42
4439,1477,14,2,6673,13346,3
4440,1478,194,1,8080,8080,34
4441,1478,169,2,1711,3422,36
4442,1478,390,2,2081,4162,1
4443,1478,163,1,1089,1089,47
4444,1478,346,1,8830,8830,25
4445,1479,157,2,8682,17364,3
4446,1479,309,2,5432,10864,8
4447,1479,207,2,1145,2290,31
4448,1479,282,1,132,132,15
4449,1480,345,1,6080,6080,37
4450,1480,388,2,2920,5840,10
4451,1480,30,2,7952,15904,15
4452,1480,73,2,4792,9584,39
4453,1480,69,2,3379,6758,40
4454,1481,1,2,7383,14766,29
4455,1481,215,2,1100,2200,46
4456,1481,60,2,8364,16728,40
4457,1481,290,2,8108,16216,15
4458,1481,388,1,2920,2920,23
4459,1482,245,2,6825,13650,44
4460,1482,60,1,8364,8364,6
4461,1482,412,1,2577,2577,43
4462,1483,345,1,6080,6080,42
4463,1483,88,2,1892,3784,4
4464,1483,82,1,9229,9229,38
4465,1483,11,2,6295,12590,17
4466,1484,497,1,6071,6071,19
4467,1484,201,2,1906,3812,44
4468,1484,425,2,6302,12604,10
4469,1485,353,2,8490,16980,6
4470,1485,222,2,8997,17994,49
4471,1485,48,1,7171,7171,25
4472,1485,80,1,9998,9998,47
4473,1486,405,2,7803,15606,42
4474,1486,13,2,2609,5218,18
4475,1486,373,1,5255,5255,36
4476,1486,372,2,1416,2832,33
4477,1487,202,2,1340,2680,4
4478,1487,346,2,8830,17660,22
4479,1487,94,2,8136,16272,18
4480,1487,271,1,9332,9332,37
4481,1488,300,1,3824,3824,19
4482,1488,457,2,4081,8162,2
4483,1488,417,1,5478,5478,42
4484,1488,50,1,7706,7706,0
4485,1488,9,2,7261,14522,32
4486,1489,207,2,1145,2290,45
4487,1489,455,1,6367,6367,12
4488,1489,499,2,7189,14378,6
4489,1489,346,1,8830,8830,42
4490,1489,399,1,2348,2348,48
4491,1490,121,2,9357,18714,20
4492,1490,216,1,6829,6829,19
4493,1490,483,2,5769,11538,0
4494,1491,151,1,9774,9774,23
4495,1491,164,1,1863,1863,39
4496,1491,374,1,1359,1359,45
4497,1491,134,2,433,866,44
4498,1491,215,2,1100,2200,45
4499,1492,217,1,6416,6416,20
4500,1493,121,2,9357,18714,44
4501,1494,107,2,4996,9992,0
4502,1494,69,2,3379,6758,33
4503,1494,265,2,445,890,17
4504,1494,428,1,4566,4566,27
4505,1495,217,2,6416,12832,36
4506,1495,340,2,6534,13068,1
4507,1496,379,1,288,288,2
4508,1497,253,1,4985,4985,25
4509,1497,313,1,2105,2105,44
4510,1497,129,1,6421,6421,45
4511,1497,453,1,9440,9440,1
4512,1498,261,2,8358,16716,24
4513,1498,147,1,4932,4932,33
4514,1498,226,2,6844,13688,15
4515,1498,109,1,7744,7744,21
4516,1499,96,2,7924,15848,15
4517,1500,446,2,9384,18768,34
4518,1501,485,2,2932,5864,26
4519,1501,126,2,511,1022,8
4520,1502,32,2,9159,18318,35
4521,1502,198,1,2082,2082,14
4522,1503,333,1,4948,4948,0
4523,1503,261,1,8358,8358,30
4524,1504,135,1,2784,2784,43
4525,1504,45,2,6000,12000,0
4526,1504,492,2,2978,5956,40
4527,1505,207,1,1145,1145,49
4528,1505,423,2,9274,18548,26
4529,1506,210,2,2955,5910,26
4530,1506,257,2,1515,3030,20
4531,1506,387,1,9763,9763,39
4532,1506,431,1,3477,3477,7
4533,1506,403,1,5297,5297,10
4534,1507,158,1,3155,3155,13
4535,1507,146,2,7549,15098,46
4536,1507,95,2,1920,3840,42
4537,1508,455,2,6367,12734,16
4538,1508,281,2,8327,16654,28
4539,1508,320,1,4686,4686,29
4540,1508,319,1,5440,5440,27
4541,1509,414,2,7849,15698,37
4542,1509,267,2,9802,19604,26
4543,1509,4,2,3526,7052,24
4544,1509,298,2,7494,14988,44
4545,1510,415,1,9335,9335,22
4546,1510,194,1,8080,8080,46
4547,1510,11,2,6295,12590,36
4548,1511,160,1,4753,4753,48
4549,1511,73,1,4792,4792,35
4550,1511,215,2,1100,2200,15
4551,1512,312,2,1017,2034,44
4552,1512,182,2,3502,7004,13
4553,1513,191,1,600,600,20
4554,1513,381,1,1186,1186,0
4555,1514,403,1,5297,5297,14
4556,1514,280,2,598,1196,33
4557,1514,73,2,4792,9584,38
4558,1514,404,2,5532,11064,39
4559,1515,474,2,6848,13696,23
4560,1516,435,2,1446,2892,17
4561,1516,455,1,6367,6367,48
4562,1516,459,2,3610,7220,24
4563,1517,82,2,9229,18458,1
4564,1517,124,1,4127,4127,23
4565,1517,294,1,2813,2813,15
4566,1518,472,2,8141,16282,33
4567,1518,128,2,1065,2130,7
4568,1518,348,2,9864,19728,42
4569,1519,348,2,9864,19728,33
4570,1519,86,1,3922,3922,21
4571,1519,500,1,8459,8459,30
4572,1519,398,2,6975,13950,28
4573,1519,376,1,7229,7229,2
4574,1520,127,1,803,803,40
4575,1520,215,1,1100,1100,7
4576,1521,145,1,303,303,35
4577,1522,11,1,6295,6295,46
4578,1522,34,1,4723,4723,45
4579,1523,75,1,5949,5949,13
4580,1524,306,1,427,427,23
4581,1524,209,2,8256,16512,38
4582,1524,317,2,3598,7196,6
4583,1524,266,1,1413,1413,34
4584,1524,292,2,9437,18874,1
4585,1525,428,2,4566,9132,36
4586,1525,436,2,9749,19498,39
4587,1525,386,2,7081,14162,8
4588,1525,44,2,7604,15208,8
4589,1526,489,2,4052,8104,11
4590,1526,47,2,6006,12012,22
4591,1527,442,1,5784,5784,1
4592,1527,346,1,8830,8830,31
4593,1527,93,2,8858,17716,16
4594,1527,332,2,9187,18374,23
4595,1527,385,1,3416,3416,44
4596,1528,380,1,5037,5037,15
4597,1528,307,1,3734,3734,5
4598,1528,289,1,6074,6074,7
4599,1529,376,2,7229,14458,39
4600,1529,467,2,989,1978,28
4601,1529,374,2,1359,2718,22
4602,1529,249,1,3076,3076,19
4603,1530,227,1,3371,3371,46
4604,1530,247,2,5807,11614,1
4605,1530,341,2,1233,2466,29
4606,1530,367,2,7596,15192,22
4607,1531,2,2,1005,2010,45
4608,1531,415,2,9335,18670,7
4609,1531,368,1,2023,2023,26
4610,1531,142,1,4451,4451,2
4611,1532,307,1,3734,3734,18
4612,1532,376,1,7229,7229,11
4613,1532,49,2,4975,9950,17
4614,1532,324,2,9564,19128,1
4615,1533,44,2,7604,15208,11
4616,1533,409,1,3636,3636,6
4617,1533,263,2,7027,14054,29
4618,1533,219,1,8550,8550,42
4619,1534,60,1,8364,8364,27
4620,1534,470,2,8803,17606,43
4621,1535,184,2,2562,5124,39
4622,1536,151,2,9774,19548,16
4623,1536,466,1,4450,4450,42
4624,1536,458,1,7231,7231,32
4625,1536,438,2,9722,19444,44
4626,1537,167,2,7276,14552,27
4627,1537,203,1,8865,8865,3
4628,1537,307,2,3734,7468,3
4629,1537,290,2,8108,16216,14
4630,1537,307,1,3734,3734,5
4631,1538,301,1,7201,7201,27
4632,1538,144,2,952,1904,45
4633,1538,299,1,6735,6735,48
4634,1538,375,1,9583,9583,30
4635,1538,135,1,2784,2784,20
4636,1539,491,2,7872,15744,49
4637,1539,26,1,4719,4719,18
4638,1540,122,2,8570,17140,36
4639,1540,51,2,4970,9940,45
4640,1540,488,2,5080,10160,22
4641,1540,192,2,8710,17420,0
4642,1541,286,2,1335,2670,13
4643,1542,33,1,2531,2531,30
4644,1542,77,1,2932,2932,43
4645,1542,242,2,959,1918,7
4646,1542,267,1,9802,9802,35
4647,1543,179,2,7886,15772,45
4648,1543,408,1,1506,1506,20
4649,1544,388,1,2920,2920,28
4650,1545,276,1,5653,5653,39
4651,1546,263,2,7027,14054,39
4652,1546,434,1,7634,7634,26
4653,1546,293,1,3156,3156,26
4654,1546,398,1,6975,6975,26
4655,1546,191,2,600,1200,22
4656,1547,211,1,8936,8936,33
4657,1547,333,1,4948,4948,42
4658,1548,105,1,2035,2035,32
4659,1548,266,1,1413,1413,39
4660,1548,469,2,7584,15168,27
4661,1549,129,2,6421,12842,29
4662,1549,196,1,3348,3348,39
4663,1549,331,2,8327,16654,5
4664,1549,379,1,288,288,34
4665,1549,384,1,2886,2886,18
4666,1550,458,2,7231,14462,45
4667,1550,228,2,3377,6754,31
4668,1551,25,1,7208,7208,47
4669,1551,273,1,9304,9304,2
4670,1551,131,2,6426,12852,28
4671,1552,440,1,632,632,34
4672,1552,55,1,2603,2603,21
4673,1552,312,1,1017,1017,49
4674,1553,96,2,7924,15848,4
4675,1553,163,1,1089,1089,19
4676,1553,131,2,6426,12852,32
4677,1553,297,1,1490,1490,4
4678,1553,357,2,1901,3802,23
4679,1554,411,2,683,1366,45
4680,1554,477,2,4434,8868,25
4681,1555,49,1,4975,4975,26
4682,1555,39,2,569,1138,13
4683,1555,73,2,4792,9584,31
4684,1555,4,1,3526,3526,2
4685,1556,246,2,7060,14120,36
4686,1556,310,2,1023,2046,18
4687,1557,483,1,5769,5769,43
4688,1557,437,1,8765,8765,43
4689,1557,198,2,2082,4164,30
4690,1557,86,1,3922,3922,9
4691,1558,410,1,1950,1950,41
4692,1558,38,2,7964,15928,44
4693,1559,423,2,9274,18548,11
4694,1559,364,1,5032,5032,22
4695,1559,329,2,6394,12788,38
4696,1559,41,1,4365,4365,43
4697,1560,448,2,2566,5132,2
4698,1561,62,2,7260,14520,27
4699,1562,249,2,3076,6152,43
4700,1562,66,1,3514,3514,30
4701,1562,30,2,7952,15904,48
4702,1562,371,1,8364,8364,34
4703,1563,107,1,4996,4996,36
4704,1563,310,2,1023,2046,19
4705,1563,263,1,7027,7027,31
4706,1564,322,2,8465,16930,22
4707,1564,365,1,2532,2532,20
4708,1565,7,2,4344,8688,18
4709,1565,84,2,3374,6748,2
4710,1565,414,2,7849,15698,34
4711,1565,364,2,5032,10064,19
4712,1566,279,2,8933,17866,42
4713,1566,199,2,9352,18704,29
4714,1566,161,2,8668,17336,4
4715,1567,382,2,1765,3530,16
4716,1567,16,1,6789,6789,17
4717,1567,176,1,6822,6822,34
4718,1568,416,2,1795,3590,32
4719,1568,234,1,3036,3036,33
4720,1568,148,2,5057,10114,1
4721,1569,393,1,5614,5614,33
4722,1569,69,2,3379,6758,34
4723,1570,42,2,3798,7596,12
4724,1570,364,2,5032,10064,11
4725,1570,467,2,989,1978,42
4726,1570,466,1,4450,4450,37
4727,1571,128,1,1065,1065,25
4728,1571,488,1,5080,5080,42
4729,1572,188,2,1340,2680,22
4730,1572,22,1,2507,2507,48
4731,1573,494,2,7434,14868,29
4732,1573,326,1,8014,8014,43
4733,1573,358,1,876,876,11
4734,1573,40,1,8004,8004,22
4735,1573,252,1,2663,2663,0
4736,1574,250,1,4301,4301,32
4737,1575,465,2,1200,2400,46
4738,1575,332,2,9187,18374,34
4739,1575,250,2,4301,8602,20
4740,1575,473,1,444,444,24
4741,1575,270,2,5974,11948,32
4742,1576,172,1,8206,8206,44
4743,1576,482,2,4129,8258,30
4744,1576,126,2,511,1022,3
4745,1576,298,1,7494,7494,36
4746,1576,32,2,9159,18318,31
4747,1577,386,1,7081,7081,33
4748,1577,419,1,6185,6185,6
4749,1577,472,2,8141,16282,11
4750,1577,255,1,6915,6915,21
4751,1577,47,2,6006,12012,12
4752,1578,377,1,3078,3078,48
4753,1578,293,1,3156,3156,8
4754,1578,408,2,1506,3012,20
4755,1579,468,2,1895,3790,35
4756,1579,164,2,1863,3726,45
4757,1579,435,1,1446,1446,46
4758,1579,318,1,8576,8576,26
4759,1580,34,2,4723,9446,11
4760,1580,39,2,569,1138,36
4761,1581,243,1,3767,3767,5
4762,1581,489,2,4052,8104,5
4763,1581,108,1,1845,1845,31
4764,1581,184,2,2562,5124,8
4765,1581,369,2,2604,5208,36
4766,1582,245,1,6825,6825,4
4767,1582,404,2,5532,11064,47
4768,1583,471,1,3454,3454,47
4769,1584,85,1,7726,7726,40
4770,1584,368,1,2023,2023,2
4771,1584,375,2,9583,19166,0
4772,1584,422,1,2063,2063,35
4773,1584,277,2,1812,3624,42
4774,1585,426,2,3669,7338,34
4775,1585,297,2,1490,2980,9
4776,1585,237,2,3798,7596,9
4777,1586,20,2,7740,15480,4
4778,1586,132,2,4597,9194,12
4779,1586,87,1,5931,5931,20
4780,1587,97,2,2581,5162,22
4781,1587,494,2,7434,14868,34
4782,1587,68,1,1393,1393,32
4783,1587,72,1,4731,4731,5
4784,1587,354,2,6624,13248,39
4785,1588,252,1,2663,2663,25
4786,1588,166,1,1767,1767,11
4787,1588,156,2,1080,2160,26
4788,1589,293,2,3156,6312,2
4789,1589,408,1,1506,1506,27
4790,1589,371,2,8364,16728,14
4791,1589,73,2,4792,9584,26
4792,1589,186,1,301,301,38
4793,1590,482,1,4129,4129,18
4794,1590,403,1,5297,5297,13
4795,1590,442,1,5784,5784,0
4796,1591,261,2,8358,16716,27
4797,1592,177,2,5567,11134,6
4798,1592,464,1,626,626,45
4799,1593,288,2,6709,13418,2
4800,1593,181,2,575,1150,21
4801,1594,419,2,6185,12370,14
4802,1595,353,2,8490,16980,20
4803,1595,264,1,2992,2992,26
4804,1595,9,2,7261,14522,39
4805,1596,58,2,9175,18350,27
4806,1596,36,2,3776,7552,8
4807,1596,362,2,9032,18064,45
4808,1596,19,2,9031,18062,47
4809,1597,131,1,6426,6426,38
4810,1597,483,1,5769,5769,43
4811,1597,396,2,2758,5516,14
4812,1597,381,1,1186,1186,18
4813,1597,171,1,4878,4878,4
4814,1598,325,1,4425,4425,49
4815,1599,58,1,9175,9175,28
4816,1599,361,1,1521,1521,7
4817,1599,171,2,4878,9756,11
4818,1599,411,1,683,683,13
4819,1599,330,2,6169,12338,49
4820,1600,193,2,2706,5412,35
4821,1600,349,1,9083,9083,16
4822,1600,484,1,966,966,34
4823,1601,201,2,1906,3812,17
4824,1601,254,2,8080,16160,37
4825,1601,346,2,8830,17660,49
4826,1601,245,1,6825,6825,23
4827,1601,368,1,2023,2023,11
4828,1602,48,2,7171,14342,16
4829,1602,459,1,3610,3610,48
4830,1602,164,2,1863,3726,21
4831,1603,210,1,2955,2955,48
4832,1603,279,1,8933,8933,3
4833,1603,490,2,2663,5326,41
4834,1603,242,2,959,1918,15
4835,1603,420,1,2612,2612,34
4836,1604,377,2,3078,6156,40
4837,1604,263,2,7027,14054,45
4838,1604,418,2,8496,16992,11
4839,1605,169,1,1711,1711,24
4840,1605,493,1,674,674,49
4841,1606,342,1,808,808,38
4842,1606,478,2,7111,14222,15
4843,1606,405,1,7803,7803,45
4844,1607,138,2,6011,12022,8
4845,1607,489,1,4052,4052,4
4846,1607,105,2,2035,4070,40
4847,1607,209,2,8256,16512,0
4848,1608,228,1,3377,3377,0
4849,1608,98,1,8801,8801,15
4850,1608,268,1,8452,8452,14
4851,1609,391,2,7357,14714,10
4852,1609,399,2,2348,4696,34
4853,1609,339,1,1062,1062,1
4854,1610,210,2,2955,5910,47
4855,1610,92,2,9153,18306,35
4856,1610,112,1,1365,1365,37
4857,1611,330,1,6169,6169,25
4858,1611,393,1,5614,5614,4
4859,1611,31,2,6864,13728,25
4860,1612,110,1,166,166,32
4861,1612,252,2,2663,5326,35
4862,1613,6,1,9079,9079,36
4863,1613,281,1,8327,8327,6
4864,1613,385,1,3416,3416,24
4865,1613,328,1,1982,1982,12
4866,1614,361,1,1521,1521,27
4867,1614,469,2,7584,15168,12
4868,1614,353,2,8490,16980,33
4869,1615,355,1,3972,3972,18
4870,1615,474,1,6848,6848,24
4871,1615,155,2,3414,6828,1
4872,1615,170,1,5243,5243,14
4873,1616,104,1,4304,4304,35
4874,1616,299,1,6735,6735,44
4875,1616,176,2,6822,13644,15
4876,1616,463,1,8313,8313,44
4877,1616,108,2,1845,3690,20
4878,1617,387,1,9763,9763,23
4879,1617,428,2,4566,9132,13
4880,1617,44,2,7604,15208,37
4881,1618,439,2,8872,17744,35
4882,1618,186,1,301,301,22
4883,1618,495,1,7826,7826,37
4884,1619,110,1,166,166,38
4885,1619,431,2,3477,6954,6
4886,1619,208,2,9063,18126,0
4887,1620,194,1,8080,8080,41
4888,1620,362,2,9032,18064,3
4889,1620,334,1,7855,7855,3
4890,1620,390,1,2081,2081,27
4891,1621,8,1,552,552,18
4892,1621,473,1,444,444,32
4893,1621,258,2,6742,13484,15
4894,1622,381,1,1186,1186,48
4895,1622,478,1,7111,7111,19
4896,1623,181,1,575,575,1
4897,1623,95,2,1920,3840,18
4898,1623,372,2,1416,2832,28
4899,1623,236,1,5507,5507,11
4900,1623,276,2,5653,11306,38
4901,1624,28,1,3348,3348,11
4902,1624,380,2,5037,10074,21
4903,1624,213,2,1327,2654,21
4904,1625,385,2,3416,6832,10
4905,1625,449,2,1273,2546,15
4906,1625,240,1,826,826,49
4907,1625,350,2,2023,4046,45
4908,1626,324,2,9564,19128,9
4909,1626,412,1,2577,2577,3
4910,1626,197,2,1979,3958,46
4911,1627,189,2,7671,15342,29
4912,1627,374,1,1359,1359,2
4913,1627,198,1,2082,2082,48
4914,1628,227,1,3371,3371,45
4915,1629,296,2,4832,9664,20
4916,1629,170,2,5243,10486,34
4917,1629,365,1,2532,2532,26
4918,1629,307,2,3734,7468,9
4919,1629,321,2,7163,14326,37
4920,1630,400,1,4939,4939,6
4921,1630,375,1,9583,9583,3
4922,1630,166,1,1767,1767,17
4923,1630,301,2,7201,14402,35
4924,1631,271,1,9332,9332,48
4925,1631,257,2,1515,3030,44
4926,1632,456,1,8667,8667,47
4927,1632,167,2,7276,14552,44
4928,1632,477,2,4434,8868,44
4929,1632,45,1,6000,6000,14
4930,1632,284,2,1327,2654,22
4931,1633,142,1,4451,4451,47
4932,1633,33,2,2531,5062,19
4933,1634,207,2,1145,2290,8
4934,1635,95,2,1920,3840,45
4935,1635,450,2,2223,4446,10
4936,1635,338,1,8558,8558,1
4937,1636,433,2,1018,2036,31
4938,1636,350,2,2023,4046,9
4939,1636,167,2,7276,14552,39
4940,1636,172,1,8206,8206,9
4941,1637,267,1,9802,9802,12
4942,1638,137,2,9792,19584,37
4943,1638,390,1,2081,2081,24
4944,1638,237,1,3798,3798,30
4945,1639,90,2,5742,11484,39
4946,1639,243,1,3767,3767,10
4947,1640,240,1,826,826,14
4948,1640,500,1,8459,8459,42
4949,1640,358,2,876,1752,49
4950,1640,41,2,4365,8730,12
4951,1641,291,2,2599,5198,46
4952,1641,265,1,445,445,4
4953,1641,225,1,6279,6279,21
4954,1642,123,1,5979,5979,7
4955,1642,39,2,569,1138,17
4956,1642,498,2,5376,10752,39
4957,1642,121,2,9357,18714,49
4958,1642,213,2,1327,2654,4
4959,1643,234,1,3036,3036,15
4960,1643,463,1,8313,8313,29
4961,1643,415,1,9335,9335,42
4962,1643,458,2,7231,14462,45
4963,1644,365,2,2532,5064,40
4964,1644,332,1,9187,9187,45
4965,1644,10,2,7504,15008,46
4966,1645,66,1,3514,3514,34
4967,1645,6,1,9079,9079,8
4968,1645,324,1,9564,9564,22
4969,1646,237,1,3798,3798,28
4970,1647,308,1,9878,9878,19
4971,1647,111,2,4199,8398,5
4972,1647,137,1,9792,9792,34
4973,1648,421,1,1837,1837,36
4974,1648,48,2,7171,14342,14
4975,1648,320,1,4686,4686,32
4976,1649,124,2,4127,8254,23
4977,1649,322,1,8465,8465,33
4978,1649,297,1,1490,1490,28
4979,1649,22,1,2507,2507,16
4980,1649,5,1,1375,1375,25
4981,1650,437,2,8765,17530,22
4982,1650,478,2,7111,14222,33
4983,1651,374,2,1359,2718,45
4984,1651,7,1,4344,4344,47
4985,1652,82,2,9229,18458,31
4986,1652,48,1,7171,7171,29
4987,1653,369,2,2604,5208,35
4988,1653,414,1,7849,7849,42
4989,1654,141,2,5963,11926,8
4990,1655,128,1,1065,1065,7
4991,1655,148,2,5057,10114,36
4992,1655,264,2,2992,5984,44
4993,1655,199,2,9352,18704,15
4994,1655,111,1,4199,4199,36
4995,1656,32,2,9159,18318,8
4996,1656,500,1,8459,8459,22
4997,1656,91,2,2426,4852,28
4998,1657,421,1,1837,1837,19
4999,1657,221,2,3953,7906,16
5000,1657,203,1,8865,8865,38
5001,1657,82,2,9229,18458,40
5002,1657,435,2,1446,2892,35
5003,1658,13,2,2609,5218,6
5004,1658,437,2,8765,17530,21
5005,1659,188,1,1340,1340,26
5006,1659,17,1,3755,3755,35
5007,1659,389,1,8169,8169,6
5008,1660,353,1,8490,8490,40
5009,1660,361,2,1521,3042,46
5010,1661,174,2,5394,10788,25
5011,1661,405,1,7803,7803,10
5012,1661,215,2,1100,2200,25
5013,1661,130,1,8697,8697,49
5014,1662,324,2,9564,19128,18
5015,1662,98,1,8801,8801,38
5016,1663,154,1,2254,2254,4
5017,1663,70,2,5334,10668,38
5018,1663,81,2,5434,10868,39
5019,1663,6,2,9079,18158,8
5020,1664,131,2,6426,12852,39
5021,1665,325,2,4425,8850,17
5022,1665,455,1,6367,6367,1
5023,1665,153,1,6657,6657,30
5024,1665,415,1,9335,9335,0
5025,1665,44,2,7604,15208,44
5026,1666,479,2,4003,8006,47
5027,1667,156,1,1080,1080,1
5028,1668,59,1,3707,3707,39
5029,1668,97,2,2581,5162,15
5030,1669,220,2,792,1584,41
5031,1669,437,1,8765,8765,33
5032,1670,325,2,4425,8850,38
5033,1670,466,2,4450,8900,9
5034,1670,405,2,7803,15606,13
5035,1670,100,2,2808,5616,31
5036,1670,470,1,8803,8803,44
5037,1671,381,2,1186,2372,21
5038,1671,9,1,7261,7261,7
5039,1671,88,2,1892,3784,29
5040,1672,375,2,9583,19166,7
5041,1672,269,1,8261,8261,26
5042,1672,472,2,8141,16282,30
5043,1672,303,1,6559,6559,23
5044,1672,232,1,4005,4005,16
5045,1673,388,1,2920,2920,48
5046,1673,251,2,1127,2254,1
5047,1673,466,1,4450,4450,7
5048,1673,404,2,5532,11064,6
5049,1673,76,2,1796,3592,37
5050,1674,368,2,2023,4046,42
5051,1674,367,2,7596,15192,34
5052,1674,404,1,5532,5532,30
5053,1675,301,1,7201,7201,14
5054,1675,394,2,9264,18528,29
5055,1675,202,1,1340,1340,43
5056,1676,334,1,7855,7855,27
5057,1676,185,2,9725,19450,46
5058,1676,247,1,5807,5807,49
5059,1677,5,1,1375,1375,14
5060,1677,293,2,3156,6312,18
5061,1678,487,2,1596,3192,33
5062,1678,387,2,9763,19526,17
5063,1678,243,2,3767,7534,44
5064,1679,410,2,1950,3900,27
5065,1679,469,1,7584,7584,43
5066,1679,487,1,1596,1596,43
5067,1679,351,2,8394,16788,10
5068,1680,397,1,9923,9923,8
5069,1680,4,2,3526,7052,25
5070,1680,121,2,9357,18714,16
5071,1680,179,2,7886,15772,43
5072,1681,111,1,4199,4199,33
5073,1681,151,2,9774,19548,10
5074,1681,151,2,9774,19548,16
5075,1682,257,2,1515,3030,47
5076,1682,36,2,3776,7552,47
5077,1683,214,2,9847,19694,38
5078,1683,331,1,8327,8327,25
5079,1683,422,2,2063,4126,37
5080,1683,23,1,5151,5151,26
5081,1683,102,2,7997,15994,22
5082,1684,435,2,1446,2892,13
5083,1684,20,2,7740,15480,32
5084,1684,49,1,4975,4975,46
5085,1684,442,2,5784,11568,21
5086,1685,355,1,3972,3972,9
5087,1685,411,2,683,1366,23
5088,1686,489,1,4052,4052,32
5089,1686,385,2,3416,6832,44
5090,1686,404,1,5532,5532,10
5091,1686,68,2,1393,2786,8
5092,1687,255,2,6915,13830,30
5093,1687,248,2,5140,10280,10
5094,1688,164,2,1863,3726,11
5095,1688,42,1,3798,3798,18
5096,1688,24,2,1400,2800,10
5097,1688,206,1,6328,6328,43
5098,1688,397,1,9923,9923,41
5099,1689,81,1,5434,5434,3
5100,1689,329,2,6394,12788,49
5101,1690,444,1,9635,9635,27
5102,1690,436,2,9749,19498,8
5103,1690,63,1,226,226,3
5104,1691,107,2,4996,9992,41
5105,1691,224,2,6082,12164,1
5106,1691,257,1,1515,1515,31
5107,1692,226,1,6844,6844,9
5108,1692,294,2,2813,5626,12
5109,1692,198,2,2082,4164,7
5110,1692,184,1,2562,2562,15
5111,1692,222,1,8997,8997,8
5112,1693,305,1,6459,6459,19
5113,1694,44,2,7604,15208,27
5114,1694,482,2,4129,8258,9
5115,1694,318,2,8576,17152,44
5116,1694,207,2,1145,2290,23
5117,1694,380,1,5037,5037,15
5118,1695,338,1,8558,8558,14
5119,1695,323,1,3539,3539,13
5120,1695,137,1,9792,9792,2
5121,1696,322,2,8465,16930,7
5122,1696,62,2,7260,14520,19
5123,1696,197,2,1979,3958,38
5124,1696,55,1,2603,2603,17
5125,1697,66,1,3514,3514,1
5126,1697,129,1,6421,6421,13
5127,1697,334,1,7855,7855,13
5128,1697,246,1,7060,7060,14
5129,1697,351,2,8394,16788,26
5130,1698,450,2,2223,4446,37
5131,1698,282,2,132,264,16
5132,1699,396,2,2758,5516,33
5133,1699,217,2,6416,12832,43
5134,1699,130,1,8697,8697,32
5135,1700,2,2,1005,2010,24
5136,1701,209,2,8256,16512,2
5137,1701,313,1,2105,2105,15
5138,1701,202,1,1340,1340,8
5139,1701,199,1,9352,9352,32
5140,1701,233,2,7932,15864,17
5141,1702,308,2,9878,19756,8
5142,1702,339,1,1062,1062,17
5143,1702,67,2,1386,2772,41
5144,1703,117,1,6431,6431,9
5145,1703,143,1,1092,1092,43
5146,1704,71,1,1979,1979,10
5147,1704,416,2,1795,3590,19
5148,1704,265,1,445,445,30
5149,1704,33,2,2531,5062,5
5150,1704,31,1,6864,6864,9
5151,1705,23,1,5151,5151,2
5152,1705,309,2,5432,10864,32
5153,1705,417,1,5478,5478,26
5154,1706,188,2,1340,2680,12
5155,1706,391,2,7357,14714,35
5156,1706,149,2,6253,12506,30
5157,1707,40,2,8004,16008,48
5158,1707,370,2,2338,4676,14
5159,1707,261,2,8358,16716,31
5160,1707,359,1,134,134,7
5161,1707,310,1,1023,1023,27
5162,1708,404,2,5532,11064,10
5163,1708,46,2,2736,5472,33
5164,1708,29,2,8365,16730,46
5165,1708,141,2,5963,11926,10
5166,1709,391,2,7357,14714,4
5167,1710,266,2,1413,2826,36
5168,1710,151,2,9774,19548,16
5169,1711,79,1,7778,7778,11
5170,1712,428,1,4566,4566,24
5171,1712,434,1,7634,7634,49
5172,1712,125,2,4484,8968,10
5173,1713,477,2,4434,8868,20
5174,1713,367,1,7596,7596,7
5175,1713,362,2,9032,18064,36
5176,1713,280,1,598,598,5
5177,1713,173,1,7111,7111,15
5178,1714,77,1,2932,2932,38
5179,1714,193,1,2706,2706,25
5180,1714,361,2,1521,3042,13
5181,1714,396,1,2758,2758,26
5182,1714,12,2,2033,4066,25
5183,1715,477,1,4434,4434,25
5184,1716,274,2,514,1028,16
5185,1716,196,1,3348,3348,32
5186,1716,408,1,1506,1506,11
5187,1717,320,2,4686,9372,48
5188,1717,349,2,9083,18166,19
5189,1717,319,2,5440,10880,49
5190,1717,84,2,3374,6748,1
5191,1717,475,2,2596,5192,6
5192,1718,338,1,8558,8558,33
5193,1719,154,2,2254,4508,20
5194,1719,277,2,1812,3624,49
5195,1719,273,1,9304,9304,9
5196,1719,233,2,7932,15864,30
5197,1719,370,2,2338,4676,18
5198,1720,433,2,1018,2036,44
5199,1721,441,2,5608,11216,29
5200,1722,184,1,2562,2562,5
5201,1722,395,1,4317,4317,16
5202,1722,464,2,626,1252,18
5203,1723,138,2,6011,12022,27
5204,1723,74,1,4264,4264,35
5205,1723,96,2,7924,15848,14
5206,1724,333,1,4948,4948,36
5207,1724,127,2,803,1606,46
5208,1725,195,2,527,1054,4
5209,1726,142,2,4451,8902,40
5210,1726,343,2,6618,13236,5
5211,1726,49,2,4975,9950,21
5212,1726,315,1,5375,5375,11
5213,1726,424,1,8160,8160,29
5214,1727,22,2,2507,5014,26
5215,1727,430,2,8207,16414,44
5216,1727,498,2,5376,10752,8
5217,1728,475,1,2596,2596,15
5218,1728,97,2,2581,5162,3
5219,1729,379,2,288,576,21
5220,1729,451,2,6416,12832,45
5221,1729,29,2,8365,16730,49
5222,1729,449,2,1273,2546,8
5223,1729,65,1,1575,1575,7
5224,1730,196,2,3348,6696,40
5225,1730,87,2,5931,11862,35
5226,1730,147,2,4932,9864,43
5227,1730,239,1,2008,2008,17
5228,1731,256,1,8015,8015,10
5229,1731,163,2,1089,2178,36
5230,1732,398,2,6975,13950,20
5231,1733,439,2,8872,17744,37
5232,1733,84,2,3374,6748,16
5233,1733,251,1,1127,1127,37
5234,1733,457,1,4081,4081,32
5235,1734,10,2,7504,15008,21
5236,1734,485,1,2932,2932,33
5237,1734,3,2,810,1620,35
5238,1734,482,1,4129,4129,36
5239,1735,142,1,4451,4451,7
5240,1735,247,1,5807,5807,41
5241,1735,363,2,5692,11384,24
5242,1736,3,1,810,810,4
5243,1736,141,1,5963,5963,18
5244,1736,114,2,8116,16232,41
5245,1737,441,1,5608,5608,41
5246,1737,329,2,6394,12788,39
5247,1737,88,1,1892,1892,25
5248,1737,18,2,4166,8332,17
5249,1737,114,2,8116,16232,30
5250,1738,327,2,4059,8118,45
5251,1738,133,1,4827,4827,10
5252,1738,2,1,1005,1005,27
5253,1739,404,2,5532,11064,48
5254,1739,468,2,1895,3790,35
5255,1739,467,2,989,1978,5
5256,1740,410,1,1950,1950,45
5257,1740,245,2,6825,13650,38
5258,1740,20,2,7740,15480,18
5259,1741,335,2,3595,7190,7
5260,1742,140,2,7936,15872,13
5261,1742,58,2,9175,18350,3
5262,1742,453,2,9440,18880,40
5263,1743,362,1,9032,9032,12
5264,1744,354,2,6624,13248,4
5265,1745,199,1,9352,9352,38
5266,1746,393,1,5614,5614,15
5267,1746,480,1,802,802,45
5268,1747,449,1,1273,1273,30
5269,1747,476,1,1509,1509,25
5270,1747,462,2,2010,4020,36
5271,1747,120,1,458,458,46
5272,1747,30,1,7952,7952,44
5273,1748,97,1,2581,2581,18
5274,1748,439,2,8872,17744,26
5275,1749,261,2,8358,16716,23
5276,1749,366,1,3411,3411,0
5277,1749,446,2,9384,18768,22
5278,1749,230,2,1378,2756,40
5279,1750,294,2,2813,5626,11
5280,1750,106,1,3151,3151,35
5281,1750,415,2,9335,18670,17
5282,1750,60,2,8364,16728,35
5283,1751,445,2,2069,4138,4
5284,1751,144,1,952,952,23
5285,1751,425,1,6302,6302,18
5286,1752,293,1,3156,3156,8
5287,1752,142,2,4451,8902,0
5288,1752,115,2,901,1802,34
5289,1753,497,2,6071,12142,34
5290,1753,157,1,8682,8682,27
5291,1753,122,2,8570,17140,15
5292,1754,230,1,1378,1378,11
5293,1754,475,2,2596,5192,14
5294,1755,312,1,1017,1017,25
5295,1755,369,1,2604,2604,36
5296,1756,359,2,134,268,33
5297,1757,63,2,226,452,27
5298,1758,266,2,1413,2826,44
5299,1758,66,1,3514,3514,38
5300,1758,413,1,7682,7682,36
5301,1758,199,1,9352,9352,22
5302,1759,379,2,288,576,35
5303,1760,439,2,8872,17744,4
5304,1760,165,1,2804,2804,6
5305,1760,167,2,7276,14552,48
5306,1760,260,2,2313,4626,43
5307,1761,468,1,1895,1895,24
5308,1761,223,1,3994,3994,18
5309,1762,355,2,3972,7944,30
5310,1763,69,1,3379,3379,35
5311,1763,267,2,9802,19604,46
5312,1763,305,2,6459,12918,42
5313,1764,87,1,5931,5931,34
5314,1764,361,1,1521,1521,45
5315,1764,14,1,6673,6673,9
5316,1765,214,2,9847,19694,26
5317,1765,259,2,4256,8512,38
5318,1765,425,2,6302,12604,29
5319,1766,208,2,9063,18126,23
5320,1766,366,2,3411,6822,46
5321,1766,486,1,7644,7644,5
5322,1766,249,1,3076,3076,24
5323,1766,60,2,8364,16728,15
5324,1767,469,2,7584,15168,8
5325,1767,273,1,9304,9304,26
5326,1767,416,2,1795,3590,15
5327,1768,179,2,7886,15772,11
5328,1769,153,2,6657,13314,40
5329,1770,212,1,2125,2125,17
5330,1770,472,1,8141,8141,12
5331,1770,155,2,3414,6828,16
5332,1770,467,2,989,1978,46
5333,1771,410,2,1950,3900,35
5334,1771,432,2,5619,11238,21
5335,1771,429,1,9556,9556,1
5336,1772,308,2,9878,19756,29
5337,1772,268,2,8452,16904,48
5338,1773,262,2,7591,15182,4
5339,1773,211,2,8936,17872,37
5340,1773,168,1,2126,2126,6
5341,1773,213,2,1327,2654,30
5342,1773,345,1,6080,6080,49
5343,1774,443,2,1814,3628,3
5344,1775,224,1,6082,6082,14
5345,1775,445,1,2069,2069,39
5346,1775,289,1,6074,6074,23
5347,1776,363,2,5692,11384,45
5348,1776,198,2,2082,4164,41
5349,1776,400,2,4939,9878,23
5350,1777,249,1,3076,3076,48
5351,1777,387,2,9763,19526,48
5352,1777,60,2,8364,16728,15
5353,1778,64,1,3594,3594,9
5354,1778,84,1,3374,3374,48
5355,1778,252,1,2663,2663,39
5356,1778,281,1,8327,8327,47
5357,1778,234,2,3036,6072,22
5358,1779,402,1,724,724,49
5359,1779,94,1,8136,8136,44
5360,1779,366,2,3411,6822,49
5361,1779,38,2,7964,15928,4
5362,1779,404,2,5532,11064,1
5363,1780,397,1,9923,9923,10
5364,1781,437,2,8765,17530,25
5365,1781,69,1,3379,3379,32
5366,1781,445,2,2069,4138,39
5367,1781,93,1,8858,8858,34
5368,1781,472,1,8141,8141,36
5369,1782,167,2,7276,14552,49
5370,1782,183,1,2684,2684,16
5371,1782,446,2,9384,18768,43
5372,1783,21,2,9405,18810,19
5373,1783,472,2,8141,16282,39
5374,1783,176,1,6822,6822,21
5375,1783,390,1,2081,2081,46
5376,1784,46,1,2736,2736,40
5377,1784,487,2,1596,3192,8
5378,1784,152,1,8703,8703,28
5379,1784,2,1,1005,1005,1
5380,1784,124,1,4127,4127,14
5381,1785,351,1,8394,8394,31
5382,1785,170,1,5243,5243,46
5383,1785,468,2,1895,3790,2
5384,1785,244,1,9563,9563,27
5385,1785,316,2,2025,4050,39
5386,1786,183,2,2684,5368,28
5387,1786,259,1,4256,4256,44
5388,1786,336,2,2077,4154,39
5389,1786,159,1,5798,5798,17
5390,1787,37,2,5974,11948,12
5391,1787,16,1,6789,6789,23
5392,1787,197,2,1979,3958,24
5393,1787,338,2,8558,17116,8
5394,1787,85,1,7726,7726,12
5395,1788,465,2,1200,2400,36
5396,1788,48,1,7171,7171,31
5397,1789,336,1,2077,2077,5
5398,1789,363,2,5692,11384,32
5399,1790,227,2,3371,6742,26
5400,1790,320,1,4686,4686,14
5401,1791,314,2,3186,6372,44
5402,1791,370,2,2338,4676,5
5403,1792,69,1,3379,3379,47
5404,1793,347,2,4055,8110,35
5405,1793,477,2,4434,8868,37
5406,1793,88,2,1892,3784,33
5407,1794,70,1,5334,5334,44
5408,1794,147,2,4932,9864,17
5409,1794,171,2,4878,9756,27
5410,1795,390,1,2081,2081,14
5411,1795,439,2,8872,17744,1
5412,1796,185,2,9725,19450,43
5413,1796,350,1,2023,2023,0
5414,1796,84,2,3374,6748,12
5415,1797,284,2,1327,2654,38
5416,1797,431,2,3477,6954,31
5417,1797,253,1,4985,4985,13
5418,1797,316,1,2025,2025,38
5419,1798,128,2,1065,2130,20
5420,1798,69,2,3379,6758,37
5421,1798,433,2,1018,2036,40
5422,1799,344,2,7129,14258,28
5423,1799,242,1,959,959,3
5424,1799,303,1,6559,6559,39
5425,1799,56,2,3520,7040,41
5426,1799,128,2,1065,2130,18
5427,1800,211,2,8936,17872,8
5428,1800,130,1,8697,8697,20
5429,1801,223,1,3994,3994,22
5430,1801,300,2,3824,7648,13
5431,1801,392,2,1069,2138,18
5432,1801,69,1,3379,3379,43
5433,1802,211,1,8936,8936,31
5434,1802,433,2,1018,2036,8
5435,1802,415,1,9335,9335,14
5436,1803,15,2,8230,16460,38
5437,1803,18,2,4166,8332,5
5438,1803,337,1,3014,3014,40
5439,1803,258,2,6742,13484,21
5440,1803,102,2,7997,15994,19
5441,1804,453,1,9440,9440,41
5442,1804,58,2,9175,18350,19
5443,1804,126,2,511,1022,33
5444,1804,334,2,7855,15710,30
5445,1804,416,1,1795,1795,21
5446,1805,167,1,7276,7276,9
5447,1805,234,1,3036,3036,18
5448,1806,166,2,1767,3534,14
5449,1806,297,1,1490,1490,30
5450,1807,358,2,876,1752,31
5451,1807,2,1,1005,1005,41
5452,1807,241,1,6358,6358,24
5453,1808,466,1,4450,4450,20
5454,1808,260,1,2313,2313,35
5455,1808,403,1,5297,5297,8
5456,1808,143,2,1092,2184,5
5457,1809,375,2,9583,19166,49
5458,1810,24,1,1400,1400,46
5459,1810,301,2,7201,14402,29
5460,1811,364,2,5032,10064,22
5461,1812,255,1,6915,6915,49
5462,1812,345,1,6080,6080,1
5463,1812,489,2,4052,8104,5
5464,1812,302,2,1386,2772,14
5465,1813,225,2,6279,12558,15
5466,1813,173,1,7111,7111,47
5467,1813,490,1,2663,2663,39
5468,1813,215,2,1100,2200,33
5469,1813,228,1,3377,3377,31
5470,1814,309,1,5432,5432,20
5471,1814,53,1,493,493,20
5472,1814,428,1,4566,4566,32
5473,1814,429,2,9556,19112,4
5474,1815,23,2,5151,10302,8
5475,1815,252,2,2663,5326,1
5476,1816,225,1,6279,6279,12
5477,1816,395,1,4317,4317,21
5478,1816,176,1,6822,6822,5
5479,1816,317,1,3598,3598,48
5480,1816,80,1,9998,9998,14
5481,1817,306,1,427,427,33
5482,1818,485,1,2932,2932,45
5483,1819,140,2,7936,15872,31
5484,1819,166,2,1767,3534,12
5485,1819,315,2,5375,10750,9
5486,1819,283,1,9977,9977,18
5487,1819,497,1,6071,6071,25
5488,1820,499,1,7189,7189,30
5489,1821,9,2,7261,14522,21
5490,1821,108,1,1845,1845,5
5491,1822,429,2,9556,19112,23
5492,1822,212,1,2125,2125,47
5493,1822,349,1,9083,9083,49
5494,1823,14,2,6673,13346,45
5495,1823,62,2,7260,14520,25
5496,1823,63,1,226,226,16
5497,1824,333,1,4948,4948,16
5498,1824,372,1,1416,1416,19
5499,1825,164,2,1863,3726,48
5500,1825,140,2,7936,15872,35
5501,1825,229,2,6873,13746,43
5502,1826,474,2,6848,13696,11
5503,1826,10,1,7504,7504,5
5504,1826,150,1,179,179,40
5505,1827,446,2,9384,18768,26
5506,1827,268,1,8452,8452,23
5507,1827,14,1,6673,6673,17
5508,1828,277,2,1812,3624,26
5509,1828,153,2,6657,13314,32
5510,1829,104,1,4304,4304,19
5511,1829,425,1,6302,6302,25
5512,1829,487,2,1596,3192,35
5513,1829,464,1,626,626,36
5514,1829,114,2,8116,16232,17
5515,1830,450,1,2223,2223,30
5516,1830,109,2,7744,15488,49
5517,1830,172,2,8206,16412,46
5518,1831,329,1,6394,6394,41
5519,1831,446,1,9384,9384,14
5520,1832,63,1,226,226,19
5521,1832,435,2,1446,2892,37
5522,1832,403,2,5297,10594,4
5523,1832,481,1,6701,6701,7
5524,1833,277,2,1812,3624,33
5525,1833,324,1,9564,9564,8
5526,1833,179,1,7886,7886,6
5527,1833,214,1,9847,9847,3
5528,1833,163,2,1089,2178,35
5529,1834,320,2,4686,9372,40
5530,1834,364,2,5032,10064,34
5531,1834,388,1,2920,2920,49
5532,1834,349,1,9083,9083,8
5533,1834,342,2,808,1616,15
5534,1835,248,1,5140,5140,7
5535,1835,12,2,2033,4066,47
5536,1835,104,2,4304,8608,42
5537,1836,90,2,5742,11484,38
5538,1836,403,1,5297,5297,9
5539,1836,214,2,9847,19694,43
5540,1837,50,2,7706,15412,33
5541,1838,386,1,7081,7081,44
5542,1838,410,1,1950,1950,22
5543,1838,465,1,1200,1200,4
5544,1838,325,2,4425,8850,6
5545,1839,33,1,2531,2531,47
5546,1839,6,2,9079,18158,30
5547,1839,128,2,1065,2130,45
5548,1840,25,1,7208,7208,40
5549,1840,252,2,2663,5326,16
5550,1840,120,2,458,916,30
5551,1841,297,1,1490,1490,42
5552,1842,360,1,7936,7936,21
5553,1842,73,1,4792,4792,49
5554,1842,36,2,3776,7552,19
5555,1842,437,2,8765,17530,46
5556,1843,318,1,8576,8576,26
5557,1843,463,2,8313,16626,31
5558,1843,146,2,7549,15098,22
5559,1843,18,2,4166,8332,17
5560,1843,192,2,8710,17420,47
5561,1844,282,1,132,132,13
5562,1845,344,2,7129,14258,37
5563,1845,191,2,600,1200,38
5564,1845,205,1,4349,4349,21
5565,1845,266,2,1413,2826,11
5566,1845,461,1,9272,9272,40
5567,1846,79,2,7778,15556,34
5568,1847,278,1,4446,4446,2
5569,1847,481,1,6701,6701,13
5570,1848,288,1,6709,6709,27
5571,1849,62,2,7260,14520,7
5572,1849,138,2,6011,12022,21
5573,1849,374,2,1359,2718,37
5574,1849,196,1,3348,3348,12
5575,1850,126,1,511,511,38
5576,1850,317,1,3598,3598,36
5577,1850,470,1,8803,8803,46
5578,1850,328,1,1982,1982,9
5579,1851,282,2,132,264,21
5580,1851,313,2,2105,4210,26
5581,1851,14,2,6673,13346,14
5582,1852,432,1,5619,5619,33
5583,1852,96,2,7924,15848,0
5584,1852,155,1,3414,3414,30
5585,1852,358,2,876,1752,14
5586,1853,93,1,8858,8858,45
5587,1853,335,2,3595,7190,13
5588,1853,414,2,7849,15698,4
5589,1853,438,1,9722,9722,24
5590,1854,487,2,1596,3192,8
5591,1854,72,1,4731,4731,11
5592,1854,91,2,2426,4852,48
5593,1854,327,2,4059,8118,7
5594,1855,219,1,8550,8550,20
5595,1855,283,2,9977,19954,49
5596,1855,111,1,4199,4199,37
5597,1856,107,2,4996,9992,17
5598,1856,351,2,8394,16788,41
5599,1856,142,2,4451,8902,10
5600,1857,172,1,8206,8206,4
5601,1857,145,1,303,303,0
5602,1858,431,2,3477,6954,18
5603,1858,265,2,445,890,22
5604,1858,247,1,5807,5807,8
5605,1858,438,1,9722,9722,43
5606,1859,55,1,2603,2603,22
5607,1859,492,1,2978,2978,48
5608,1860,498,2,5376,10752,29
5609,1861,266,1,1413,1413,15
5610,1862,447,1,2645,2645,5
5611,1862,49,1,4975,4975,47
5612,1862,272,1,9771,9771,45
5613,1862,136,1,3041,3041,14
5614,1863,283,2,9977,19954,14
5615,1864,337,1,3014,3014,31
5616,1864,159,2,5798,11596,41
5617,1865,193,2,2706,5412,44
5618,1865,155,1,3414,3414,6
5619,1865,133,2,4827,9654,36
5620,1865,314,2,3186,6372,1
5621,1866,67,1,1386,1386,48
5622,1867,388,2,2920,5840,31
5623,1868,365,2,2532,5064,14
5624,1869,334,2,7855,15710,6
5625,1869,297,1,1490,1490,44
5626,1869,30,2,7952,15904,34
5627,1870,441,2,5608,11216,23
5628,1870,295,1,9489,9489,20
5629,1870,149,1,6253,6253,17
5630,1871,418,2,8496,16992,24
5631,1871,285,2,6960,13920,33
5632,1871,105,2,2035,4070,34
5633,1871,111,1,4199,4199,36
5634,1872,319,1,5440,5440,18
5635,1872,480,2,802,1604,18
5636,1872,226,1,6844,6844,37
5637,1872,355,1,3972,3972,22
5638,1872,5,1,1375,1375,14
5639,1873,298,2,7494,14988,17
5640,1874,236,2,5507,11014,38
5641,1874,8,2,552,1104,13
5642,1874,365,1,2532,2532,18
5643,1874,42,1,3798,3798,26
5644,1875,30,2,7952,15904,29
5645,1875,421,1,1837,1837,3
5646,1876,1,1,7383,7383,35
5647,1876,256,2,8015,16030,8
5648,1876,429,2,9556,19112,5
5649,1876,204,2,5332,10664,6
5650,1876,237,2,3798,7596,24
5651,1877,267,2,9802,19604,14
5652,1877,45,2,6000,12000,19
5653,1877,209,1,8256,8256,40
5654,1878,376,2,7229,14458,39
5655,1879,395,1,4317,4317,25
5656,1879,371,2,8364,16728,27
5657,1879,340,2,6534,13068,13
5658,1879,433,1,1018,1018,40
5659,1880,438,1,9722,9722,40
5660,1880,378,1,9971,9971,29
5661,1880,303,1,6559,6559,35
5662,1880,399,2,2348,4696,1
5663,1881,194,1,8080,8080,8
5664,1881,410,1,1950,1950,40
5665,1881,415,1,9335,9335,39
5666,1881,302,2,1386,2772,43
5667,1882,146,2,7549,15098,19
5668,1882,387,1,9763,9763,47
5669,1882,120,1,458,458,27
5670,1882,98,1,8801,8801,9
5671,1883,129,1,6421,6421,14
5672,1883,16,1,6789,6789,40
5673,1883,359,2,134,268,20
5674,1883,291,2,2599,5198,9
5675,1884,15,1,8230,8230,47
5676,1884,361,1,1521,1521,10
5677,1884,373,1,5255,5255,14
5678,1884,243,1,3767,3767,44
5679,1885,226,1,6844,6844,32
5680,1886,225,1,6279,6279,46
5681,1886,115,2,901,1802,18
5682,1886,183,2,2684,5368,10
5683,1887,32,1,9159,9159,2
5684,1887,309,1,5432,5432,22
5685,1888,23,1,5151,5151,17
5686,1888,23,1,5151,5151,12
5687,1889,153,2,6657,13314,49
5688,1890,99,1,7480,7480,8
5689,1890,325,2,4425,8850,41
5690,1890,475,1,2596,2596,28
5691,1891,453,2,9440,18880,29
5692,1892,442,1,5784,5784,44
5693,1892,141,1,5963,5963,28
5694,1892,388,2,2920,5840,43
5695,1892,140,1,7936,7936,22
5696,1893,83,1,8065,8065,15
5697,1893,313,1,2105,2105,38
5698,1894,99,2,7480,14960,12
5699,1895,312,1,1017,1017,49
5700,1895,273,1,9304,9304,35
5701,1895,356,1,7623,7623,8
5702,1895,485,1,2932,2932,45
5703,1896,295,1,9489,9489,2
5704,1896,360,2,7936,15872,48
5705,1896,344,2,7129,14258,10
5706,1897,191,2,600,1200,37
5707,1897,176,1,6822,6822,36
5708,1897,283,1,9977,9977,3
5709,1897,211,2,8936,17872,25
5710,1898,226,1,6844,6844,42
5711,1898,49,2,4975,9950,19
5712,1898,367,2,7596,15192,31
5713,1898,101,1,8481,8481,17
5714,1899,135,2,2784,5568,27
5715,1899,329,2,6394,12788,48
5716,1899,84,2,3374,6748,27
5717,1900,371,1,8364,8364,33
5718,1900,296,1,4832,4832,40
5719,1900,116,2,6777,13554,25
5720,1900,64,2,3594,7188,35
5721,1900,133,1,4827,4827,26
5722,1901,270,1,5974,5974,47
5723,1901,294,2,2813,5626,38
5724,1901,329,2,6394,12788,35
5725,1901,351,1,8394,8394,4
5726,1901,173,1,7111,7111,41
5727,1902,490,1,2663,2663,21
5728,1903,137,2,9792,19584,47
5729,1903,74,1,4264,4264,7
5730,1903,17,2,3755,7510,28
5731,1903,456,1,8667,8667,19
5732,1904,454,2,412,824,42
5733,1904,312,2,1017,2034,10
5734,1904,360,2,7936,15872,35
5735,1904,201,2,1906,3812,31
5736,1905,279,1,8933,8933,6
5737,1905,231,2,6242,12484,25
5738,1905,429,2,9556,19112,16
5739,1905,257,2,1515,3030,44
5740,1906,250,1,4301,4301,40
5741,1907,221,1,3953,3953,3
5742,1907,90,2,5742,11484,34
5743,1908,203,2,8865,17730,48
5744,1909,112,1,1365,1365,23
5745,1909,213,1,1327,1327,15
5746,1909,274,2,514,1028,41
5747,1910,177,1,5567,5567,21
5748,1910,115,2,901,1802,16
5749,1910,66,2,3514,7028,19
5750,1910,25,2,7208,14416,40
5751,1911,360,2,7936,15872,30
5752,1911,239,1,2008,2008,4
5753,1911,208,1,9063,9063,49
5754,1911,292,1,9437,9437,45
5755,1911,380,2,5037,10074,10
5756,1912,8,1,552,552,10
5757,1913,136,1,3041,3041,45
5758,1914,289,2,6074,12148,35
5759,1914,419,2,6185,12370,27
5760,1914,179,1,7886,7886,13
5761,1915,313,2,2105,4210,5
5762,1915,323,2,3539,7078,24
5763,1915,464,1,626,626,1
5764,1915,71,1,1979,1979,28
5765,1916,461,1,9272,9272,22
5766,1916,416,1,1795,1795,11
5767,1917,53,1,493,493,47
5768,1918,278,1,4446,4446,49
5769,1918,391,1,7357,7357,11
5770,1919,231,2,6242,12484,44
5771,1919,263,2,7027,14054,22
5772,1919,86,2,3922,7844,45
5773,1919,132,2,4597,9194,33
5774,1920,272,2,9771,19542,24
5775,1920,245,1,6825,6825,16
5776,1920,108,2,1845,3690,3
5777,1920,54,1,5045,5045,26
5778,1920,95,2,1920,3840,26
5779,1921,353,1,8490,8490,3
5780,1921,159,1,5798,5798,45
5781,1921,54,2,5045,10090,24
5782,1922,492,1,2978,2978,31
5783,1922,40,1,8004,8004,22
5784,1923,488,1,5080,5080,47
5785,1924,236,1,5507,5507,33
5786,1924,63,2,226,452,2
5787,1925,316,2,2025,4050,29
5788,1925,462,1,2010,2010,34
5789,1926,301,1,7201,7201,25
5790,1926,145,2,303,606,6
5791,1926,254,2,8080,16160,4
5792,1926,232,2,4005,8010,49
5793,1927,424,2,8160,16320,12
5794,1927,329,2,6394,12788,41
5795,1927,347,1,4055,4055,43
5796,1927,158,2,3155,6310,29
5797,1927,72,1,4731,4731,27
5798,1928,304,2,5702,11404,47
5799,1928,176,1,6822,6822,20
5800,1928,47,2,6006,12012,48
5801,1928,9,1,7261,7261,26
5802,1929,221,1,3953,3953,46
5803,1930,191,2,600,1200,41
5804,1930,287,1,5220,5220,44
5805,1931,172,2,8206,16412,39
5806,1931,308,1,9878,9878,10
5807,1931,282,1,132,132,28
5808,1932,307,2,3734,7468,26
5809,1932,344,1,7129,7129,47
5810,1932,119,2,703,1406,42
5811,1932,70,1,5334,5334,27
5812,1933,422,1,2063,2063,0
5813,1933,307,2,3734,7468,27
5814,1933,242,1,959,959,18
5815,1933,2,2,1005,2010,22
5816,1933,231,1,6242,6242,16
5817,1934,193,2,2706,5412,48
5818,1935,3,2,810,1620,32
5819,1935,53,1,493,493,4
5820,1935,75,2,5949,11898,3
5821,1935,129,1,6421,6421,19
5822,1935,428,1,4566,4566,34
5823,1936,130,2,8697,17394,47
5824,1936,7,1,4344,4344,13
5825,1936,233,2,7932,15864,41
5826,1936,235,1,931,931,24
5827,1937,184,2,2562,5124,29
5828,1937,172,1,8206,8206,45
5829,1937,15,2,8230,16460,41
5830,1937,470,1,8803,8803,41
5831,1937,241,2,6358,12716,3
5832,1938,284,1,1327,1327,45
5833,1938,362,2,9032,18064,16
5834,1939,363,2,5692,11384,11
5835,1939,461,2,9272,18544,47
5836,1939,251,1,1127,1127,11
5837,1940,388,2,2920,5840,7
5838,1941,51,1,4970,4970,35
5839,1941,454,2,412,824,33
5840,1941,421,1,1837,1837,39
5841,1942,478,1,7111,7111,6
5842,1942,189,2,7671,15342,14
5843,1943,71,1,1979,1979,0
5844,1943,415,1,9335,9335,25
5845,1943,363,1,5692,5692,32
5846,1943,498,1,5376,5376,0
5847,1943,296,2,4832,9664,47
5848,1944,340,1,6534,6534,7
5849,1944,242,1,959,959,18
5850,1944,270,2,5974,11948,18
5851,1944,42,2,3798,7596,5
5852,1945,91,1,2426,2426,34
5853,1945,227,1,3371,3371,4
5854,1945,23,1,5151,5151,41
5855,1945,94,1,8136,8136,32
5856,1946,433,2,1018,2036,24
5857,1946,472,1,8141,8141,19
5858,1946,75,2,5949,11898,1
5859,1946,232,1,4005,4005,37
5860,1946,447,1,2645,2645,0
5861,1947,37,1,5974,5974,31
5862,1948,315,2,5375,10750,39
5863,1948,370,2,2338,4676,49
5864,1948,380,1,5037,5037,25
5865,1948,238,1,2253,2253,5
5866,1948,136,1,3041,3041,28
5867,1949,488,1,5080,5080,4
5868,1949,199,1,9352,9352,36
5869,1949,343,1,6618,6618,4
5870,1949,285,1,6960,6960,28
5871,1950,243,1,3767,3767,42
5872,1950,23,2,5151,10302,43
5873,1950,273,1,9304,9304,39
5874,1951,403,1,5297,5297,45
5875,1951,136,1,3041,3041,39
5876,1951,442,2,5784,11568,31
5877,1951,135,1,2784,2784,32
5878,1951,96,1,7924,7924,4
5879,1952,478,2,7111,14222,32
5880,1952,221,2,3953,7906,48
5881,1952,277,2,1812,3624,32
5882,1952,483,2,5769,11538,49
5883,1952,19,2,9031,18062,45
5884,1953,306,1,427,427,45
5885,1953,351,2,8394,16788,43
5886,1953,357,1,1901,1901,21
5887,1953,80,1,9998,9998,3
5888,1953,335,1,3595,3595,29
5889,1954,233,2,7932,15864,0
5890,1955,150,1,179,179,37
5891,1955,485,2,2932,5864,30
5892,1955,395,2,4317,8634,30
5893,1956,395,1,4317,4317,30
5894,1956,9,1,7261,7261,36
5895,1956,66,1,3514,3514,11
5896,1956,496,2,816,1632,28
5897,1956,169,1,1711,1711,16
5898,1957,244,1,9563,9563,6
5899,1957,493,1,674,674,13
5900,1957,174,2,5394,10788,35
5901,1957,22,2,2507,5014,12
5902,1957,403,2,5297,10594,48
5903,1958,291,2,2599,5198,33
5904,1958,231,1,6242,6242,21
5905,1958,430,2,8207,16414,21
5906,1958,292,2,9437,18874,31
5907,1958,66,2,3514,7028,2
5908,1959,40,2,8004,16008,18
5909,1959,456,1,8667,8667,15
5910,1960,185,1,9725,9725,12
5911,1961,204,2,5332,10664,28
5912,1961,226,1,6844,6844,45
5913,1961,483,1,5769,5769,8
5914,1961,499,2,7189,14378,6
5915,1962,198,1,2082,2082,22
5916,1962,194,1,8080,8080,34
5917,1962,288,1,6709,6709,15
5918,1963,230,2,1378,2756,28
5919,1964,60,1,8364,8364,12
5920,1964,119,1,703,703,39
5921,1965,322,1,8465,8465,19
5922,1965,274,2,514,1028,26
5923,1965,400,2,4939,9878,4
5924,1965,129,2,6421,12842,35
5925,1966,445,1,2069,2069,9
5926,1966,203,1,8865,8865,17
5927,1967,172,1,8206,8206,10
5928,1967,402,1,724,724,31
5929,1968,279,1,8933,8933,12
5930,1968,161,1,8668,8668,1
5931,1968,296,2,4832,9664,32
5932,1968,250,1,4301,4301,22
5933,1968,386,2,7081,14162,32
5934,1969,363,1,5692,5692,29
5935,1969,135,1,2784,2784,2
5936,1970,449,1,1273,1273,16
5937,1970,277,2,1812,3624,42
5938,1971,254,2,8080,16160,37
5939,1971,216,1,6829,6829,24
5940,1971,348,2,9864,19728,6
5941,1972,106,2,3151,6302,42
5942,1973,349,2,9083,18166,34
5943,1973,194,1,8080,8080,2
5944,1973,394,1,9264,9264,21
5945,1973,444,1,9635,9635,6
5946,1973,62,1,7260,7260,36
5947,1974,342,2,808,1616,7
5948,1974,223,2,3994,7988,4
5949,1975,448,2,2566,5132,29
5950,1975,190,1,9154,9154,4
5951,1975,466,1,4450,4450,39
5952,1975,152,2,8703,17406,26
5953,1975,213,2,1327,2654,9
5954,1976,164,2,1863,3726,2
5955,1976,311,1,1370,1370,8
5956,1976,494,1,7434,7434,35
5957,1976,266,2,1413,2826,20
5958,1977,38,1,7964,7964,37
5959,1977,134,1,433,433,30
5960,1977,351,2,8394,16788,5
5961,1978,417,2,5478,10956,23
5962,1978,106,2,3151,6302,4
5963,1978,359,1,134,134,22
5964,1979,408,2,1506,3012,14
5965,1980,228,1,3377,3377,43
5966,1980,441,1,5608,5608,18
5967,1980,481,1,6701,6701,42
5968,1980,453,2,9440,18880,27
5969,1980,357,1,1901,1901,35
5970,1981,316,2,2025,4050,16
5971,1982,346,2,8830,17660,29
5972,1982,267,1,9802,9802,35
5973,1982,154,2,2254,4508,20
5974,1982,280,1,598,598,27
5975,1983,364,2,5032,10064,44
5976,1983,364,1,5032,5032,1
5977,1983,173,1,7111,7111,42
5978,1983,60,2,8364,16728,28
5979,1984,153,2,6657,13314,46
5980,1984,82,2,9229,18458,41
5981,1984,1,2,7383,14766,8
5982,1984,413,1,7682,7682,15
5983,1984,224,2,6082,12164,0
5984,1985,274,2,514,1028,12
5985,1985,460,2,8795,17590,0
5986,1985,301,2,7201,14402,43
5987,1986,491,2,7872,15744,12
5988,1986,198,1,2082,2082,9
5989,1986,206,2,6328,12656,4
5990,1986,224,2,6082,12164,31
5991,1986,347,2,4055,8110,31
5992,1987,441,1,5608,5608,0
5993,1987,309,2,5432,10864,36
5994,1988,154,2,2254,4508,20
5995,1988,123,1,5979,5979,32
5996,1988,420,2,2612,5224,5
5997,1988,226,2,6844,13688,9
5998,1989,43,1,2257,2257,13
5999,1989,158,2,3155,6310,28
6000,1989,268,2,8452,16904,25
6001,1990,6,2,9079,18158,49
6002,1990,288,2,6709,13418,29
6003,1991,170,2,5243,10486,47
6004,1992,39,2,569,1138,43
6005,1992,421,2,1837,3674,44
6006,1993,162,1,7997,7997,42
6007,1993,175,1,8190,8190,48
6008,1993,404,2,5532,11064,33
6009,1994,396,1,2758,2758,11
6010,1994,322,1,8465,8465,23
6011,1994,165,2,2804,5608,36
6012,1994,374,1,1359,1359,25
6013,1994,261,2,8358,16716,48
6014,1995,458,2,7231,14462,33
6015,1996,101,2,8481,16962,22
6016,1997,225,1,6279,6279,49
6017,1997,248,2,5140,10280,9
6018,1997,294,2,2813,5626,30
6019,1997,108,2,1845,3690,42
6020,1997,378,1,9971,9971,20
6021,1998,405,1,7803,7803,40
6022,1999,85,1,7726,7726,18
6023,1999,10,2,7504,15008,2
6024,1999,425,1,6302,6302,34
6025,1999,77,1,2932,2932,5
6026,2000,270,2,5974,11948,4
6027,2000,474,2,6848,13696,36
6028,2000,336,1,2077,2077,29
6029,2000,129,2,6421,12842,30
6030,2001,88,1,1892,1892,14
6031,2002,62,2,7260,14520,0
6032,2002,306,2,427,854,9
6033,2002,134,2,433,866,49
6034,2003,348,2,9864,19728,6
6035,2003,155,1,3414,3414,24
6036,2003,446,1,9384,9384,7
6037,2003,259,1,4256,4256,42
6038,2004,495,1,7826,7826,8
6039,2004,207,1,1145,1145,4
6040,2004,338,2,8558,17116,13
6041,2004,445,1,2069,2069,15
6042,2005,359,2,134,268,13
6043,2006,156,2,1080,2160,4
6044,2006,445,1,2069,2069,18
6045,2006,127,1,803,803,18
6046,2007,319,1,5440,5440,15
6047,2007,173,2,7111,14222,42
6048,2007,257,1,1515,1515,17
6049,2008,405,2,7803,15606,44
6050,2008,274,1,514,514,6
6051,2008,142,1,4451,4451,22
6052,2009,306,2,427,854,44
6053,2009,60,2,8364,16728,42
6054,2009,430,1,8207,8207,1
6055,2009,331,2,8327,16654,20
6056,2010,260,2,2313,4626,2
6057,2010,42,2,3798,7596,25
6058,2010,68,2,1393,2786,34
6059,2010,163,2,1089,2178,45
6060,2010,121,1,9357,9357,42
6061,2011,326,2,8014,16028,39
6062,2011,457,2,4081,8162,49
6063,2011,108,1,1845,1845,44
6064,2011,68,1,1393,1393,24
6065,2011,196,2,3348,6696,13
6066,2012,244,1,9563,9563,3
6067,2012,373,1,5255,5255,15
6068,2013,72,1,4731,4731,42
6069,2013,308,2,9878,19756,48
6070,2013,252,2,2663,5326,9
6071,2014,110,2,166,332,35
6072,2015,300,2,3824,7648,45
6073,2015,39,2,569,1138,49
6074,2015,296,1,4832,4832,44
6075,2015,170,1,5243,5243,26
6076,2015,140,2,7936,15872,44
6077,2016,391,1,7357,7357,33
6078,2016,279,1,8933,8933,2
6079,2016,119,1,703,703,21
6080,2016,66,1,3514,3514,47
6081,2016,496,1,816,816,18
6082,2017,157,1,8682,8682,20
6083,2017,84,1,3374,3374,12
6084,2017,332,1,9187,9187,45
6085,2017,215,1,1100,1100,28
6086,2017,476,2,1509,3018,35
6087,2018,381,1,1186,1186,36
6088,2018,204,2,5332,10664,2
6089,2019,461,2,9272,18544,22
6090,2020,344,2,7129,14258,34
6091,2021,306,1,427,427,13
6092,2021,26,2,4719,9438,0
6093,2021,277,2,1812,3624,49
6094,2021,248,2,5140,10280,32
6095,2022,441,2,5608,11216,16
6096,2022,397,1,9923,9923,15
6097,2023,287,2,5220,10440,23
6098,2023,13,2,2609,5218,36
6099,2024,82,1,9229,9229,11
6100,2024,316,1,2025,2025,4
6101,2024,174,2,5394,10788,44
6102,2024,451,2,6416,12832,1
6103,2025,118,1,3022,3022,45
6104,2025,294,2,2813,5626,47
6105,2026,122,2,8570,17140,44
6106,2026,179,1,7886,7886,41
6107,2026,423,1,9274,9274,20
6108,2027,95,1,1920,1920,39
6109,2027,58,2,9175,18350,20
6110,2027,298,1,7494,7494,42
6111,2027,45,2,6000,12000,17
6112,2027,445,1,2069,2069,41
6113,2028,19,1,9031,9031,2
6114,2028,113,2,8499,16998,44
6115,2028,289,1,6074,6074,38
6116,2028,308,2,9878,19756,22
6117,2028,402,1,724,724,37
6118,2029,7,2,4344,8688,29
6119,2029,78,1,9614,9614,16
6120,2029,422,2,2063,4126,4
6121,2029,241,1,6358,6358,49
6122,2029,327,2,4059,8118,27
6123,2030,471,2,3454,6908,37
6124,2030,409,2,3636,7272,9
6125,2030,321,2,7163,14326,21
6126,2031,222,2,8997,17994,14
6127,2031,24,2,1400,2800,46
6128,2031,230,2,1378,2756,16
6129,2031,37,1,5974,5974,36
6130,2032,409,1,3636,3636,38
6131,2032,37,2,5974,11948,27
6132,2032,382,2,1765,3530,27
6133,2032,250,1,4301,4301,48
6134,2033,314,2,3186,6372,17
6135,2033,259,2,4256,8512,48
6136,2033,18,2,4166,8332,10
6137,2033,188,1,1340,1340,22
6138,2033,213,1,1327,1327,26
6139,2034,97,2,2581,5162,14
6140,2034,413,2,7682,15364,22
6141,2034,34,2,4723,9446,10
6142,2034,311,2,1370,2740,8
6143,2034,295,2,9489,18978,10
6144,2035,378,1,9971,9971,34
6145,2035,134,1,433,433,48
6146,2035,154,2,2254,4508,19
6147,2035,157,2,8682,17364,27
6148,2035,181,2,575,1150,28
6149,2036,245,1,6825,6825,47
6150,2036,167,1,7276,7276,41
6151,2036,317,1,3598,3598,28
6152,2036,401,1,2493,2493,27
6153,2036,498,2,5376,10752,21
6154,2037,28,1,3348,3348,19
6155,2037,263,2,7027,14054,42
6156,2038,201,2,1906,3812,20
6157,2038,33,2,2531,5062,8
6158,2039,109,2,7744,15488,7
6159,2039,250,2,4301,8602,41
6160,2039,89,2,1967,3934,8
6161,2040,137,1,9792,9792,48
6162,2040,446,2,9384,18768,37
6163,2041,355,2,3972,7944,6
6164,2041,341,2,1233,2466,37
6165,2041,137,2,9792,19584,6
6166,2041,213,1,1327,1327,21
6167,2042,398,1,6975,6975,27
6168,2042,201,2,1906,3812,23
6169,2042,178,1,885,885,41
6170,2042,165,2,2804,5608,38
6171,2042,465,2,1200,2400,0
6172,2043,221,1,3953,3953,20
6173,2043,209,2,8256,16512,32
6174,2043,497,1,6071,6071,14
6175,2043,467,1,989,989,4
6176,2044,341,2,1233,2466,32
6177,2044,255,2,6915,13830,8
6178,2044,380,1,5037,5037,29
6179,2045,200,2,994,1988,31
6180,2046,415,2,9335,18670,43
6181,2047,474,2,6848,13696,17
6182,2047,460,2,8795,17590,30
6183,2047,489,1,4052,4052,22
6184,2048,214,2,9847,19694,48
6185,2049,278,2,4446,8892,4
6186,2050,3,2,810,1620,38
6187,2050,104,2,4304,8608,37
6188,2050,186,2,301,602,6
6189,2050,132,2,4597,9194,46
6190,2050,112,1,1365,1365,0
6191,2051,102,2,7997,15994,40
6192,2052,99,1,7480,7480,24
6193,2052,363,2,5692,11384,13
6194,2052,153,2,6657,13314,8
6195,2052,143,2,1092,2184,30
6196,2052,285,2,6960,13920,22
6197,2053,146,2,7549,15098,31
6198,2053,412,1,2577,2577,44
6199,2054,157,1,8682,8682,26
6200,2054,272,2,9771,19542,17
6201,2055,407,1,5041,5041,0
6202,2055,23,2,5151,10302,5
6203,2055,143,2,1092,2184,14
6204,2055,243,2,3767,7534,2
6205,2056,381,1,1186,1186,19
6206,2057,8,1,552,552,32
6207,2058,482,2,4129,8258,6
6208,2058,101,1,8481,8481,47
6209,2058,121,1,9357,9357,42
6210,2059,205,2,4349,8698,6
6211,2060,435,1,1446,1446,23
6212,2060,249,2,3076,6152,38
6213,2060,168,1,2126,2126,26
6214,2061,173,2,7111,14222,31
6215,2061,177,2,5567,11134,30
6216,2062,103,2,3003,6006,16
6217,2062,412,1,2577,2577,16
6218,2062,165,2,2804,5608,38
6219,2063,170,2,5243,10486,34
6220,2063,439,1,8872,8872,19
6221,2064,183,1,2684,2684,29
6222,2065,155,2,3414,6828,29
6223,2065,315,1,5375,5375,25
6224,2065,247,1,5807,5807,22
6225,2065,18,2,4166,8332,46
6226,2065,255,1,6915,6915,44
6227,2066,288,1,6709,6709,38
6228,2066,212,1,2125,2125,38
6229,2066,163,1,1089,1089,42
6230,2066,150,1,179,179,10
6231,2066,14,2,6673,13346,39
6232,2067,431,1,3477,3477,20
6233,2067,263,2,7027,14054,33
6234,2067,261,2,8358,16716,42
6235,2067,340,2,6534,13068,19
6236,2067,273,2,9304,18608,16
6237,2068,422,1,2063,2063,3
6238,2068,235,2,931,1862,46
6239,2068,294,2,2813,5626,21
6240,2068,187,2,7902,15804,40
6241,2069,56,2,3520,7040,40
6242,2069,370,2,2338,4676,13
6243,2069,277,2,1812,3624,17
6244,2070,187,2,7902,15804,20
6245,2070,61,1,6585,6585,13
6246,2070,462,2,2010,4020,2
6247,2070,232,2,4005,8010,12
6248,2071,195,2,527,1054,36
6249,2071,200,2,994,1988,18
6250,2071,97,1,2581,2581,18
6251,2072,462,2,2010,4020,21
6252,2072,255,2,6915,13830,44
6253,2072,92,1,9153,9153,25
6254,2072,353,2,8490,16980,27
6255,2073,205,2,4349,8698,12
6256,2074,480,1,802,802,18
6257,2074,98,2,8801,17602,33
6258,2074,268,1,8452,8452,29
6259,2074,281,1,8327,8327,31
6260,2074,64,1,3594,3594,38
6261,2075,254,1,8080,8080,33
6262,2075,374,2,1359,2718,47
6263,2075,52,1,4381,4381,8
6264,2076,354,1,6624,6624,16
6265,2076,326,1,8014,8014,22
6266,2076,464,2,626,1252,36
6267,2076,497,1,6071,6071,0
6268,2077,281,2,8327,16654,18
6269,2077,285,1,6960,6960,14
6270,2077,445,1,2069,2069,38
6271,2077,408,1,1506,1506,1
6272,2077,459,1,3610,3610,36
6273,2078,4,2,3526,7052,30
6274,2078,417,1,5478,5478,46
6275,2078,268,2,8452,16904,40
6276,2078,446,1,9384,9384,1
6277,2078,348,2,9864,19728,7
6278,2079,207,1,1145,1145,28
6279,2079,54,2,5045,10090,37
6280,2079,94,1,8136,8136,35
6281,2079,410,1,1950,1950,32
6282,2080,50,2,7706,15412,43
6283,2080,121,2,9357,18714,24
6284,2080,87,1,5931,5931,18
6285,2080,14,1,6673,6673,29
6286,2081,278,1,4446,4446,41
6287,2081,43,2,2257,4514,29
6288,2081,274,1,514,514,15
6289,2081,331,1,8327,8327,28
6290,2082,217,1,6416,6416,39
6291,2082,127,1,803,803,25
6292,2082,143,2,1092,2184,20
6293,2082,144,1,952,952,3
6294,2082,362,2,9032,18064,5
6295,2083,3,2,810,1620,49
6296,2083,322,2,8465,16930,30
6297,2083,94,1,8136,8136,30
6298,2083,448,1,2566,2566,9
6299,2084,322,1,8465,8465,9
6300,2084,64,1,3594,3594,13
6301,2084,413,1,7682,7682,30
6302,2084,131,1,6426,6426,14
6303,2084,203,1,8865,8865,7
6304,2085,253,1,4985,4985,7
6305,2085,196,2,3348,6696,33
6306,2085,422,1,2063,2063,34
6307,2085,448,2,2566,5132,17
6308,2086,443,1,1814,1814,37
6309,2087,447,1,2645,2645,3
6310,2087,185,1,9725,9725,3
6311,2088,16,1,6789,6789,32
6312,2088,402,2,724,1448,31
6313,2088,143,1,1092,1092,31
6314,2088,373,2,5255,10510,43
6315,2088,340,2,6534,13068,11
6316,2089,62,2,7260,14520,32
6317,2089,463,2,8313,16626,17
6318,2090,168,1,2126,2126,12
6319,2090,195,1,527,527,43
6320,2091,123,1,5979,5979,16
6321,2091,336,1,2077,2077,15
6322,2091,182,2,3502,7004,6
6323,2091,455,1,6367,6367,21
6324,2091,372,2,1416,2832,42
6325,2092,183,1,2684,2684,41
6326,2093,108,1,1845,1845,1
6327,2094,372,1,1416,1416,3
6328,2094,203,1,8865,8865,18
6329,2095,155,1,3414,3414,40
6330,2095,498,1,5376,5376,2
6331,2095,262,1,7591,7591,33
6332,2095,227,2,3371,6742,25
6333,2095,50,2,7706,15412,0
6334,2096,378,1,9971,9971,45
6335,2097,76,1,1796,1796,23
6336,2097,205,2,4349,8698,11
6337,2097,3,2,810,1620,29
6338,2097,10,1,7504,7504,18
6339,2097,471,2,3454,6908,28
6340,2098,387,2,9763,19526,43
6341,2098,116,1,6777,6777,34
6342,2098,232,1,4005,4005,44
6343,2098,380,1,5037,5037,11
6344,2098,259,2,4256,8512,16
6345,2099,285,1,6960,6960,14
6346,2099,46,1,2736,2736,38
6347,2099,306,1,427,427,22
6348,2099,378,2,9971,19942,49
6349,2100,283,2,9977,19954,37
6350,2100,143,2,1092,2184,22
6351,2100,495,1,7826,7826,9
6352,2100,461,1,9272,9272,31
6353,2100,179,1,7886,7886,28
6354,2101,264,2,2992,5984,23
6355,2101,74,2,4264,8528,29
6356,2102,40,1,8004,8004,43
6357,2102,214,2,9847,19694,48
6358,2102,156,2,1080,2160,17
6359,2102,341,2,1233,2466,42
6360,2103,392,1,1069,1069,42
6361,2103,489,2,4052,8104,33
6362,2104,3,1,810,810,47
6363,2105,130,1,8697,8697,4
6364,2105,340,2,6534,13068,28
6365,2105,407,1,5041,5041,7
6366,2105,172,1,8206,8206,44
6367,2106,339,1,1062,1062,12
6368,2106,423,1,9274,9274,21
6369,2107,376,1,7229,7229,18
6370,2107,477,2,4434,8868,32
6371,2107,45,2,6000,12000,41
6372,2108,411,2,683,1366,49
6373,2108,90,2,5742,11484,17
6374,2108,38,1,7964,7964,21
6375,2109,388,1,2920,2920,27
6376,2110,160,2,4753,9506,48
6377,2110,106,1,3151,3151,18
6378,2110,86,2,3922,7844,33
6379,2110,429,2,9556,19112,30
6380,2110,244,2,9563,19126,19
6381,2111,105,2,2035,4070,35
6382,2112,245,2,6825,13650,46
6383,2112,321,1,7163,7163,24
6384,2112,62,2,7260,14520,13
6385,2113,446,1,9384,9384,1
6386,2113,406,2,8666,17332,10
6387,2114,362,2,9032,18064,34
6388,2114,458,2,7231,14462,31
6389,2114,303,1,6559,6559,26
6390,2114,32,2,9159,18318,25
6391,2115,212,1,2125,2125,8
6392,2115,346,2,8830,17660,45
6393,2116,340,2,6534,13068,0
6394,2116,58,2,9175,18350,11
6395,2117,280,2,598,1196,34
6396,2117,24,2,1400,2800,38
6397,2117,105,1,2035,2035,49
6398,2117,288,2,6709,13418,12
6399,2117,294,1,2813,2813,17
6400,2118,110,1,166,166,15
6401,2118,396,1,2758,2758,2
6402,2118,231,2,6242,12484,5
6403,2118,423,2,9274,18548,13
6404,2119,183,2,2684,5368,13
6405,2119,235,2,931,1862,22
6406,2119,246,2,7060,14120,35
6407,2119,278,1,4446,4446,16
6408,2119,79,2,7778,15556,22
6409,2120,5,2,1375,2750,4
6410,2120,425,2,6302,12604,21
6411,2120,444,2,9635,19270,31
6412,2121,279,2,8933,17866,26
6413,2121,489,1,4052,4052,10
6414,2121,378,2,9971,19942,32
6415,2121,349,1,9083,9083,19
6416,2121,22,2,2507,5014,3
6417,2122,388,1,2920,2920,16
6418,2123,80,1,9998,9998,26
6419,2124,441,2,5608,11216,12
6420,2124,238,2,2253,4506,41
6421,2124,185,2,9725,19450,3
6422,2125,136,2,3041,6082,26
6423,2125,123,2,5979,11958,31
6424,2125,9,1,7261,7261,25
6425,2125,174,2,5394,10788,29
6426,2126,355,2,3972,7944,12
6427,2126,207,1,1145,1145,10
6428,2126,494,2,7434,14868,18
6429,2126,470,1,8803,8803,9
6430,2126,366,1,3411,3411,12
6431,2127,362,1,9032,9032,38
6432,2128,360,2,7936,15872,23
6433,2128,459,2,3610,7220,12
6434,2128,189,1,7671,7671,5
6435,2129,4,2,3526,7052,35
6436,2129,55,1,2603,2603,44
6437,2129,192,1,8710,8710,18
6438,2129,493,2,674,1348,9
6439,2130,27,1,4304,4304,27
6440,2130,79,2,7778,15556,7
6441,2130,16,2,6789,13578,20
6442,2131,160,1,4753,4753,19
6443,2131,346,1,8830,8830,49
6444,2132,150,1,179,179,18
6445,2132,454,2,412,824,6
6446,2132,418,1,8496,8496,46
6447,2133,292,1,9437,9437,21
6448,2134,64,2,3594,7188,47
6449,2134,43,1,2257,2257,27
6450,2135,426,1,3669,3669,46
6451,2135,142,2,4451,8902,7
6452,2136,207,2,1145,2290,44
6453,2136,120,1,458,458,33
6454,2136,97,2,2581,5162,22
6455,2137,289,1,6074,6074,37
6456,2137,232,1,4005,4005,23
6457,2137,381,2,1186,2372,3
6458,2137,139,2,6678,13356,0
6459,2138,285,1,6960,6960,46
6460,2138,71,1,1979,1979,18
6461,2139,291,2,2599,5198,25
6462,2139,44,2,7604,15208,29
6463,2140,106,1,3151,3151,9
6464,2140,57,2,2705,5410,23
6465,2141,390,2,2081,4162,9
6466,2142,183,2,2684,5368,21
6467,2142,197,2,1979,3958,49
6468,2143,274,1,514,514,29
6469,2143,431,1,3477,3477,49
6470,2143,367,1,7596,7596,27
6471,2144,16,2,6789,13578,3
6472,2144,191,1,600,600,14
6473,2145,41,2,4365,8730,9
6474,2145,28,2,3348,6696,23
6475,2146,334,2,7855,15710,32
6476,2147,438,2,9722,19444,3
6477,2147,410,2,1950,3900,21
6478,2147,98,2,8801,17602,30
6479,2148,200,2,994,1988,0
6480,2148,431,2,3477,6954,44
6481,2149,345,1,6080,6080,0
6482,2149,210,2,2955,5910,8
6483,2150,255,1,6915,6915,34
6484,2151,195,1,527,527,14
6485,2151,304,2,5702,11404,36
6486,2151,389,2,8169,16338,25
6487,2152,135,1,2784,2784,28
6488,2152,290,1,8108,8108,27
6489,2153,288,1,6709,6709,0
6490,2153,262,1,7591,7591,21
6491,2153,241,2,6358,12716,14
6492,2154,481,2,6701,13402,17
6493,2154,92,2,9153,18306,35
6494,2154,241,1,6358,6358,40
6495,2154,96,1,7924,7924,31
6496,2154,155,2,3414,6828,35
6497,2155,98,2,8801,17602,29
6498,2155,202,2,1340,2680,13
6499,2155,338,1,8558,8558,38
6500,2155,461,1,9272,9272,49
6501,2155,88,1,1892,1892,28
6502,2156,106,1,3151,3151,23
6503,2156,105,2,2035,4070,48
6504,2157,5,2,1375,2750,41
6505,2157,4,1,3526,3526,25
6506,2158,206,1,6328,6328,6
6507,2158,273,2,9304,18608,9
6508,2159,88,1,1892,1892,24
6509,2160,74,2,4264,8528,22
6510,2161,33,1,2531,2531,33
6511,2162,297,1,1490,1490,49
6512,2162,25,1,7208,7208,24
6513,2162,211,2,8936,17872,12
6514,2163,124,2,4127,8254,25
6515,2163,428,2,4566,9132,43
6516,2163,313,2,2105,4210,16
6517,2164,304,2,5702,11404,8
6518,2164,462,2,2010,4020,40
6519,2164,73,1,4792,4792,21
6520,2164,474,2,6848,13696,17
6521,2165,463,1,8313,8313,3
6522,2166,141,1,5963,5963,24
6523,2166,356,1,7623,7623,28
6524,2166,426,2,3669,7338,36
6525,2167,5,2,1375,2750,10
6526,2168,1,1,7383,7383,37
6527,2168,212,2,2125,4250,44
6528,2168,263,2,7027,14054,7
6529,2168,217,2,6416,12832,2
6530,2168,424,1,8160,8160,44
6531,2169,204,2,5332,10664,5
6532,2170,290,2,8108,16216,35
6533,2171,345,1,6080,6080,9
6534,2171,227,1,3371,3371,41
6535,2172,98,1,8801,8801,49
6536,2172,319,2,5440,10880,38
6537,2172,289,2,6074,12148,43
6538,2172,370,1,2338,2338,13
6539,2173,370,2,2338,4676,18
6540,2173,390,1,2081,2081,36
6541,2173,493,2,674,1348,0
6542,2173,384,2,2886,5772,21
6543,2174,349,2,9083,18166,44
6544,2175,309,1,5432,5432,7
6545,2175,225,2,6279,12558,4
6546,2176,259,1,4256,4256,34
6547,2176,137,2,9792,19584,19
6548,2176,226,1,6844,6844,48
6549,2177,182,1,3502,3502,19
6550,2177,235,1,931,931,27
6551,2177,455,1,6367,6367,44
6552,2177,191,1,600,600,11
6553,2177,366,2,3411,6822,49
6554,2178,335,1,3595,3595,45
6555,2178,347,2,4055,8110,33
6556,2179,447,2,2645,5290,4
6557,2180,177,2,5567,11134,38
6558,2180,429,2,9556,19112,19
6559,2180,46,1,2736,2736,24
6560,2180,408,1,1506,1506,29
6561,2181,262,1,7591,7591,20
6562,2181,319,1,5440,5440,7
6563,2181,415,1,9335,9335,33
6564,2181,158,1,3155,3155,26
6565,2181,454,1,412,412,41
6566,2182,210,2,2955,5910,7
6567,2183,325,2,4425,8850,32
6568,2183,23,1,5151,5151,20
6569,2183,409,2,3636,7272,33
6570,2183,306,1,427,427,42
6571,2184,127,2,803,1606,45
6572,2185,495,1,7826,7826,28
6573,2185,437,1,8765,8765,14
6574,2185,76,2,1796,3592,20
6575,2185,433,2,1018,2036,3
6576,2186,44,1,7604,7604,28
6577,2186,331,2,8327,16654,18
6578,2186,236,1,5507,5507,27
6579,2187,116,2,6777,13554,24
6580,2188,106,2,3151,6302,12
6581,2188,397,2,9923,19846,35
6582,2188,188,1,1340,1340,1
6583,2188,367,2,7596,15192,34
6584,2188,432,2,5619,11238,1
6585,2189,457,1,4081,4081,31
6586,2189,32,1,9159,9159,12
6587,2190,59,1,3707,3707,35
6588,2190,110,1,166,166,18
6589,2190,118,2,3022,6044,30
6590,2190,184,2,2562,5124,14
6591,2190,106,1,3151,3151,36
6592,2191,70,1,5334,5334,46
6593,2191,17,1,3755,3755,22
6594,2191,43,2,2257,4514,31
6595,2192,267,1,9802,9802,40
6596,2193,189,1,7671,7671,19
6597,2194,113,2,8499,16998,39
6598,2194,140,1,7936,7936,23
6599,2194,180,2,2762,5524,11
6600,2194,246,1,7060,7060,47
6601,2194,490,1,2663,2663,0
6602,2195,253,2,4985,9970,26
6603,2195,483,2,5769,11538,28
6604,2196,415,1,9335,9335,42
6605,2196,413,2,7682,15364,41
6606,2197,91,1,2426,2426,17
6607,2197,132,1,4597,4597,44
6608,2198,205,2,4349,8698,20
6609,2198,70,2,5334,10668,26
6610,2198,464,2,626,1252,23
6611,2198,118,2,3022,6044,38
6612,2198,275,1,4126,4126,12
6613,2199,342,2,808,1616,0
6614,2199,48,1,7171,7171,15
6615,2199,47,1,6006,6006,25
6616,2200,181,1,575,575,15
6617,2200,22,2,2507,5014,42
6618,2201,164,1,1863,1863,27
6619,2201,483,1,5769,5769,34
6620,2201,252,1,2663,2663,19
6621,2202,259,2,4256,8512,28
6622,2202,212,1,2125,2125,46
6623,2202,106,1,3151,3151,11
6624,2202,402,1,724,724,48
6625,2202,303,1,6559,6559,10
6626,2203,314,2,3186,6372,48
6627,2203,381,1,1186,1186,33
6628,2203,229,2,6873,13746,36
6629,2204,237,2,3798,7596,8
6630,2205,155,2,3414,6828,37
6631,2205,1,2,7383,14766,35
6632,2205,261,1,8358,8358,21
6633,2205,68,2,1393,2786,10
6634,2205,101,1,8481,8481,17
6635,2206,334,1,7855,7855,13
6636,2207,120,2,458,916,0
6637,2207,176,1,6822,6822,16
6638,2207,215,1,1100,1100,45
6639,2207,409,1,3636,3636,31
6640,2207,335,1,3595,3595,34
6641,2208,104,2,4304,8608,45
6642,2208,367,2,7596,15192,43
6643,2208,174,1,5394,5394,24
6644,2209,140,2,7936,15872,20
6645,2209,455,1,6367,6367,9
6646,2210,317,1,3598,3598,9
6647,2210,145,2,303,606,38
6648,2211,7,2,4344,8688,8
6649,2212,160,2,4753,9506,37
6650,2212,317,1,3598,3598,17
6651,2212,305,1,6459,6459,21
6652,2213,56,2,3520,7040,41
6653,2213,293,2,3156,6312,47
6654,2214,354,2,6624,13248,42
6655,2214,111,1,4199,4199,22
6656,2214,273,2,9304,18608,28
6657,2214,36,1,3776,3776,3
6658,2214,271,1,9332,9332,42
6659,2215,161,1,8668,8668,15
6660,2215,78,2,9614,19228,24
6661,2215,469,2,7584,15168,20
6662,2215,198,2,2082,4164,12
6663,2215,413,1,7682,7682,4
6664,2216,306,2,427,854,40
6665,2216,122,1,8570,8570,42
6666,2216,449,1,1273,1273,5
6667,2217,89,2,1967,3934,44
6668,2217,435,1,1446,1446,18
6669,2218,260,1,2313,2313,33
6670,2218,395,2,4317,8634,15
6671,2219,380,1,5037,5037,4
6672,2219,344,1,7129,7129,0
6673,2219,267,1,9802,9802,12
6674,2220,426,2,3669,7338,17
6675,2220,203,1,8865,8865,23
6676,2220,442,2,5784,11568,48
6677,2220,469,2,7584,15168,18
6678,2221,282,1,132,132,31
6679,2221,135,2,2784,5568,30
6680,2221,36,2,3776,7552,0
6681,2221,359,1,134,134,49
6682,2222,209,2,8256,16512,48
6683,2223,403,1,5297,5297,42
6684,2224,312,2,1017,2034,43
6685,2224,157,2,8682,17364,40
6686,2224,60,2,8364,16728,32
6687,2224,305,2,6459,12918,6
6688,2225,219,2,8550,17100,6
6689,2226,462,1,2010,2010,42
6690,2226,272,1,9771,9771,6
6691,2226,127,1,803,803,31
6692,2226,127,1,803,803,34
6693,2226,353,1,8490,8490,14
6694,2227,293,1,3156,3156,3
6695,2227,420,2,2612,5224,15
6696,2228,338,1,8558,8558,26
6697,2228,484,1,966,966,38
6698,2228,179,1,7886,7886,14
6699,2229,50,2,7706,15412,24
6700,2229,202,1,1340,1340,39
6701,2229,298,1,7494,7494,22
6702,2230,9,2,7261,14522,24
6703,2231,206,2,6328,12656,45
6704,2232,18,2,4166,8332,23
6705,2232,480,1,802,802,20
6706,2232,348,1,9864,9864,38
6707,2232,66,2,3514,7028,37
6708,2233,205,1,4349,4349,23
6709,2233,262,2,7591,15182,34
6710,2233,482,1,4129,4129,2
6711,2233,141,1,5963,5963,46
6712,2233,260,2,2313,4626,0
6713,2234,252,1,2663,2663,21
6714,2234,341,1,1233,1233,0
6715,2235,309,1,5432,5432,44
6716,2235,144,1,952,952,45
6717,2235,28,1,3348,3348,30
6718,2235,138,2,6011,12022,13
6719,2235,27,1,4304,4304,33
6720,2236,209,1,8256,8256,27
6721,2236,449,1,1273,1273,37
6722,2236,166,2,1767,3534,31
6723,2237,89,1,1967,1967,19
6724,2237,140,1,7936,7936,34
6725,2237,81,1,5434,5434,18
6726,2238,137,1,9792,9792,10
6727,2238,300,2,3824,7648,14
6728,2238,472,2,8141,16282,13
6729,2239,111,2,4199,8398,14
6730,2239,200,1,994,994,25
6731,2239,360,2,7936,15872,49
6732,2239,116,1,6777,6777,16
6733,2240,190,2,9154,18308,33
6734,2241,342,1,808,808,27
6735,2241,473,2,444,888,7
6736,2241,363,1,5692,5692,41
6737,2242,44,2,7604,15208,40
6738,2242,115,2,901,1802,48
6739,2242,78,1,9614,9614,22
6740,2242,138,1,6011,6011,42
6741,2242,376,2,7229,14458,33
6742,2243,279,1,8933,8933,7
6743,2243,340,2,6534,13068,12
6744,2243,19,2,9031,18062,7
6745,2244,162,1,7997,7997,42
6746,2245,500,1,8459,8459,10
6747,2246,399,1,2348,2348,10
6748,2246,108,2,1845,3690,28
6749,2246,428,1,4566,4566,9
6750,2246,469,1,7584,7584,35
6751,2246,478,2,7111,14222,40
6752,2247,231,2,6242,12484,38
6753,2247,319,2,5440,10880,43
6754,2247,217,2,6416,12832,23
6755,2247,6,2,9079,18158,25
6756,2247,233,2,7932,15864,5
6757,2248,207,1,1145,1145,16
6758,2248,54,1,5045,5045,46
6759,2249,11,2,6295,12590,26
6760,2249,85,1,7726,7726,40
6761,2250,296,1,4832,4832,45
6762,2250,457,2,4081,8162,39
6763,2250,480,2,802,1604,27
6764,2250,380,2,5037,10074,20
6765,2250,337,1,3014,3014,4
6766,2251,397,2,9923,19846,23
6767,2251,291,1,2599,2599,49
6768,2251,50,1,7706,7706,16
6769,2252,126,2,511,1022,1
6770,2252,409,1,3636,3636,38
6771,2252,313,2,2105,4210,47
6772,2252,67,2,1386,2772,43
6773,2253,296,1,4832,4832,5
6774,2253,213,2,1327,2654,8
6775,2254,254,2,8080,16160,5
6776,2255,425,1,6302,6302,32
6777,2255,161,1,8668,8668,21
6778,2255,370,1,2338,2338,19
6779,2256,211,1,8936,8936,2
6780,2257,82,2,9229,18458,48
6781,2257,444,2,9635,19270,0
6782,2258,251,2,1127,2254,19
6783,2258,72,1,4731,4731,27
6784,2258,52,2,4381,8762,39
6785,2258,178,2,885,1770,46
6786,2258,51,1,4970,4970,21
6787,2259,241,2,6358,12716,47
6788,2259,105,1,2035,2035,42
6789,2259,112,2,1365,2730,23
6790,2259,311,1,1370,1370,6
6791,2260,218,2,5588,11176,10
6792,2260,339,2,1062,2124,17
6793,2260,253,1,4985,4985,14
6794,2261,329,1,6394,6394,30
6795,2261,137,1,9792,9792,45
6796,2261,236,2,5507,11014,34
6797,2262,420,2,2612,5224,10
6798,2262,56,1,3520,3520,32
6799,2262,355,2,3972,7944,14
6800,2262,379,1,288,288,39
6801,2262,88,1,1892,1892,39
6802,2263,17,2,3755,7510,0
6803,2263,223,2,3994,7988,23
6804,2263,398,1,6975,6975,16
6805,2264,176,2,6822,13644,32
6806,2264,5,1,1375,1375,8
6807,2264,102,1,7997,7997,45
6808,2265,411,2,683,1366,19
6809,2266,315,2,5375,10750,32
6810,2267,358,1,876,876,29
6811,2267,393,2,5614,11228,12
6812,2267,112,2,1365,2730,32
6813,2267,314,2,3186,6372,26
6814,2268,226,2,6844,13688,3
6815,2269,168,1,2126,2126,19
6816,2269,358,2,876,1752,4
6817,2269,494,2,7434,14868,13
6818,2269,399,1,2348,2348,23
6819,2270,320,1,4686,4686,2
6820,2270,462,1,2010,2010,15
6821,2270,15,1,8230,8230,47
6822,2271,388,1,2920,2920,16
6823,2271,475,1,2596,2596,44
6824,2271,38,1,7964,7964,31
6825,2271,342,2,808,1616,38
6826,2271,428,1,4566,4566,3
6827,2272,118,1,3022,3022,24
6828,2273,189,2,7671,15342,47
6829,2273,15,1,8230,8230,7
6830,2273,469,1,7584,7584,44
6831,2273,57,1,2705,2705,40
6832,2274,102,1,7997,7997,20
6833,2274,479,1,4003,4003,28
6834,2274,269,1,8261,8261,37
6835,2274,172,1,8206,8206,22
6836,2275,115,2,901,1802,12
6837,2275,156,2,1080,2160,16
6838,2275,144,2,952,1904,17
6839,2275,344,2,7129,14258,8
6840,2276,387,1,9763,9763,5
6841,2276,33,1,2531,2531,21
6842,2276,22,2,2507,5014,31
6843,2276,9,1,7261,7261,3
6844,2276,51,2,4970,9940,23
6845,2277,46,2,2736,5472,22
6846,2277,194,2,8080,16160,8
6847,2277,342,1,808,808,46
6848,2277,205,1,4349,4349,35
6849,2277,206,1,6328,6328,3
6850,2278,221,1,3953,3953,7
6851,2278,164,1,1863,1863,23
6852,2278,127,1,803,803,46
6853,2278,459,1,3610,3610,6
6854,2278,33,2,2531,5062,14
6855,2279,228,1,3377,3377,18
6856,2279,399,2,2348,4696,28
6857,2279,392,1,1069,1069,28
6858,2279,416,2,1795,3590,38
6859,2279,440,2,632,1264,11
6860,2280,461,1,9272,9272,41
6861,2281,389,2,8169,16338,1
6862,2281,155,2,3414,6828,17
6863,2281,285,2,6960,13920,5
6864,2281,209,2,8256,16512,40
6865,2282,484,2,966,1932,29
6866,2282,275,2,4126,8252,45
6867,2282,70,2,5334,10668,38
6868,2283,56,2,3520,7040,42
6869,2283,80,2,9998,19996,9
6870,2283,38,1,7964,7964,22
6871,2283,494,1,7434,7434,47
6872,2283,190,1,9154,9154,15
6873,2284,391,2,7357,14714,0
6874,2284,81,2,5434,10868,7
6875,2285,278,2,4446,8892,6
6876,2285,48,2,7171,14342,26
6877,2286,492,1,2978,2978,8
6878,2286,341,1,1233,1233,37
6879,2286,145,1,303,303,10
6880,2286,148,2,5057,10114,1
6881,2286,66,2,3514,7028,17
6882,2287,81,2,5434,10868,26
6883,2287,103,1,3003,3003,33
6884,2287,221,2,3953,7906,36
6885,2287,450,1,2223,2223,7
6886,2288,36,1,3776,3776,9
6887,2288,265,1,445,445,43
6888,2288,355,2,3972,7944,38
6889,2288,282,2,132,264,28
6890,2288,361,2,1521,3042,16
6891,2289,115,2,901,1802,27
6892,2289,217,2,6416,12832,5
6893,2289,185,2,9725,19450,28
6894,2289,464,1,626,626,11
6895,2289,84,1,3374,3374,26
6896,2290,123,1,5979,5979,33
6897,2290,49,1,4975,4975,24
6898,2291,128,1,1065,1065,8
6899,2291,260,2,2313,4626,17
6900,2291,431,2,3477,6954,46
6901,2291,109,2,7744,15488,45
6902,2292,237,1,3798,3798,28
6903,2292,307,1,3734,3734,20
6904,2292,161,1,8668,8668,14
6905,2292,121,2,9357,18714,19
6906,2293,488,1,5080,5080,24
6907,2293,1,2,7383,14766,47
6908,2293,283,2,9977,19954,0
6909,2293,39,2,569,1138,32
6910,2294,338,2,8558,17116,0
6911,2294,211,1,8936,8936,40
6912,2294,255,1,6915,6915,32
6913,2294,374,1,1359,1359,48
6914,2294,74,1,4264,4264,43
6915,2295,442,2,5784,11568,1
6916,2295,412,1,2577,2577,8
6917,2295,122,2,8570,17140,24
6918,2295,447,1,2645,2645,38
6919,2296,442,1,5784,5784,37
6920,2296,476,1,1509,1509,25
6921,2296,120,1,458,458,32
6922,2296,412,1,2577,2577,38
6923,2297,348,2,9864,19728,7
6924,2297,341,2,1233,2466,26
6925,2298,238,2,2253,4506,6
6926,2298,208,2,9063,18126,28
6927,2298,312,1,1017,1017,12
6928,2299,312,1,1017,1017,18
6929,2299,154,1,2254,2254,47
6930,2299,365,2,2532,5064,20
6931,2300,498,2,5376,10752,48
6932,2301,216,1,6829,6829,40
6933,2301,355,2,3972,7944,47
6934,2301,7,1,4344,4344,10
6935,2302,417,2,5478,10956,13
6936,2302,48,2,7171,14342,6
6937,2302,172,2,8206,16412,21
6938,2302,407,1,5041,5041,24
6939,2303,206,2,6328,12656,22
6940,2303,423,2,9274,18548,5
6941,2303,496,2,816,1632,34
6942,2303,144,1,952,952,39
6943,2304,245,1,6825,6825,17
6944,2305,199,1,9352,9352,33
6945,2305,176,1,6822,6822,45
6946,2306,273,1,9304,9304,35
6947,2306,38,1,7964,7964,42
6948,2306,103,1,3003,3003,10
6949,2307,302,2,1386,2772,21
6950,2307,295,1,9489,9489,6
6951,2307,273,2,9304,18608,0
6952,2307,158,2,3155,6310,39
6953,2307,100,2,2808,5616,44
6954,2308,398,1,6975,6975,29
6955,2308,63,1,226,226,27
6956,2308,11,2,6295,12590,33
6957,2308,311,2,1370,2740,12
6958,2308,276,1,5653,5653,28
6959,2309,38,1,7964,7964,32
6960,2309,473,1,444,444,7
6961,2309,414,1,7849,7849,47
6962,2310,211,2,8936,17872,2
6963,2310,150,1,179,179,47
6964,2310,409,2,3636,7272,22
6965,2310,177,1,5567,5567,21
6966,2311,420,1,2612,2612,17
6967,2311,385,1,3416,3416,17
6968,2312,289,2,6074,12148,21
6969,2312,12,2,2033,4066,17
6970,2313,181,1,575,575,40
6971,2313,413,2,7682,15364,41
6972,2313,222,2,8997,17994,20
6973,2313,254,1,8080,8080,22
6974,2313,51,1,4970,4970,24
6975,2314,306,1,427,427,39
6976,2314,71,1,1979,1979,0
6977,2314,484,1,966,966,18
6978,2314,83,1,8065,8065,14
6979,2315,320,2,4686,9372,11
6980,2315,497,2,6071,12142,6
6981,2316,28,1,3348,3348,35
6982,2317,64,1,3594,3594,6
6983,2317,449,2,1273,2546,29
6984,2317,19,1,9031,9031,27
6985,2317,34,1,4723,4723,26
6986,2318,413,1,7682,7682,39
6987,2318,70,1,5334,5334,2
6988,2318,103,1,3003,3003,47
6989,2319,257,1,1515,1515,47
6990,2319,451,2,6416,12832,1
6991,2319,74,1,4264,4264,3
6992,2319,249,2,3076,6152,16
6993,2319,37,2,5974,11948,20
6994,2320,69,2,3379,6758,1
6995,2320,484,1,966,966,19
6996,2320,213,1,1327,1327,4
6997,2320,199,1,9352,9352,7
6998,2320,471,2,3454,6908,16
6999,2321,461,2,9272,18544,48
7000,2322,84,1,3374,3374,11
7001,2322,159,2,5798,11596,34
7002,2322,106,2,3151,6302,16
7003,2323,458,2,7231,14462,12
7004,2323,88,1,1892,1892,29
7005,2323,415,1,9335,9335,9
7006,2323,62,2,7260,14520,11
7007,2324,412,2,2577,5154,32
7008,2324,475,2,2596,5192,27
7009,2324,295,2,9489,18978,2
7010,2324,225,1,6279,6279,26
7011,2324,136,1,3041,3041,46
7012,2325,90,1,5742,5742,44
7013,2325,145,1,303,303,27
7014,2325,35,2,532,1064,27
7015,2325,422,2,2063,4126,20
7016,2325,371,1,8364,8364,32
7017,2326,73,2,4792,9584,27
7018,2326,121,1,9357,9357,37
7019,2326,89,2,1967,3934,48
7020,2326,337,1,3014,3014,46
7021,2326,107,1,4996,4996,32
7022,2327,269,1,8261,8261,14
7023,2327,439,1,8872,8872,0
7024,2328,430,1,8207,8207,42
7025,2328,483,2,5769,11538,36
7026,2328,39,1,569,569,47
7027,2329,221,1,3953,3953,20
7028,2329,234,1,3036,3036,11
7029,2329,93,1,8858,8858,9
7030,2329,90,2,5742,11484,9
7031,2329,256,2,8015,16030,24
7032,2330,9,1,7261,7261,6
7033,2331,169,2,1711,3422,38
7034,2331,271,1,9332,9332,49
7035,2331,365,2,2532,5064,19
7036,2332,432,2,5619,11238,7
7037,2332,443,2,1814,3628,45
7038,2333,218,1,5588,5588,40
7039,2334,78,1,9614,9614,1
7040,2334,314,2,3186,6372,12
7041,2334,373,1,5255,5255,23
7042,2334,61,2,6585,13170,40
7043,2334,370,2,2338,4676,7
7044,2335,337,2,3014,6028,5
7045,2335,138,1,6011,6011,21
7046,2335,239,2,2008,4016,20
7047,2336,417,1,5478,5478,10
7048,2336,463,1,8313,8313,46
7049,2336,14,2,6673,13346,28
7050,2337,21,1,9405,9405,8
7051,2337,162,2,7997,15994,28
7052,2337,160,1,4753,4753,0
7053,2338,357,1,1901,1901,31
7054,2338,87,2,5931,11862,8
7055,2338,150,2,179,358,36
7056,2338,96,2,7924,15848,18
7057,2338,412,2,2577,5154,30
7058,2339,36,2,3776,7552,29
7059,2339,166,2,1767,3534,0
7060,2340,254,2,8080,16160,6
7061,2341,216,2,6829,13658,8
7062,2342,404,1,5532,5532,10
7063,2342,496,1,816,816,12
7064,2342,420,2,2612,5224,36
7065,2343,232,2,4005,8010,41
7066,2343,239,2,2008,4016,17
7067,2343,348,1,9864,9864,5
7068,2343,421,1,1837,1837,49
7069,2344,57,2,2705,5410,20
7070,2344,19,2,9031,18062,49
7071,2344,361,2,1521,3042,6
7072,2344,275,1,4126,4126,23
7073,2345,120,2,458,916,29
7074,2346,11,2,6295,12590,29
7075,2346,421,2,1837,3674,0
7076,2346,435,2,1446,2892,39
7077,2346,434,1,7634,7634,35
7078,2346,311,2,1370,2740,19
7079,2347,402,2,724,1448,2
7080,2347,283,1,9977,9977,35
7081,2347,165,1,2804,2804,48
7082,2348,34,1,4723,4723,39
7083,2349,356,2,7623,15246,25
7084,2349,280,2,598,1196,26
7085,2350,42,2,3798,7596,41
7086,2350,348,1,9864,9864,3
7087,2350,127,1,803,803,16
7088,2351,150,1,179,179,33
7089,2352,254,2,8080,16160,6
7090,2352,217,2,6416,12832,9
7091,2352,125,2,4484,8968,28
7092,2352,410,1,1950,1950,7
7093,2353,156,2,1080,2160,37
7094,2353,211,2,8936,17872,31
7095,2354,93,2,8858,17716,32
7096,2354,207,2,1145,2290,38
7097,2354,336,1,2077,2077,30
7098,2354,460,1,8795,8795,33
7099,2355,37,2,5974,11948,37
7100,2355,455,2,6367,12734,24
7101,2355,303,2,6559,13118,23
7102,2355,192,2,8710,17420,38
7103,2356,221,2,3953,7906,32
7104,2356,38,1,7964,7964,30
7105,2357,362,1,9032,9032,13
7106,2358,63,2,226,452,37
7107,2358,335,1,3595,3595,2
7108,2358,484,1,966,966,1
7109,2358,124,1,4127,4127,48
7110,2358,177,1,5567,5567,41
7111,2359,65,1,1575,1575,2
7112,2359,171,1,4878,4878,26
7113,2359,116,1,6777,6777,9
7114,2359,125,1,4484,4484,10
7115,2360,309,1,5432,5432,12
7116,2361,420,2,2612,5224,25
7117,2361,376,2,7229,14458,6
7118,2361,236,1,5507,5507,29
7119,2362,276,1,5653,5653,29
7120,2362,274,2,514,1028,42
7121,2362,316,1,2025,2025,36
7122,2362,285,1,6960,6960,29
7123,2362,260,2,2313,4626,30
7124,2363,35,1,532,532,25
7125,2363,18,2,4166,8332,29
7126,2363,33,2,2531,5062,31
7127,2364,36,2,3776,7552,31
7128,2364,474,1,6848,6848,12
7129,2365,390,2,2081,4162,2
7130,2365,293,1,3156,3156,6
7131,2365,239,2,2008,4016,3
7132,2366,153,1,6657,6657,26
7133,2366,11,1,6295,6295,2
7134,2366,475,1,2596,2596,22
7135,2367,138,1,6011,6011,25
7136,2367,436,1,9749,9749,27
7137,2368,404,2,5532,11064,5
7138,2368,405,1,7803,7803,27
7139,2368,331,2,8327,16654,37
7140,2369,21,2,9405,18810,6
7141,2370,224,1,6082,6082,26
7142,2370,228,2,3377,6754,39
7143,2370,11,1,6295,6295,18
7144,2370,306,2,427,854,25
7145,2371,110,2,166,332,27
7146,2372,409,2,3636,7272,19
7147,2372,73,1,4792,4792,0
7148,2372,336,2,2077,4154,40
7149,2373,483,2,5769,11538,27
7150,2374,306,2,427,854,28
7151,2374,499,1,7189,7189,36
7152,2375,344,2,7129,14258,13
7153,2376,48,1,7171,7171,15
7154,2376,130,2,8697,17394,14
7155,2376,38,1,7964,7964,15
7156,2377,89,2,1967,3934,10
7157,2377,263,2,7027,14054,36
7158,2377,374,2,1359,2718,20
7159,2377,256,1,8015,8015,35
7160,2377,62,1,7260,7260,21
7161,2378,221,2,3953,7906,24
7162,2378,253,1,4985,4985,22
7163,2378,432,1,5619,5619,35
7164,2378,85,1,7726,7726,16
7165,2379,4,1,3526,3526,44
7166,2380,277,2,1812,3624,2
7167,2380,272,1,9771,9771,33
7168,2380,381,2,1186,2372,13
7169,2380,198,1,2082,2082,20
7170,2380,46,2,2736,5472,32
7171,2381,61,1,6585,6585,37
7172,2382,335,2,3595,7190,35
7173,2382,280,1,598,598,30
7174,2383,260,2,2313,4626,21
7175,2384,497,2,6071,12142,13
7176,2384,238,1,2253,2253,32
7177,2384,323,2,3539,7078,36
7178,2384,218,2,5588,11176,11
7179,2385,107,1,4996,4996,13
7180,2385,79,2,7778,15556,43
7181,2386,121,2,9357,18714,38
7182,2386,448,2,2566,5132,32
7183,2386,445,2,2069,4138,12
7184,2386,476,1,1509,1509,22
7185,2386,157,2,8682,17364,16
7186,2387,328,2,1982,3964,47
7187,2387,304,1,5702,5702,17
7188,2387,232,2,4005,8010,8
7189,2387,323,1,3539,3539,37
7190,2388,464,2,626,1252,36
7191,2388,108,1,1845,1845,32
7192,2388,12,1,2033,2033,44
7193,2388,293,2,3156,6312,41
7194,2388,489,1,4052,4052,18
7195,2389,435,2,1446,2892,0
7196,2389,240,1,826,826,13
7197,2389,378,2,9971,19942,0
7198,2390,344,2,7129,14258,8
7199,2390,397,2,9923,19846,13
7200,2390,427,1,7939,7939,48
7201,2390,24,1,1400,1400,31
7202,2390,358,2,876,1752,10
7203,2391,62,2,7260,14520,7
7204,2391,195,2,527,1054,49
7205,2392,390,2,2081,4162,48
7206,2392,452,2,200,400,14
7207,2392,293,2,3156,6312,0
7208,2392,161,1,8668,8668,48
7209,2392,83,1,8065,8065,3
7210,2393,174,1,5394,5394,2
7211,2393,217,1,6416,6416,29
7212,2393,368,2,2023,4046,30
7213,2394,274,2,514,1028,39
7214,2394,209,1,8256,8256,29
7215,2394,455,1,6367,6367,9
7216,2395,362,1,9032,9032,37
7217,2395,57,1,2705,2705,48
7218,2395,405,1,7803,7803,48
7219,2395,463,1,8313,8313,27
7220,2396,445,2,2069,4138,29
7221,2396,291,2,2599,5198,9
7222,2397,144,1,952,952,41
7223,2398,340,2,6534,13068,30
7224,2399,297,1,1490,1490,39
7225,2400,94,2,8136,16272,7
7226,2400,237,2,3798,7596,23
7227,2401,133,2,4827,9654,24
7228,2401,18,1,4166,4166,37
7229,2401,56,1,3520,3520,6
7230,2401,498,1,5376,5376,41
7231,2402,391,2,7357,14714,49
7232,2402,118,1,3022,3022,21
7233,2402,253,1,4985,4985,13
7234,2402,354,2,6624,13248,9
7235,2403,64,2,3594,7188,14
7236,2403,391,1,7357,7357,12
7237,2403,189,1,7671,7671,10
7238,2403,312,1,1017,1017,17
7239,2404,206,2,6328,12656,14
7240,2405,389,1,8169,8169,20
7241,2405,295,2,9489,18978,23
7242,2405,399,2,2348,4696,5
7243,2405,448,2,2566,5132,20
7244,2406,311,2,1370,2740,21
7245,2406,39,1,569,569,31
7246,2406,479,2,4003,8006,47
7247,2406,238,2,2253,4506,44
7248,2406,31,2,6864,13728,24
7249,2407,59,2,3707,7414,38
7250,2407,76,2,1796,3592,9
7251,2407,23,2,5151,10302,0
7252,2407,167,1,7276,7276,33
7253,2408,204,1,5332,5332,2
7254,2408,166,1,1767,1767,22
7255,2408,300,1,3824,3824,48
7256,2408,456,1,8667,8667,37
7257,2409,276,1,5653,5653,15
7258,2409,397,1,9923,9923,17
7259,2409,85,2,7726,15452,41
7260,2409,410,1,1950,1950,42
7261,2410,157,2,8682,17364,24
7262,2410,443,1,1814,1814,37
7263,2410,2,2,1005,2010,47
7264,2410,268,1,8452,8452,44
7265,2410,192,2,8710,17420,39
7266,2411,304,2,5702,11404,0
7267,2411,70,2,5334,10668,48
7268,2411,426,2,3669,7338,49
7269,2411,55,2,2603,5206,49
7270,2411,6,2,9079,18158,15
7271,2412,446,2,9384,18768,11
7272,2412,261,1,8358,8358,28
7273,2413,403,1,5297,5297,3
7274,2414,2,1,1005,1005,29
7275,2415,268,1,8452,8452,21
7276,2415,143,2,1092,2184,27
7277,2415,373,1,5255,5255,30
7278,2415,278,1,4446,4446,17
7279,2415,89,1,1967,1967,25
7280,2416,8,1,552,552,31
7281,2416,208,2,9063,18126,30
7282,2416,99,2,7480,14960,29
7283,2416,317,2,3598,7196,26
7284,2416,75,1,5949,5949,31
7285,2417,263,1,7027,7027,37
7286,2417,136,1,3041,3041,14
7287,2418,38,2,7964,15928,35
7288,2418,114,2,8116,16232,12
7289,2418,223,2,3994,7988,49
7290,2419,263,1,7027,7027,19
7291,2419,490,2,2663,5326,7
7292,2419,161,2,8668,17336,43
7293,2419,472,2,8141,16282,34
7294,2419,300,1,3824,3824,14
7295,2420,3,2,810,1620,48
7296,2420,470,1,8803,8803,0
7297,2421,189,1,7671,7671,39
7298,2421,390,1,2081,2081,5
7299,2421,38,2,7964,15928,47
7300,2422,193,1,2706,2706,48
7301,2422,377,2,3078,6156,24
7302,2422,151,2,9774,19548,30
7303,2422,49,1,4975,4975,47
7304,2423,152,1,8703,8703,35
7305,2424,266,1,1413,1413,42
7306,2424,395,2,4317,8634,31
7307,2424,260,1,2313,2313,30
7308,2424,225,2,6279,12558,9
7309,2425,418,1,8496,8496,5
7310,2425,431,2,3477,6954,20
7311,2425,326,1,8014,8014,46
7312,2425,203,2,8865,17730,22
7313,2425,226,1,6844,6844,29
7314,2426,5,1,1375,1375,22
7315,2426,344,1,7129,7129,21
7316,2426,234,1,3036,3036,34
7317,2427,406,1,8666,8666,44
7318,2427,467,1,989,989,16
7319,2427,120,2,458,916,45
7320,2427,63,1,226,226,20
7321,2427,99,2,7480,14960,45
7322,2428,419,2,6185,12370,45
7323,2428,103,2,3003,6006,27
7324,2428,449,2,1273,2546,28
7325,2428,194,2,8080,16160,19
7326,2428,9,1,7261,7261,17
7327,2429,151,2,9774,19548,23
7328,2430,496,1,816,816,36
7329,2430,185,1,9725,9725,14
7330,2430,492,1,2978,2978,4
7331,2430,150,2,179,358,36
7332,2431,400,2,4939,9878,23
7333,2431,273,2,9304,18608,17
7334,2431,273,2,9304,18608,29
7335,2431,421,2,1837,3674,3
7336,2432,464,1,626,626,4
7337,2432,419,2,6185,12370,25
7338,2432,360,1,7936,7936,3
7339,2432,480,1,802,802,25
7340,2433,43,1,2257,2257,16
7341,2433,370,2,2338,4676,7
7342,2434,334,1,7855,7855,23
7343,2434,51,1,4970,4970,48
7344,2434,20,2,7740,15480,40
7345,2434,457,1,4081,4081,40
7346,2434,197,1,1979,1979,26
7347,2435,15,1,8230,8230,26
7348,2435,187,2,7902,15804,41
7349,2435,79,1,7778,7778,32
7350,2435,125,2,4484,8968,15
7351,2436,342,2,808,1616,26
7352,2436,160,2,4753,9506,2
7353,2436,338,1,8558,8558,16
7354,2436,380,2,5037,10074,46
7355,2437,285,1,6960,6960,20
7356,2437,225,2,6279,12558,21
7357,2437,365,2,2532,5064,32
7358,2437,108,1,1845,1845,20
7359,2438,274,2,514,1028,34
7360,2438,291,1,2599,2599,13
7361,2439,382,1,1765,1765,41
7362,2439,82,2,9229,18458,15
7363,2439,273,1,9304,9304,9
7364,2440,271,1,9332,9332,18
7365,2440,213,1,1327,1327,14
7366,2441,310,2,1023,2046,7
7367,2441,125,1,4484,4484,16
7368,2441,37,1,5974,5974,9
7369,2441,113,2,8499,16998,46
7370,2441,277,2,1812,3624,11
7371,2442,428,2,4566,9132,3
7372,2442,141,1,5963,5963,49
7373,2443,5,2,1375,2750,12
7374,2443,331,2,8327,16654,45
7375,2443,30,1,7952,7952,14
7376,2443,479,1,4003,4003,11
7377,2443,421,2,1837,3674,32
7378,2444,139,2,6678,13356,47
7379,2444,64,1,3594,3594,45
7380,2444,477,1,4434,4434,12
7381,2444,33,1,2531,2531,46
7382,2445,235,1,931,931,48
7383,2446,9,2,7261,14522,24
7384,2447,257,1,1515,1515,43
7385,2447,202,2,1340,2680,43
7386,2447,252,1,2663,2663,47
7387,2448,73,1,4792,4792,46
7388,2448,314,2,3186,6372,5
7389,2448,212,2,2125,4250,46
7390,2448,19,1,9031,9031,48
7391,2449,396,2,2758,5516,2
7392,2449,260,2,2313,4626,2
7393,2450,42,1,3798,3798,25
7394,2451,280,1,598,598,41
7395,2451,309,2,5432,10864,28
7396,2451,385,2,3416,6832,16
7397,2452,87,1,5931,5931,45
7398,2452,449,2,1273,2546,9
7399,2453,315,2,5375,10750,35
7400,2453,163,2,1089,2178,16
7401,2453,210,2,2955,5910,18
7402,2453,278,2,4446,8892,13
7403,2453,242,1,959,959,38
7404,2454,172,1,8206,8206,12
7405,2454,463,1,8313,8313,5
7406,2454,453,2,9440,18880,5
7407,2454,268,1,8452,8452,1
7408,2454,65,2,1575,3150,39
7409,2455,354,1,6624,6624,41
7410,2455,452,2,200,400,42
7411,2456,173,2,7111,14222,28
7412,2456,123,2,5979,11958,17
7413,2456,286,2,1335,2670,25
7414,2456,423,1,9274,9274,23
7415,2456,15,1,8230,8230,47
7416,2457,65,2,1575,3150,21
7417,2457,205,2,4349,8698,15
7418,2457,227,1,3371,3371,33
7419,2457,32,1,9159,9159,46
7420,2458,331,2,8327,16654,47
7421,2458,148,2,5057,10114,18
7422,2458,495,2,7826,15652,22
7423,2458,409,1,3636,3636,20
7424,2458,424,2,8160,16320,21
7425,2459,321,2,7163,14326,15
7426,2459,56,1,3520,3520,34
7427,2459,414,2,7849,15698,29
7428,2460,63,1,226,226,6
7429,2460,59,2,3707,7414,13
7430,2460,361,2,1521,3042,15
7431,2460,415,1,9335,9335,41
7432,2461,132,2,4597,9194,4
7433,2461,174,1,5394,5394,9
7434,2461,451,1,6416,6416,23
7435,2462,59,1,3707,3707,3
7436,2462,314,1,3186,3186,17
7437,2462,461,2,9272,18544,22
7438,2462,344,2,7129,14258,44
7439,2463,220,2,792,1584,29
7440,2463,80,2,9998,19996,31
7441,2464,425,2,6302,12604,36
7442,2465,467,1,989,989,10
7443,2465,58,2,9175,18350,11
7444,2465,155,1,3414,3414,28
7445,2466,458,1,7231,7231,33
7446,2466,429,2,9556,19112,43
7447,2466,238,1,2253,2253,37
7448,2466,176,2,6822,13644,47
7449,2466,348,1,9864,9864,27
7450,2467,78,2,9614,19228,24
7451,2467,192,1,8710,8710,41
7452,2467,171,1,4878,4878,33
7453,2467,438,1,9722,9722,35
7454,2468,456,2,8667,17334,47
7455,2468,185,2,9725,19450,16
7456,2468,359,1,134,134,17
7457,2468,82,2,9229,18458,38
7458,2468,384,2,2886,5772,32
7459,2469,11,2,6295,12590,0
7460,2469,250,1,4301,4301,4
7461,2469,86,1,3922,3922,46
7462,2469,499,1,7189,7189,21
7463,2469,122,2,8570,17140,9
7464,2470,47,2,6006,12012,20
7465,2470,200,2,994,1988,38
7466,2470,436,1,9749,9749,40
7467,2470,274,1,514,514,23
7468,2471,498,2,5376,10752,9
7469,2471,300,1,3824,3824,12
7470,2472,84,2,3374,6748,43
7471,2472,423,1,9274,9274,17
7472,2472,215,2,1100,2200,27
7473,2472,386,2,7081,14162,19
7474,2473,88,1,1892,1892,18
7475,2473,118,1,3022,3022,19
7476,2473,33,1,2531,2531,28
7477,2473,183,1,2684,2684,1
7478,2474,248,2,5140,10280,9
7479,2474,214,1,9847,9847,39
7480,2474,259,2,4256,8512,3
7481,2474,124,2,4127,8254,9
7482,2474,149,1,6253,6253,4
7483,2475,7,1,4344,4344,12
7484,2475,128,2,1065,2130,23
7485,2475,89,2,1967,3934,31
7486,2475,381,1,1186,1186,9
7487,2475,27,2,4304,8608,14
7488,2476,92,2,9153,18306,5
7489,2476,435,2,1446,2892,13
7490,2477,89,2,1967,3934,33
7491,2477,161,1,8668,8668,32
7492,2477,325,2,4425,8850,6
7493,2477,269,1,8261,8261,30
7494,2477,412,2,2577,5154,44
7495,2478,111,2,4199,8398,48
7496,2478,80,1,9998,9998,30
7497,2478,147,2,4932,9864,13
7498,2479,28,1,3348,3348,30
7499,2479,396,2,2758,5516,32
7500,2479,188,1,1340,1340,30
7501,2479,491,1,7872,7872,19
7502,2479,420,1,2612,2612,15
7503,2480,241,2,6358,12716,25
7504,2480,369,1,2604,2604,31
7505,2481,394,1,9264,9264,30
7506,2481,186,2,301,602,34
7507,2481,63,2,226,452,44
7508,2482,358,2,876,1752,30
7509,2482,46,2,2736,5472,36
7510,2482,441,1,5608,5608,22
7511,2483,466,1,4450,4450,47
7512,2484,177,1,5567,5567,36
7513,2484,4,2,3526,7052,31
7514,2485,113,2,8499,16998,35
7515,2485,191,1,600,600,46
7516,2485,232,1,4005,4005,22
7517,2485,203,1,8865,8865,38
7518,2486,228,2,3377,6754,14
7519,2487,245,2,6825,13650,32
7520,2487,21,2,9405,18810,11
7521,2487,45,2,6000,12000,16
7522,2487,225,1,6279,6279,34
7523,2487,49,1,4975,4975,3
7524,2488,127,2,803,1606,43
7525,2488,373,1,5255,5255,5
7526,2488,316,2,2025,4050,13
7527,2489,374,1,1359,1359,15
7528,2490,47,2,6006,12012,31
7529,2490,38,2,7964,15928,33
7530,2490,109,2,7744,15488,6
7531,2490,185,2,9725,19450,13
7532,2490,450,1,2223,2223,2
7533,2491,321,2,7163,14326,41
7534,2492,178,1,885,885,40
7535,2492,110,2,166,332,18
7536,2492,431,2,3477,6954,45
7537,2492,294,1,2813,2813,31
7538,2492,5,1,1375,1375,38
7539,2493,419,1,6185,6185,21
7540,2493,72,2,4731,9462,21
7541,2493,157,1,8682,8682,28
7542,2493,262,2,7591,15182,43
7543,2493,415,2,9335,18670,24
7544,2494,392,2,1069,2138,2
7545,2495,323,2,3539,7078,38
7546,2495,130,1,8697,8697,35
7547,2496,443,2,1814,3628,10
7548,2496,372,2,1416,2832,0
7549,2496,242,1,959,959,13
7550,2496,173,2,7111,14222,5
7551,2496,33,1,2531,2531,2
7552,2497,418,1,8496,8496,10
7553,2497,477,2,4434,8868,1
7554,2498,170,1,5243,5243,41
7555,2499,280,1,598,598,19
7556,2499,458,1,7231,7231,29
7557,2499,300,2,3824,7648,8
7558,2499,383,1,3997,3997,45
7559,2499,283,1,9977,9977,42
7560,2500,175,2,8190,16380,0
7561,2500,228,2,3377,6754,6
7562,2501,405,1,7803,7803,31
7563,2501,279,2,8933,17866,24
7564,2502,149,1,6253,6253,14
7565,2502,322,2,8465,16930,16
7566,2503,256,2,8015,16030,10
7567,2503,343,2,6618,13236,21
7568,2503,487,2,1596,3192,18
7569,2503,408,1,1506,1506,48
7570,2503,88,1,1892,1892,27
7571,2504,269,1,8261,8261,5
7572,2504,223,1,3994,3994,16
7573,2504,117,1,6431,6431,44
7574,2505,281,2,8327,16654,31
7575,2505,7,2,4344,8688,43
7576,2505,242,2,959,1918,22
7577,2505,259,2,4256,8512,28
7578,2506,386,1,7081,7081,14
7579,2506,90,1,5742,5742,18
7580,2506,354,2,6624,13248,20
7581,2506,87,1,5931,5931,32
7582,2506,293,2,3156,6312,26
7583,2507,300,1,3824,3824,9
7584,2507,283,2,9977,19954,38
7585,2507,338,2,8558,17116,27
7586,2507,316,2,2025,4050,23
7587,2507,419,2,6185,12370,31
7588,2508,8,2,552,1104,40
7589,2509,319,1,5440,5440,36
7590,2509,402,2,724,1448,29
7591,2509,29,2,8365,16730,40
7592,2510,307,2,3734,7468,34
7593,2510,304,2,5702,11404,42
7594,2510,147,2,4932,9864,30
7595,2511,179,1,7886,7886,2
7596,2512,290,1,8108,8108,40
7597,2512,469,2,7584,15168,24
7598,2513,398,1,6975,6975,41
7599,2514,303,1,6559,6559,44
7600,2514,476,1,1509,1509,1
7601,2515,155,1,3414,3414,36
7602,2515,319,1,5440,5440,49
7603,2515,216,1,6829,6829,20
7604,2515,296,2,4832,9664,5
7605,2516,366,1,3411,3411,47
7606,2516,199,1,9352,9352,26
7607,2516,299,1,6735,6735,18
7608,2516,393,1,5614,5614,20
7609,2517,414,1,7849,7849,18
7610,2518,375,2,9583,19166,30
7611,2518,367,1,7596,7596,42
7612,2518,174,2,5394,10788,23
7613,2519,121,1,9357,9357,47
7614,2519,123,1,5979,5979,5
7615,2519,360,2,7936,15872,4
7616,2520,478,1,7111,7111,23
7617,2520,399,1,2348,2348,24
7618,2520,407,1,5041,5041,10
7619,2521,328,2,1982,3964,17
7620,2521,336,2,2077,4154,35
7621,2522,430,1,8207,8207,43
7622,2522,74,1,4264,4264,41
7623,2522,443,2,1814,3628,1
7624,2523,184,1,2562,2562,45
7625,2523,184,1,2562,2562,44
7626,2523,27,2,4304,8608,26
7627,2523,100,2,2808,5616,44
7628,2523,285,1,6960,6960,14
7629,2524,109,1,7744,7744,35
7630,2524,321,1,7163,7163,27
7631,2524,365,2,2532,5064,19
7632,2524,223,1,3994,3994,5
7633,2524,384,1,2886,2886,14
7634,2525,221,2,3953,7906,47
7635,2525,56,1,3520,3520,26
7636,2526,54,2,5045,10090,31
7637,2526,250,1,4301,4301,13
7638,2526,297,2,1490,2980,5
7639,2526,282,1,132,132,20
7640,2527,298,1,7494,7494,10
7641,2527,389,1,8169,8169,4
7642,2527,422,2,2063,4126,23
7643,2528,445,2,2069,4138,39
7644,2529,297,1,1490,1490,10
7645,2530,101,2,8481,16962,38
7646,2531,127,2,803,1606,40
7647,2532,28,1,3348,3348,6
7648,2532,118,2,3022,6044,13
7649,2533,13,1,2609,2609,41
7650,2533,316,1,2025,2025,42
7651,2534,434,1,7634,7634,42
7652,2534,203,1,8865,8865,13
7653,2534,113,2,8499,16998,26
7654,2535,477,1,4434,4434,15
7655,2535,348,1,9864,9864,0
7656,2535,346,2,8830,17660,4
7657,2535,495,2,7826,15652,49
7658,2536,453,1,9440,9440,1
7659,2536,452,1,200,200,38
7660,2536,422,1,2063,2063,15
7661,2536,4,2,3526,7052,27
7662,2537,51,2,4970,9940,6
7663,2537,226,2,6844,13688,19
7664,2538,159,2,5798,11596,37
7665,2538,479,1,4003,4003,15
7666,2538,182,2,3502,7004,7
7667,2539,87,1,5931,5931,16
7668,2539,239,1,2008,2008,43
7669,2539,135,1,2784,2784,45
7670,2539,47,1,6006,6006,13
7671,2540,179,1,7886,7886,18
7672,2540,381,1,1186,1186,5
7673,2541,260,2,2313,4626,28
7674,2541,348,2,9864,19728,11
7675,2541,48,2,7171,14342,3
7676,2542,330,1,6169,6169,32
7677,2542,102,1,7997,7997,29
7678,2543,144,1,952,952,5
7679,2543,44,2,7604,15208,4
7680,2543,43,1,2257,2257,12
7681,2543,448,1,2566,2566,49
7682,2543,273,2,9304,18608,35
7683,2544,169,1,1711,1711,17
7684,2545,437,1,8765,8765,36
7685,2546,86,2,3922,7844,6
7686,2546,137,1,9792,9792,0
7687,2546,188,1,1340,1340,46
7688,2546,125,2,4484,8968,1
7689,2546,15,2,8230,16460,20
7690,2547,459,1,3610,3610,31
7691,2547,136,2,3041,6082,46
7692,2547,213,1,1327,1327,28
7693,2547,216,1,6829,6829,33
7694,2547,214,2,9847,19694,24
7695,2548,236,2,5507,11014,26
7696,2548,339,2,1062,2124,44
7697,2548,45,1,6000,6000,12
7698,2548,475,2,2596,5192,4
7699,2548,475,1,2596,2596,7
7700,2549,57,1,2705,2705,12
7701,2550,497,2,6071,12142,18
7702,2550,348,2,9864,19728,36
7703,2550,37,2,5974,11948,23
7704,2550,273,2,9304,18608,41
7705,2551,302,1,1386,1386,8
7706,2551,137,1,9792,9792,11
7707,2551,460,1,8795,8795,2
7708,2551,458,1,7231,7231,45
7709,2552,162,2,7997,15994,29
7710,2552,355,2,3972,7944,44
7711,2552,165,2,2804,5608,1
7712,2553,407,2,5041,10082,43
7713,2554,481,2,6701,13402,46
7714,2554,441,2,5608,11216,29
7715,2554,451,1,6416,6416,33
7716,2554,30,2,7952,15904,46
7717,2555,481,2,6701,13402,45
7718,2555,115,1,901,901,11
7719,2555,3,1,810,810,41
7720,2556,221,1,3953,3953,11
7721,2556,140,1,7936,7936,44
7722,2556,67,2,1386,2772,9
7723,2556,489,2,4052,8104,42
7724,2557,319,1,5440,5440,16
7725,2557,306,2,427,854,42
7726,2557,297,1,1490,1490,24
7727,2557,46,1,2736,2736,5
7728,2557,147,1,4932,4932,46
7729,2558,154,2,2254,4508,21
7730,2558,160,2,4753,9506,26
7731,2559,149,2,6253,12506,15
7732,2559,6,1,9079,9079,43
7733,2559,198,1,2082,2082,43
7734,2559,337,1,3014,3014,2
7735,2560,445,1,2069,2069,8
7736,2560,16,1,6789,6789,23
7737,2560,248,1,5140,5140,1
7738,2560,257,2,1515,3030,26
7739,2560,327,2,4059,8118,17
7740,2561,18,1,4166,4166,32
7741,2561,211,2,8936,17872,26
7742,2562,109,1,7744,7744,40
7743,2562,107,2,4996,9992,39
7744,2562,15,1,8230,8230,29
7745,2562,238,1,2253,2253,1
7746,2562,146,1,7549,7549,33
7747,2563,249,2,3076,6152,25
7748,2563,266,1,1413,1413,1
7749,2563,475,1,2596,2596,6
7750,2564,31,1,6864,6864,45
7751,2564,118,1,3022,3022,5
7752,2564,349,2,9083,18166,41
7753,2564,160,2,4753,9506,37
7754,2564,164,2,1863,3726,28
7755,2565,13,2,2609,5218,10
7756,2565,175,2,8190,16380,24
7757,2565,433,1,1018,1018,12
7758,2566,135,1,2784,2784,17
7759,2566,145,1,303,303,1
7760,2566,453,2,9440,18880,5
7761,2566,351,2,8394,16788,35
7762,2567,141,1,5963,5963,28
7763,2568,312,2,1017,2034,14
7764,2568,194,2,8080,16160,10
7765,2568,201,2,1906,3812,28
7766,2569,266,1,1413,1413,41
7767,2569,145,2,303,606,47
7768,2570,276,1,5653,5653,47
7769,2570,62,2,7260,14520,4
7770,2570,33,1,2531,2531,27
7771,2570,134,2,433,866,0
7772,2571,344,2,7129,14258,43
7773,2571,82,1,9229,9229,39
7774,2571,433,1,1018,1018,8
7775,2572,95,2,1920,3840,19
7776,2572,61,2,6585,13170,20
7777,2573,53,1,493,493,17
7778,2573,276,2,5653,11306,10
7779,2573,341,1,1233,1233,47
7780,2573,460,1,8795,8795,29
7781,2573,169,2,1711,3422,1
7782,2574,353,1,8490,8490,31
7783,2575,169,2,1711,3422,45
7784,2575,299,1,6735,6735,37
7785,2575,284,1,1327,1327,40
7786,2576,441,2,5608,11216,17
7787,2576,403,2,5297,10594,18
7788,2576,363,2,5692,11384,12
7789,2576,245,1,6825,6825,12
7790,2576,144,2,952,1904,23
7791,2577,232,1,4005,4005,29
7792,2577,260,2,2313,4626,0
7793,2577,164,2,1863,3726,19
7794,2578,22,1,2507,2507,46
7795,2579,197,1,1979,1979,27
7796,2579,157,2,8682,17364,9
7797,2579,282,2,132,264,40
7798,2579,382,2,1765,3530,27
7799,2579,191,1,600,600,7
7800,2580,81,1,5434,5434,42
7801,2580,56,2,3520,7040,17
7802,2580,223,2,3994,7988,23
7803,2581,9,1,7261,7261,30
7804,2581,399,2,2348,4696,34
7805,2582,374,1,1359,1359,9
7806,2582,398,1,6975,6975,46
7807,2583,59,1,3707,3707,44
7808,2583,412,1,2577,2577,15
7809,2583,443,1,1814,1814,14
7810,2584,16,1,6789,6789,8
7811,2584,86,2,3922,7844,16
7812,2584,190,1,9154,9154,3
7813,2584,296,2,4832,9664,44
7814,2584,437,1,8765,8765,24
7815,2585,151,2,9774,19548,30
7816,2585,56,2,3520,7040,16
7817,2585,69,2,3379,6758,32
7818,2585,32,1,9159,9159,24
7819,2586,430,2,8207,16414,42
7820,2586,342,2,808,1616,10
7821,2587,17,2,3755,7510,27
7822,2587,178,1,885,885,21
7823,2587,140,1,7936,7936,22
7824,2588,451,1,6416,6416,31
7825,2588,5,2,1375,2750,31
7826,2588,341,1,1233,1233,28
7827,2588,346,2,8830,17660,27
7828,2588,373,2,5255,10510,19
7829,2589,475,2,2596,5192,23
7830,2589,4,1,3526,3526,8
7831,2589,22,1,2507,2507,23
7832,2590,115,2,901,1802,13
7833,2590,124,1,4127,4127,1
7834,2590,457,1,4081,4081,13
7835,2590,309,1,5432,5432,26
7836,2590,249,2,3076,6152,10
7837,2591,132,2,4597,9194,31
7838,2592,439,1,8872,8872,42
7839,2592,114,2,8116,16232,2
7840,2592,104,2,4304,8608,31
7841,2593,213,1,1327,1327,7
7842,2593,210,2,2955,5910,33
7843,2593,450,1,2223,2223,2
7844,2594,256,1,8015,8015,25
7845,2595,139,1,6678,6678,4
7846,2595,114,1,8116,8116,29
7847,2595,379,1,288,288,5
7848,2595,354,1,6624,6624,6
7849,2596,246,2,7060,14120,2
7850,2596,223,1,3994,3994,11
7851,2596,342,1,808,808,17
7852,2597,149,2,6253,12506,35
7853,2598,258,1,6742,6742,16
7854,2598,272,2,9771,19542,28
7855,2598,140,1,7936,7936,16
7856,2598,354,2,6624,13248,46
7857,2598,467,2,989,1978,14
7858,2599,105,2,2035,4070,40
7859,2600,259,2,4256,8512,30
7860,2600,80,1,9998,9998,41
7861,2601,387,1,9763,9763,28
7862,2601,312,2,1017,2034,41
7863,2601,481,1,6701,6701,1
7864,2602,491,1,7872,7872,13
7865,2603,166,2,1767,3534,14
7866,2603,74,1,4264,4264,18
7867,2603,439,1,8872,8872,32
7868,2604,296,2,4832,9664,45
7869,2605,13,2,2609,5218,5
7870,2605,500,2,8459,16918,40
7871,2606,415,1,9335,9335,15
7872,2606,441,2,5608,11216,2
7873,2606,144,1,952,952,48
7874,2607,311,1,1370,1370,47
7875,2608,491,2,7872,15744,49
7876,2609,33,1,2531,2531,47
7877,2609,184,1,2562,2562,3
7878,2609,448,1,2566,2566,18
7879,2609,363,1,5692,5692,44
7880,2609,421,1,1837,1837,31
7881,2610,52,2,4381,8762,30
7882,2610,365,2,2532,5064,41
7883,2610,13,2,2609,5218,45
7884,2610,452,1,200,200,11
7885,2611,293,2,3156,6312,34
7886,2611,7,1,4344,4344,34
7887,2611,142,2,4451,8902,11
7888,2611,337,2,3014,6028,6
7889,2611,16,2,6789,13578,30
7890,2612,455,2,6367,12734,47
7891,2612,350,2,2023,4046,22
7892,2612,192,2,8710,17420,22
7893,2612,317,1,3598,3598,3
7894,2613,480,1,802,802,19
7895,2613,479,1,4003,4003,1
7896,2613,57,2,2705,5410,2
7897,2613,58,1,9175,9175,34
7898,2613,289,1,6074,6074,42
7899,2614,419,2,6185,12370,34
7900,2614,121,2,9357,18714,28
7901,2614,379,1,288,288,10
7902,2614,8,1,552,552,33
7903,2615,69,2,3379,6758,49
7904,2615,371,2,8364,16728,28
7905,2615,121,1,9357,9357,35
7906,2615,490,1,2663,2663,15
7907,2615,81,1,5434,5434,5
7908,2616,262,1,7591,7591,24
7909,2616,336,1,2077,2077,32
7910,2616,423,1,9274,9274,4
7911,2616,227,1,3371,3371,28
7912,2616,56,2,3520,7040,25
7913,2617,256,1,8015,8015,0
7914,2617,253,1,4985,4985,33
7915,2617,455,2,6367,12734,34
7916,2617,302,1,1386,1386,17
7917,2617,66,1,3514,3514,16
7918,2618,205,2,4349,8698,47
7919,2618,463,2,8313,16626,14
7920,2618,440,1,632,632,49
7921,2618,494,2,7434,14868,23
7922,2619,199,1,9352,9352,16
7923,2619,339,1,1062,1062,33
7924,2619,109,1,7744,7744,14
7925,2619,96,2,7924,15848,14
7926,2619,212,1,2125,2125,29
7927,2620,249,2,3076,6152,38
7928,2620,400,2,4939,9878,27
7929,2620,170,1,5243,5243,34
7930,2620,197,1,1979,1979,26
7931,2620,486,2,7644,15288,4
7932,2621,414,2,7849,15698,9
7933,2622,8,1,552,552,2
7934,2623,124,2,4127,8254,41
7935,2623,85,1,7726,7726,37
7936,2623,42,1,3798,3798,24
7937,2623,231,2,6242,12484,45
7938,2624,95,1,1920,1920,10
7939,2624,21,2,9405,18810,13
7940,2624,279,2,8933,17866,15
7941,2624,373,2,5255,10510,33
7942,2624,106,2,3151,6302,12
7943,2625,228,2,3377,6754,28
7944,2626,408,1,1506,1506,23
7945,2626,50,2,7706,15412,11
7946,2626,432,2,5619,11238,28
7947,2626,6,2,9079,18158,33
7948,2627,25,2,7208,14416,25
7949,2627,165,2,2804,5608,2
7950,2627,430,2,8207,16414,27
7951,2628,172,1,8206,8206,16
7952,2628,116,2,6777,13554,30
7953,2628,279,2,8933,17866,42
7954,2628,190,1,9154,9154,30
7955,2629,55,2,2603,5206,33
7956,2630,446,2,9384,18768,46
7957,2630,250,1,4301,4301,21
7958,2631,362,2,9032,18064,26
7959,2631,160,1,4753,4753,48
7960,2632,242,1,959,959,40
7961,2632,132,1,4597,4597,0
7962,2632,376,1,7229,7229,37
7963,2633,374,2,1359,2718,41
7964,2634,91,1,2426,2426,37
7965,2635,403,2,5297,10594,2
7966,2635,36,2,3776,7552,24
7967,2635,173,2,7111,14222,21
7968,2635,429,2,9556,19112,35
7969,2635,21,1,9405,9405,14
7970,2636,299,1,6735,6735,43
7971,2636,38,1,7964,7964,2
7972,2637,201,1,1906,1906,34
7973,2638,325,2,4425,8850,0
7974,2638,86,2,3922,7844,9
7975,2638,206,1,6328,6328,24
7976,2638,265,2,445,890,19
7977,2638,90,2,5742,11484,43
7978,2639,40,2,8004,16008,6
7979,2639,17,1,3755,3755,14
7980,2639,454,1,412,412,45
7981,2640,209,2,8256,16512,12
7982,2641,92,2,9153,18306,9
7983,2642,124,2,4127,8254,23
7984,2642,343,2,6618,13236,6
7985,2642,355,2,3972,7944,15
7986,2642,378,1,9971,9971,27
7987,2643,364,1,5032,5032,23
7988,2643,247,2,5807,11614,22
7989,2643,119,1,703,703,46
7990,2643,119,2,703,1406,44
7991,2643,142,2,4451,8902,31
7992,2644,365,2,2532,5064,38
7993,2644,494,2,7434,14868,42
7994,2645,100,2,2808,5616,37
7995,2645,295,2,9489,18978,30
7996,2645,179,1,7886,7886,6
7997,2645,26,2,4719,9438,2
7998,2646,477,1,4434,4434,47
7999,2646,181,1,575,575,19
8000,2647,121,1,9357,9357,4
8001,2647,225,1,6279,6279,37
8002,2647,108,1,1845,1845,17
8003,2647,319,2,5440,10880,30
8004,2647,253,2,4985,9970,42
8005,2648,8,2,552,1104,27
8006,2648,262,2,7591,15182,15
8007,2648,441,1,5608,5608,26
8008,2649,118,2,3022,6044,29
8009,2649,103,1,3003,3003,49
8010,2649,296,2,4832,9664,20
8011,2649,139,2,6678,13356,21
8012,2650,155,1,3414,3414,30
8013,2650,321,1,7163,7163,24
8014,2650,258,2,6742,13484,22
8015,2651,441,2,5608,11216,44
8016,2651,286,1,1335,1335,13
8017,2652,128,1,1065,1065,2
8018,2652,296,1,4832,4832,6
8019,2652,173,2,7111,14222,26
8020,2652,492,2,2978,5956,39
8021,2652,29,2,8365,16730,33
8022,2653,25,1,7208,7208,32
8023,2654,246,1,7060,7060,14
8024,2654,74,2,4264,8528,1
8025,2654,101,2,8481,16962,45
8026,2654,38,1,7964,7964,23
8027,2654,471,1,3454,3454,4
8028,2655,94,1,8136,8136,26
8029,2655,259,1,4256,4256,46
8030,2656,178,2,885,1770,19
8031,2656,24,1,1400,1400,10
8032,2657,151,1,9774,9774,47
8033,2657,176,2,6822,13644,41
8034,2657,495,2,7826,15652,20
8035,2658,200,2,994,1988,32
8036,2659,32,2,9159,18318,25
8037,2659,452,2,200,400,44
8038,2660,381,1,1186,1186,9
8039,2660,171,1,4878,4878,44
8040,2660,142,1,4451,4451,21
8041,2660,343,1,6618,6618,30
8042,2661,160,2,4753,9506,9
8043,2661,245,2,6825,13650,46
8044,2661,484,1,966,966,26
8045,2661,314,2,3186,6372,36
8046,2661,429,2,9556,19112,1
8047,2662,425,1,6302,6302,0
8048,2662,100,2,2808,5616,25
8049,2662,2,1,1005,1005,21
8050,2662,148,2,5057,10114,17
8051,2662,156,1,1080,1080,38
8052,2663,428,2,4566,9132,44
8053,2663,215,1,1100,1100,20
8054,2664,158,1,3155,3155,33
8055,2664,170,2,5243,10486,12
8056,2664,482,1,4129,4129,13
8057,2664,425,1,6302,6302,36
8058,2665,272,2,9771,19542,38
8059,2665,372,2,1416,2832,6
8060,2665,70,2,5334,10668,3
8061,2665,499,1,7189,7189,15
8062,2666,214,2,9847,19694,49
8063,2666,119,2,703,1406,10
8064,2666,206,1,6328,6328,39
8065,2666,92,2,9153,18306,42
8066,2667,39,2,569,1138,18
8067,2667,71,1,1979,1979,22
8068,2667,214,1,9847,9847,34
8069,2668,83,2,8065,16130,0
8070,2668,262,2,7591,15182,48
8071,2669,192,2,8710,17420,35
8072,2670,290,2,8108,16216,32
8073,2670,134,1,433,433,14
8074,2670,394,2,9264,18528,24
8075,2670,39,1,569,569,15
8076,2671,54,2,5045,10090,3
8077,2671,177,2,5567,11134,16
8078,2671,183,2,2684,5368,40
8079,2671,395,1,4317,4317,10
8080,2672,285,1,6960,6960,15
8081,2673,221,1,3953,3953,20
8082,2673,452,2,200,400,22
8083,2673,377,2,3078,6156,44
8084,2674,98,2,8801,17602,44
8085,2674,489,1,4052,4052,36
8086,2675,439,2,8872,17744,29
8087,2676,155,2,3414,6828,33
8088,2676,115,2,901,1802,47
8089,2676,487,1,1596,1596,29
8090,2677,371,2,8364,16728,22
8091,2677,259,2,4256,8512,40
8092,2677,316,1,2025,2025,33
8093,2677,54,2,5045,10090,25
8094,2677,425,2,6302,12604,9
8095,2678,306,2,427,854,49
8096,2678,355,2,3972,7944,34
8097,2678,157,1,8682,8682,46
8098,2679,306,2,427,854,43
8099,2679,488,1,5080,5080,41
8100,2679,169,1,1711,1711,13
8101,2680,221,1,3953,3953,45
8102,2680,50,2,7706,15412,38
8103,2680,234,1,3036,3036,12
8104,2681,46,1,2736,2736,25
8105,2681,96,2,7924,15848,4
8106,2681,242,1,959,959,24
8107,2681,357,1,1901,1901,41
8108,2681,288,2,6709,13418,21
8109,2682,77,2,2932,5864,22
8110,2682,16,2,6789,13578,47
8111,2682,431,1,3477,3477,34
8112,2682,339,2,1062,2124,23
8113,2683,439,1,8872,8872,35
8114,2684,396,2,2758,5516,17
8115,2684,90,1,5742,5742,23
8116,2684,39,1,569,569,24
8117,2685,172,2,8206,16412,21
8118,2685,195,1,527,527,39
8119,2685,238,2,2253,4506,9
8120,2685,421,2,1837,3674,47
8121,2685,312,2,1017,2034,30
8122,2686,102,2,7997,15994,40
8123,2686,356,2,7623,15246,36
8124,2686,51,2,4970,9940,9
8125,2686,469,1,7584,7584,45
8126,2687,106,1,3151,3151,17
8127,2687,383,1,3997,3997,22
8128,2687,396,1,2758,2758,3
8129,2688,471,1,3454,3454,43
8130,2689,415,2,9335,18670,26
8131,2689,426,2,3669,7338,25
8132,2689,100,1,2808,2808,45
8133,2689,189,1,7671,7671,18
8134,2690,239,1,2008,2008,45
8135,2690,411,2,683,1366,43
8136,2690,460,1,8795,8795,49
8137,2691,281,2,8327,16654,18
8138,2691,191,2,600,1200,40
8139,2691,403,2,5297,10594,22
8140,2691,495,2,7826,15652,6
8141,2691,287,2,5220,10440,25
8142,2692,42,1,3798,3798,7
8143,2692,491,2,7872,15744,5
8144,2693,387,1,9763,9763,5
8145,2693,342,2,808,1616,6
8146,2693,5,1,1375,1375,37
8147,2693,19,1,9031,9031,38
8148,2693,218,2,5588,11176,15
8149,2694,290,2,8108,16216,48
8150,2694,420,1,2612,2612,27
8151,2695,138,1,6011,6011,25
8152,2695,378,1,9971,9971,28
8153,2695,219,2,8550,17100,5
8154,2695,230,2,1378,2756,44
8155,2695,406,1,8666,8666,46
8156,2696,103,2,3003,6006,13
8157,2696,391,2,7357,14714,31
8158,2696,4,2,3526,7052,20
8159,2696,245,2,6825,13650,14
8160,2697,214,2,9847,19694,28
8161,2697,298,2,7494,14988,43
8162,2697,101,2,8481,16962,8
8163,2698,481,2,6701,13402,20
8164,2698,394,1,9264,9264,13
8165,2698,479,1,4003,4003,31
8166,2698,16,1,6789,6789,26
8167,2699,336,1,2077,2077,4
8168,2699,64,2,3594,7188,5
8169,2699,415,2,9335,18670,16
8170,2700,86,1,3922,3922,25
8171,2700,121,1,9357,9357,44
8172,2700,408,1,1506,1506,28
8173,2700,210,2,2955,5910,7
8174,2700,205,2,4349,8698,11
8175,2701,303,2,6559,13118,16
8176,2701,341,2,1233,2466,39
8177,2702,44,1,7604,7604,47
8178,2702,268,1,8452,8452,45
8179,2702,64,1,3594,3594,25
8180,2702,168,2,2126,4252,8
8181,2703,157,1,8682,8682,15
8182,2703,4,1,3526,3526,22
8183,2703,194,1,8080,8080,16
8184,2703,249,1,3076,3076,47
8185,2703,262,1,7591,7591,8
8186,2704,236,1,5507,5507,34
8187,2704,344,1,7129,7129,0
8188,2704,330,2,6169,12338,14
8189,2704,87,1,5931,5931,1
8190,2704,87,2,5931,11862,5
8191,2705,143,1,1092,1092,0
8192,2705,194,1,8080,8080,19
8193,2705,492,1,2978,2978,30
8194,2705,233,2,7932,15864,33
8195,2706,70,2,5334,10668,6
8196,2706,128,2,1065,2130,18
8197,2706,332,2,9187,18374,22
8198,2706,280,1,598,598,49
8199,2707,362,1,9032,9032,22
8200,2707,12,2,2033,4066,46
8201,2707,468,1,1895,1895,27
8202,2708,233,2,7932,15864,24
8203,2708,196,2,3348,6696,41
8204,2708,334,1,7855,7855,4
8205,2709,195,1,527,527,36
8206,2709,365,2,2532,5064,19
8207,2709,440,2,632,1264,11
8208,2709,351,1,8394,8394,31
8209,2710,320,2,4686,9372,32
8210,2710,94,1,8136,8136,46
8211,2710,136,2,3041,6082,13
8212,2710,408,1,1506,1506,19
8213,2710,494,1,7434,7434,49
8214,2711,1,2,7383,14766,38
8215,2711,176,1,6822,6822,32
8216,2711,377,1,3078,3078,46
8217,2711,411,1,683,683,49
8218,2711,398,1,6975,6975,2
8219,2712,46,2,2736,5472,44
8220,2712,439,1,8872,8872,7
8221,2712,154,1,2254,2254,44
8222,2712,382,2,1765,3530,48
8223,2712,399,1,2348,2348,26
8224,2713,1,2,7383,14766,33
8225,2713,35,1,532,532,26
8226,2713,158,1,3155,3155,47
8227,2713,124,2,4127,8254,20
8228,2713,276,2,5653,11306,3
8229,2714,303,1,6559,6559,0
8230,2714,52,1,4381,4381,18
8231,2714,444,1,9635,9635,29
8232,2714,500,1,8459,8459,46
8233,2715,245,2,6825,13650,14
8234,2715,63,1,226,226,49
8235,2715,68,1,1393,1393,48
8236,2715,249,2,3076,6152,5
8237,2715,432,2,5619,11238,47
8238,2716,318,1,8576,8576,26
8239,2717,309,2,5432,10864,9
8240,2717,19,1,9031,9031,0
8241,2717,101,2,8481,16962,4
8242,2717,167,2,7276,14552,43
8243,2718,73,2,4792,9584,43
8244,2718,435,2,1446,2892,18
8245,2719,137,1,9792,9792,24
8246,2720,386,2,7081,14162,29
8247,2720,235,1,931,931,39
8248,2721,334,2,7855,15710,1
8249,2721,411,1,683,683,39
8250,2722,10,1,7504,7504,44
8251,2723,445,1,2069,2069,4
8252,2723,257,2,1515,3030,27
8253,2724,77,2,2932,5864,28
8254,2724,23,2,5151,10302,9
8255,2724,464,1,626,626,1
8256,2724,59,1,3707,3707,19
8257,2724,296,2,4832,9664,12
8258,2725,251,2,1127,2254,12
8259,2725,463,2,8313,16626,7
8260,2725,364,1,5032,5032,2
8261,2726,102,1,7997,7997,2
8262,2726,188,1,1340,1340,5
8263,2726,499,1,7189,7189,38
8264,2726,370,2,2338,4676,19
8265,2727,431,1,3477,3477,24
8266,2727,333,2,4948,9896,30
8267,2728,427,2,7939,15878,25
8268,2728,257,1,1515,1515,9
8269,2728,158,1,3155,3155,26
8270,2728,399,2,2348,4696,43
8271,2729,497,2,6071,12142,18
8272,2730,12,2,2033,4066,34
8273,2730,328,1,1982,1982,13
8274,2730,12,1,2033,2033,41
8275,2731,414,1,7849,7849,49
8276,2732,343,1,6618,6618,30
8277,2732,375,2,9583,19166,0
8278,2732,149,1,6253,6253,39
8279,2732,337,2,3014,6028,1
8280,2732,247,2,5807,11614,23
8281,2733,23,1,5151,5151,27
8282,2733,22,1,2507,2507,33
8283,2733,208,2,9063,18126,14
8284,2733,256,2,8015,16030,47
8285,2733,19,1,9031,9031,20
8286,2734,104,2,4304,8608,21
8287,2734,439,2,8872,17744,22
8288,2734,52,2,4381,8762,44
8289,2735,295,2,9489,18978,7
8290,2736,115,1,901,901,49
8291,2736,280,2,598,1196,34
8292,2736,105,2,2035,4070,21
8293,2736,468,2,1895,3790,31
8294,2737,40,2,8004,16008,48
8295,2737,200,1,994,994,46
8296,2737,496,2,816,1632,45
8297,2737,205,1,4349,4349,34
8298,2737,38,1,7964,7964,39
8299,2738,136,2,3041,6082,27
8300,2738,389,2,8169,16338,3
8301,2738,79,1,7778,7778,26
8302,2738,445,1,2069,2069,46
8303,2739,275,1,4126,4126,45
8304,2739,417,2,5478,10956,25
8305,2739,3,2,810,1620,37
8306,2740,133,2,4827,9654,30
8307,2740,355,2,3972,7944,29
8308,2740,419,1,6185,6185,6
8309,2741,401,1,2493,2493,37
8310,2741,12,1,2033,2033,8
8311,2741,125,1,4484,4484,43
8312,2742,316,2,2025,4050,46
8313,2742,119,2,703,1406,37
8314,2742,65,2,1575,3150,45
8315,2742,244,2,9563,19126,41
8316,2743,44,2,7604,15208,29
8317,2743,18,1,4166,4166,8
8318,2743,157,1,8682,8682,42
8319,2743,25,2,7208,14416,9
8320,2744,134,1,433,433,24
8321,2745,498,1,5376,5376,18
8322,2745,384,2,2886,5772,11
8323,2745,496,2,816,1632,36
8324,2746,491,1,7872,7872,15
8325,2747,242,2,959,1918,9
8326,2747,165,1,2804,2804,28
8327,2747,125,1,4484,4484,32
8328,2748,221,1,3953,3953,9
8329,2748,42,2,3798,7596,13
8330,2748,487,2,1596,3192,13
8331,2748,160,1,4753,4753,39
8332,2749,348,2,9864,19728,3
8333,2749,377,1,3078,3078,1
8334,2749,91,2,2426,4852,28
8335,2750,438,2,9722,19444,22
8336,2750,219,2,8550,17100,14
8337,2751,100,1,2808,2808,29
8338,2751,250,1,4301,4301,41
8339,2751,219,2,8550,17100,16
8340,2751,417,1,5478,5478,35
8341,2752,82,1,9229,9229,24
8342,2753,336,2,2077,4154,13
8343,2753,301,1,7201,7201,49
8344,2754,484,2,966,1932,9
8345,2754,278,1,4446,4446,42
8346,2754,186,2,301,602,43
8347,2755,140,2,7936,15872,43
8348,2755,250,1,4301,4301,5
8349,2756,390,2,2081,4162,17
8350,2756,290,2,8108,16216,19
8351,2756,65,2,1575,3150,45
8352,2756,6,2,9079,18158,9
8353,2757,394,1,9264,9264,18
8354,2757,400,2,4939,9878,12
8355,2757,194,2,8080,16160,16
8356,2757,169,1,1711,1711,36
8357,2758,348,2,9864,19728,0
8358,2758,406,1,8666,8666,30
8359,2759,498,1,5376,5376,40
8360,2759,86,1,3922,3922,41
8361,2759,389,2,8169,16338,42
8362,2759,229,1,6873,6873,1
8363,2760,439,2,8872,17744,26
8364,2760,432,2,5619,11238,34
8365,2760,421,1,1837,1837,8
8366,2761,74,2,4264,8528,40
8367,2762,165,2,2804,5608,41
8368,2762,133,2,4827,9654,21
8369,2762,323,1,3539,3539,35
8370,2762,334,1,7855,7855,46
8371,2762,38,1,7964,7964,36
8372,2763,34,2,4723,9446,32
8373,2763,322,1,8465,8465,27
8374,2764,297,1,1490,1490,8
8375,2764,119,2,703,1406,6
8376,2764,379,2,288,576,43
8377,2764,122,1,8570,8570,34
8378,2764,357,2,1901,3802,37
8379,2765,489,1,4052,4052,41
8380,2765,4,2,3526,7052,0
8381,2765,216,2,6829,13658,27
8382,2765,462,1,2010,2010,3
8383,2766,345,1,6080,6080,1
8384,2766,12,1,2033,2033,33
8385,2766,10,2,7504,15008,37
8386,2766,323,2,3539,7078,40
8387,2766,477,1,4434,4434,48
8388,2767,382,2,1765,3530,5
8389,2767,192,2,8710,17420,5
8390,2767,372,2,1416,2832,34
8391,2767,186,2,301,602,0
8392,2767,372,1,1416,1416,27
8393,2768,123,2,5979,11958,42
8394,2768,256,1,8015,8015,12
8395,2768,132,1,4597,4597,7
8396,2769,424,2,8160,16320,33
8397,2769,289,1,6074,6074,45
8398,2770,281,2,8327,16654,0
8399,2771,132,1,4597,4597,5
8400,2771,194,1,8080,8080,48
8401,2771,364,2,5032,10064,43
8402,2771,1,2,7383,14766,39
8403,2771,23,2,5151,10302,33
8404,2772,420,2,2612,5224,31
8405,2772,149,2,6253,12506,47
8406,2772,122,2,8570,17140,5
8407,2772,264,2,2992,5984,23
8408,2773,196,1,3348,3348,44
8409,2773,173,2,7111,14222,37
8410,2773,112,1,1365,1365,19
8411,2773,275,2,4126,8252,8
8412,2773,1,2,7383,14766,19
8413,2774,65,1,1575,1575,31
8414,2774,99,1,7480,7480,7
8415,2774,225,1,6279,6279,5
8416,2774,499,1,7189,7189,13
8417,2774,230,2,1378,2756,24
8418,2775,369,1,2604,2604,34
8419,2775,248,1,5140,5140,26
8420,2775,170,2,5243,10486,29
8421,2775,245,1,6825,6825,18
8422,2776,211,2,8936,17872,32
8423,2776,211,2,8936,17872,48
8424,2777,406,2,8666,17332,19
8425,2778,9,1,7261,7261,42
8426,2778,251,1,1127,1127,13
8427,2779,285,2,6960,13920,41
8428,2779,462,2,2010,4020,45
8429,2779,280,1,598,598,40
8430,2779,267,2,9802,19604,15
8431,2780,463,1,8313,8313,17
8432,2781,222,1,8997,8997,20
8433,2781,459,2,3610,7220,37
8434,2781,96,2,7924,15848,26
8435,2782,272,1,9771,9771,37
8436,2782,98,1,8801,8801,15
8437,2782,189,2,7671,15342,8
8438,2782,75,2,5949,11898,27
8439,2782,108,2,1845,3690,16
8440,2783,361,2,1521,3042,3
8441,2783,280,2,598,1196,3
8442,2783,40,2,8004,16008,49
8443,2783,304,1,5702,5702,35
8444,2784,386,2,7081,14162,1
8445,2784,374,1,1359,1359,39
8446,2785,242,1,959,959,10
8447,2785,376,2,7229,14458,9
8448,2785,183,2,2684,5368,9
8449,2786,143,2,1092,2184,11
8450,2786,183,1,2684,2684,46
8451,2786,397,2,9923,19846,26
8452,2787,117,1,6431,6431,40
8453,2787,472,2,8141,16282,11
8454,2788,477,1,4434,4434,7
8455,2789,196,2,3348,6696,27
8456,2789,301,2,7201,14402,42
8457,2789,44,2,7604,15208,9
8458,2789,412,1,2577,2577,48
8459,2789,179,2,7886,15772,10
8460,2790,163,1,1089,1089,6
8461,2790,8,2,552,1104,46
8462,2790,241,2,6358,12716,5
8463,2790,132,1,4597,4597,12
8464,2790,14,2,6673,13346,19
8465,2791,68,2,1393,2786,6
8466,2791,383,1,3997,3997,46
8467,2791,321,2,7163,14326,19
8468,2791,14,1,6673,6673,31
8469,2792,281,2,8327,16654,28
8470,2792,130,1,8697,8697,10
8471,2792,492,2,2978,5956,24
8472,2792,381,1,1186,1186,27
8473,2793,37,2,5974,11948,46
8474,2793,500,1,8459,8459,39
8475,2793,282,1,132,132,43
8476,2793,155,1,3414,3414,29
8477,2793,286,1,1335,1335,4
8478,2794,409,1,3636,3636,6
8479,2794,127,1,803,803,6
8480,2794,494,1,7434,7434,21
8481,2795,247,1,5807,5807,49
8482,2795,79,1,7778,7778,31
8483,2795,104,2,4304,8608,24
8484,2796,331,2,8327,16654,27
8485,2796,112,1,1365,1365,4
8486,2796,329,1,6394,6394,9
8487,2796,68,1,1393,1393,21
8488,2797,458,2,7231,14462,40
8489,2797,184,1,2562,2562,14
8490,2797,477,1,4434,4434,0
8491,2797,101,2,8481,16962,45
8492,2798,181,1,575,575,33
8493,2798,243,2,3767,7534,38
8494,2798,373,1,5255,5255,14
8495,2798,258,2,6742,13484,23
8496,2798,54,1,5045,5045,47
8497,2799,150,1,179,179,0
8498,2799,296,2,4832,9664,20
8499,2800,352,2,8327,16654,36
8500,2800,145,2,303,606,32
8501,2800,411,2,683,1366,6
8502,2800,228,2,3377,6754,47
8503,2801,428,1,4566,4566,34
8504,2802,314,2,3186,6372,5
8505,2803,315,1,5375,5375,26
8506,2803,90,2,5742,11484,40
8507,2803,31,2,6864,13728,12
8508,2803,450,2,2223,4446,15
8509,2804,172,1,8206,8206,45
8510,2804,213,2,1327,2654,27
8511,2804,475,2,2596,5192,28
8512,2804,421,1,1837,1837,29
8513,2805,259,2,4256,8512,36
8514,2805,304,1,5702,5702,19
8515,2805,74,2,4264,8528,13
8516,2805,303,1,6559,6559,15
8517,2806,319,1,5440,5440,34
8518,2806,419,2,6185,12370,40
8519,2806,365,2,2532,5064,8
8520,2806,388,1,2920,2920,6
8521,2807,185,2,9725,19450,11
8522,2807,425,2,6302,12604,17
8523,2807,214,1,9847,9847,49
8524,2807,48,1,7171,7171,31
8525,2808,39,2,569,1138,19
8526,2808,223,2,3994,7988,27
8527,2808,62,1,7260,7260,5
8528,2809,406,2,8666,17332,26
8529,2809,249,1,3076,3076,28
8530,2809,319,2,5440,10880,10
8531,2810,426,2,3669,7338,42
8532,2811,197,1,1979,1979,12
8533,2811,356,2,7623,15246,37
8534,2811,377,1,3078,3078,38
8535,2811,325,1,4425,4425,3
8536,2812,170,2,5243,10486,2
8537,2812,412,2,2577,5154,25
8538,2813,119,2,703,1406,27
8539,2813,32,1,9159,9159,25
8540,2814,236,2,5507,11014,38
8541,2814,264,2,2992,5984,39
8542,2815,226,2,6844,13688,9
8543,2815,485,2,2932,5864,40
8544,2815,462,1,2010,2010,2
8545,2815,320,1,4686,4686,47
8546,2815,471,1,3454,3454,40
8547,2816,442,2,5784,11568,33
8548,2817,293,1,3156,3156,7
8549,2817,248,2,5140,10280,43
8550,2817,479,1,4003,4003,19
8551,2817,479,1,4003,4003,40
8552,2817,52,2,4381,8762,12
8553,2818,361,2,1521,3042,5
8554,2818,260,1,2313,2313,18
8555,2818,342,1,808,808,48
8556,2819,349,1,9083,9083,30
8557,2819,285,2,6960,13920,3
8558,2819,351,2,8394,16788,28
8559,2819,468,2,1895,3790,15
8560,2819,371,1,8364,8364,26
8561,2820,488,1,5080,5080,9
8562,2821,280,2,598,1196,23
8563,2821,127,1,803,803,26
8564,2821,234,2,3036,6072,15
8565,2822,349,2,9083,18166,6
8566,2822,399,2,2348,4696,13
8567,2822,467,1,989,989,35
8568,2822,59,1,3707,3707,36
8569,2823,432,1,5619,5619,6
8570,2823,312,2,1017,2034,14
8571,2823,92,2,9153,18306,33
8572,2824,319,1,5440,5440,3
8573,2824,445,2,2069,4138,47
8574,2825,271,2,9332,18664,36
8575,2826,416,2,1795,3590,22
8576,2826,271,2,9332,18664,28
8577,2826,356,2,7623,15246,0
8578,2827,250,1,4301,4301,28
8579,2827,395,2,4317,8634,21
8580,2827,404,1,5532,5532,8
8581,2827,489,2,4052,8104,38
8582,2828,150,1,179,179,4
8583,2828,454,2,412,824,33
8584,2828,155,2,3414,6828,39
8585,2828,409,2,3636,7272,49
8586,2828,24,1,1400,1400,25
8587,2829,412,2,2577,5154,31
8588,2829,97,2,2581,5162,28
8589,2830,376,1,7229,7229,42
8590,2830,489,2,4052,8104,9
8591,2830,436,1,9749,9749,38
8592,2831,186,1,301,301,24
8593,2832,342,1,808,808,42
8594,2832,371,2,8364,16728,7
8595,2832,135,1,2784,2784,45
8596,2832,435,2,1446,2892,41
8597,2832,76,2,1796,3592,43
8598,2833,258,2,6742,13484,9
8599,2834,347,2,4055,8110,20
8600,2834,197,2,1979,3958,14
8601,2834,202,2,1340,2680,42
8602,2834,299,2,6735,13470,12
8603,2834,394,1,9264,9264,0
8604,2835,248,2,5140,10280,38
8605,2835,398,1,6975,6975,12
8606,2835,406,2,8666,17332,41
8607,2835,362,2,9032,18064,10
8608,2836,261,2,8358,16716,38
8609,2836,219,2,8550,17100,23
8610,2836,296,2,4832,9664,29
8611,2836,434,2,7634,15268,49
8612,2836,104,1,4304,4304,15
8613,2837,276,2,5653,11306,7
8614,2837,232,2,4005,8010,30
8615,2837,319,2,5440,10880,36
8616,2837,232,1,4005,4005,37
8617,2837,46,2,2736,5472,49
8618,2838,116,2,6777,13554,9
8619,2838,121,2,9357,18714,4
8620,2838,296,2,4832,9664,5
8621,2839,179,2,7886,15772,38
8622,2839,344,1,7129,7129,30
8623,2839,143,2,1092,2184,30
8624,2839,450,2,2223,4446,36
8625,2839,125,1,4484,4484,42
8626,2840,275,1,4126,4126,4
8627,2840,9,1,7261,7261,49
8628,2841,354,1,6624,6624,38
8629,2841,38,1,7964,7964,44
8630,2841,480,2,802,1604,42
8631,2841,241,1,6358,6358,39
8632,2842,448,1,2566,2566,20
8633,2843,499,2,7189,14378,37
8634,2843,258,2,6742,13484,13
8635,2844,391,1,7357,7357,1
8636,2844,446,1,9384,9384,42
8637,2844,482,1,4129,4129,22
8638,2845,258,1,6742,6742,7
8639,2845,237,1,3798,3798,12
8640,2845,201,2,1906,3812,39
8641,2845,374,1,1359,1359,17
8642,2845,464,2,626,1252,18
8643,2846,34,1,4723,4723,28
8644,2847,409,2,3636,7272,39
8645,2847,178,1,885,885,23
8646,2848,202,2,1340,2680,23
8647,2848,291,1,2599,2599,30
8648,2848,6,2,9079,18158,8
8649,2849,413,2,7682,15364,6
8650,2849,418,2,8496,16992,6
8651,2849,75,1,5949,5949,5
8652,2849,452,2,200,400,23
8653,2849,124,2,4127,8254,36
8654,2850,448,1,2566,2566,13
8655,2850,190,2,9154,18308,30
8656,2850,74,1,4264,4264,3
8657,2850,187,2,7902,15804,32
8658,2850,313,2,2105,4210,38
8659,2851,342,1,808,808,25
8660,2851,350,1,2023,2023,43
8661,2851,366,2,3411,6822,27
8662,2851,33,1,2531,2531,11
8663,2852,287,1,5220,5220,35
8664,2852,211,1,8936,8936,7
8665,2853,258,1,6742,6742,14
8666,2854,408,1,1506,1506,8
8667,2855,216,2,6829,13658,27
8668,2856,434,2,7634,15268,0
8669,2857,4,1,3526,3526,4
8670,2857,194,2,8080,16160,22
8671,2857,14,2,6673,13346,24
8672,2857,365,2,2532,5064,30
8673,2857,395,1,4317,4317,12
8674,2858,72,2,4731,9462,25
8675,2859,32,1,9159,9159,25
8676,2859,247,2,5807,11614,34
8677,2859,33,2,2531,5062,18
8678,2859,44,2,7604,15208,13
8679,2860,191,2,600,1200,34
8680,2860,286,1,1335,1335,43
8681,2860,347,2,4055,8110,11
8682,2861,228,2,3377,6754,34
8683,2861,367,2,7596,15192,49
8684,2862,404,2,5532,11064,19
8685,2862,394,1,9264,9264,2
8686,2862,436,2,9749,19498,32
8687,2862,216,2,6829,13658,24
8688,2863,39,1,569,569,5
8689,2863,419,2,6185,12370,20
8690,2863,188,2,1340,2680,15
8691,2863,264,2,2992,5984,5
8692,2864,7,1,4344,4344,34
8693,2865,92,2,9153,18306,41
8694,2865,353,2,8490,16980,19
8695,2865,235,1,931,931,43
8696,2866,55,1,2603,2603,13
8697,2867,415,2,9335,18670,3
8698,2867,148,1,5057,5057,22
8699,2867,397,1,9923,9923,23
8700,2868,403,1,5297,5297,17
8701,2868,38,2,7964,15928,5
8702,2868,171,2,4878,9756,17
8703,2869,399,2,2348,4696,12
8704,2870,348,2,9864,19728,2
8705,2870,201,2,1906,3812,47
8706,2871,485,1,2932,2932,44
8707,2871,192,1,8710,8710,1
8708,2872,80,2,9998,19996,6
8709,2872,299,2,6735,13470,44
8710,2872,429,2,9556,19112,39
8711,2873,498,1,5376,5376,8
8712,2873,430,1,8207,8207,1
8713,2873,114,1,8116,8116,0
8714,2873,338,1,8558,8558,12
8715,2874,256,2,8015,16030,24
8716,2875,11,1,6295,6295,5
8717,2875,206,1,6328,6328,16
8718,2876,21,1,9405,9405,3
8719,2876,464,1,626,626,0
8720,2877,467,2,989,1978,16
8721,2877,454,2,412,824,20
8722,2877,474,2,6848,13696,1
8723,2877,428,1,4566,4566,10
8724,2877,308,1,9878,9878,4
8725,2878,315,2,5375,10750,28
8726,2879,367,1,7596,7596,10
8727,2879,128,2,1065,2130,5
8728,2879,487,1,1596,1596,7
8729,2880,207,1,1145,1145,33
8730,2881,482,1,4129,4129,11
8731,2881,60,1,8364,8364,2
8732,2882,269,2,8261,16522,8
8733,2882,209,1,8256,8256,17
8734,2883,380,1,5037,5037,25
8735,2883,142,2,4451,8902,48
8736,2883,20,2,7740,15480,43
8737,2883,278,1,4446,4446,39
8738,2883,81,2,5434,10868,33
8739,2884,134,1,433,433,34
8740,2885,356,2,7623,15246,28
8741,2885,473,1,444,444,40
8742,2886,369,2,2604,5208,47
8743,2886,83,2,8065,16130,22
8744,2886,261,1,8358,8358,11
8745,2886,391,1,7357,7357,36
8746,2886,230,2,1378,2756,17
8747,2887,483,1,5769,5769,37
8748,2888,476,1,1509,1509,38
8749,2888,1,1,7383,7383,9
8750,2888,289,1,6074,6074,32
8751,2889,47,1,6006,6006,24
8752,2889,133,1,4827,4827,0
8753,2889,318,1,8576,8576,1
8754,2890,219,1,8550,8550,36
8755,2890,48,2,7171,14342,34
8756,2890,218,2,5588,11176,35
8757,2891,56,2,3520,7040,43
8758,2891,263,1,7027,7027,43
8759,2891,163,1,1089,1089,27
8760,2892,407,2,5041,10082,1
8761,2892,189,1,7671,7671,18
8762,2892,297,1,1490,1490,36
8763,2892,234,2,3036,6072,36
8764,2892,118,2,3022,6044,5
8765,2893,360,2,7936,15872,48
8766,2893,289,1,6074,6074,35
8767,2894,119,2,703,1406,44
8768,2894,368,2,2023,4046,30
8769,2894,290,2,8108,16216,45
8770,2894,386,2,7081,14162,15
8771,2895,190,2,9154,18308,1
8772,2895,377,1,3078,3078,13
8773,2895,152,1,8703,8703,49
8774,2895,300,1,3824,3824,36
8775,2896,153,2,6657,13314,12
8776,2897,26,1,4719,4719,11
8777,2897,345,2,6080,12160,46
8778,2897,308,2,9878,19756,44
8779,2898,238,1,2253,2253,8
8780,2898,254,1,8080,8080,20
8781,2898,232,1,4005,4005,49
8782,2898,353,1,8490,8490,14
8783,2899,397,1,9923,9923,8
8784,2899,478,2,7111,14222,18
8785,2899,36,1,3776,3776,21
8786,2899,482,2,4129,8258,19
8787,2899,103,1,3003,3003,4
8788,2900,374,2,1359,2718,5
8789,2900,91,2,2426,4852,6
8790,2900,46,2,2736,5472,33
8791,2901,145,2,303,606,41
8792,2901,400,1,4939,4939,30
8793,2901,8,2,552,1104,17
8794,2901,252,2,2663,5326,43
8795,2901,113,1,8499,8499,34
8796,2902,281,1,8327,8327,44
8797,2902,299,2,6735,13470,36
8798,2902,282,1,132,132,19
8799,2902,95,2,1920,3840,20
8800,2903,387,1,9763,9763,9
8801,2903,329,2,6394,12788,16
8802,2903,427,1,7939,7939,49
8803,2903,214,2,9847,19694,11
8804,2904,273,2,9304,18608,3
8805,2905,345,2,6080,12160,34
8806,2905,225,2,6279,12558,16
8807,2905,43,2,2257,4514,1
8808,2906,267,1,9802,9802,49
8809,2906,304,2,5702,11404,29
8810,2906,288,1,6709,6709,8
8811,2907,426,1,3669,3669,17
8812,2907,306,1,427,427,29
8813,2907,145,2,303,606,45
8814,2908,423,2,9274,18548,5
8815,2909,450,2,2223,4446,22
8816,2910,74,2,4264,8528,15
8817,2910,193,2,2706,5412,28
8818,2911,320,1,4686,4686,31
8819,2911,433,1,1018,1018,6
8820,2911,102,1,7997,7997,5
8821,2911,493,2,674,1348,3
8822,2912,136,2,3041,6082,49
8823,2912,150,1,179,179,7
8824,2913,93,1,8858,8858,41
8825,2913,272,2,9771,19542,48
8826,2913,483,1,5769,5769,28
8827,2913,339,2,1062,2124,49
8828,2913,106,2,3151,6302,41
8829,2914,206,1,6328,6328,18
8830,2914,490,1,2663,2663,24
8831,2914,349,2,9083,18166,40
8832,2914,340,1,6534,6534,26
8833,2914,416,1,1795,1795,39
8834,2915,274,1,514,514,18
8835,2916,190,2,9154,18308,36
8836,2916,211,1,8936,8936,20
8837,2916,182,1,3502,3502,7
8838,2916,484,2,966,1932,36
8839,2916,190,2,9154,18308,11
8840,2917,419,1,6185,6185,20
8841,2917,177,2,5567,11134,23
8842,2918,52,2,4381,8762,46
8843,2918,292,2,9437,18874,17
8844,2918,24,2,1400,2800,3
8845,2919,51,1,4970,4970,15
8846,2919,443,1,1814,1814,20
8847,2920,466,1,4450,4450,45
8848,2920,452,2,200,400,20
8849,2920,390,2,2081,4162,26
8850,2920,10,1,7504,7504,0
8851,2920,460,1,8795,8795,32
8852,2921,197,2,1979,3958,21
8853,2921,428,2,4566,9132,21
8854,2921,404,1,5532,5532,1
8855,2921,11,1,6295,6295,25
8856,2922,36,2,3776,7552,48
8857,2922,366,2,3411,6822,20
8858,2922,214,1,9847,9847,42
8859,2922,234,2,3036,6072,8
8860,2922,14,1,6673,6673,7
8861,2923,134,1,433,433,44
8862,2923,75,1,5949,5949,26
8863,2923,271,1,9332,9332,42
8864,2923,370,1,2338,2338,20
8865,2924,382,1,1765,1765,5
8866,2924,346,1,8830,8830,4
8867,2925,455,2,6367,12734,2
8868,2925,88,1,1892,1892,38
8869,2925,496,1,816,816,45
8870,2925,48,2,7171,14342,38
8871,2926,143,1,1092,1092,46
8872,2927,234,1,3036,3036,17
8873,2927,131,1,6426,6426,10
8874,2927,302,1,1386,1386,11
8875,2928,130,2,8697,17394,47
8876,2928,81,1,5434,5434,16
8877,2928,432,1,5619,5619,13
8878,2928,195,1,527,527,45
8879,2928,402,1,724,724,39
8880,2929,434,1,7634,7634,36
8881,2929,396,2,2758,5516,5
8882,2929,149,2,6253,12506,4
8883,2930,201,2,1906,3812,8
8884,2930,457,1,4081,4081,45
8885,2930,176,2,6822,13644,34
8886,2930,152,1,8703,8703,25
8887,2931,151,2,9774,19548,38
8888,2931,308,1,9878,9878,22
8889,2931,443,2,1814,3628,35
8890,2932,267,2,9802,19604,33
8891,2932,13,2,2609,5218,17
8892,2932,372,1,1416,1416,33
8893,2932,154,2,2254,4508,15
8894,2933,374,2,1359,2718,2
8895,2934,30,2,7952,15904,12
8896,2934,335,1,3595,3595,23
8897,2934,130,1,8697,8697,24
8898,2935,63,2,226,452,36
8899,2935,210,1,2955,2955,28
8900,2935,35,1,532,532,9
8901,2936,398,2,6975,13950,8
8902,2937,425,2,6302,12604,3
8903,2937,24,1,1400,1400,0
8904,2937,165,1,2804,2804,9
8905,2938,356,2,7623,15246,19
8906,2938,350,1,2023,2023,38
8907,2938,339,2,1062,2124,21
8908,2938,87,1,5931,5931,48
8909,2938,236,1,5507,5507,2
8910,2939,49,2,4975,9950,17
8911,2940,427,1,7939,7939,28
8912,2940,278,2,4446,8892,47
8913,2940,220,2,792,1584,37
8914,2941,10,2,7504,15008,49
8915,2942,136,2,3041,6082,11
8916,2942,448,1,2566,2566,48
8917,2943,333,1,4948,4948,7
8918,2943,63,2,226,452,26
8919,2944,265,2,445,890,49
8920,2944,328,1,1982,1982,36
8921,2944,162,1,7997,7997,48
8922,2945,127,1,803,803,1
8923,2945,148,1,5057,5057,25
8924,2945,313,2,2105,4210,25
8925,2945,153,1,6657,6657,28
8926,2946,54,1,5045,5045,44
8927,2946,302,1,1386,1386,5
8928,2946,234,1,3036,3036,19
8929,2946,319,1,5440,5440,27
8930,2946,30,2,7952,15904,41
8931,2947,268,1,8452,8452,29
8932,2948,475,1,2596,2596,9
8933,2948,114,2,8116,16232,13
8934,2948,461,2,9272,18544,5
8935,2949,270,2,5974,11948,25
8936,2949,182,2,3502,7004,25
8937,2949,83,2,8065,16130,2
8938,2949,353,1,8490,8490,6
8939,2950,353,1,8490,8490,47
8940,2951,77,2,2932,5864,39
8941,2951,50,2,7706,15412,2
8942,2952,498,2,5376,10752,10
8943,2953,402,2,724,1448,33
8944,2954,284,1,1327,1327,37
8945,2954,65,1,1575,1575,0
8946,2954,257,1,1515,1515,25
8947,2954,408,2,1506,3012,4
8948,2954,489,2,4052,8104,11
8949,2955,55,2,2603,5206,44
8950,2956,28,2,3348,6696,15
8951,2957,216,2,6829,13658,13
8952,2957,460,2,8795,17590,9
8953,2957,18,1,4166,4166,8
8954,2957,325,2,4425,8850,1
8955,2957,307,1,3734,3734,19
8956,2958,372,2,1416,2832,8
8957,2958,483,1,5769,5769,32
8958,2958,418,1,8496,8496,3
8959,2958,248,2,5140,10280,33
8960,2959,368,2,2023,4046,48
8961,2959,362,1,9032,9032,2
8962,2959,354,2,6624,13248,0
8963,2960,384,2,2886,5772,45
8964,2960,66,1,3514,3514,39
8965,2960,388,2,2920,5840,37
8966,2960,198,2,2082,4164,5
8967,2960,490,1,2663,2663,6
8968,2961,474,2,6848,13696,34
8969,2961,268,2,8452,16904,37
8970,2961,458,1,7231,7231,45
8971,2962,15,2,8230,16460,4
8972,2962,204,2,5332,10664,36
8973,2963,240,2,826,1652,39
8974,2964,221,1,3953,3953,14
8975,2964,422,2,2063,4126,2
8976,2964,212,2,2125,4250,49
8977,2965,202,1,1340,1340,31
8978,2965,494,2,7434,14868,19
8979,2965,40,2,8004,16008,14
8980,2965,395,2,4317,8634,26
8981,2966,108,1,1845,1845,2
8982,2966,396,1,2758,2758,22
8983,2966,160,1,4753,4753,40
8984,2966,179,1,7886,7886,16
8985,2967,210,2,2955,5910,37
8986,2967,294,1,2813,2813,45
8987,2967,4,1,3526,3526,1
8988,2968,4,1,3526,3526,0
8989,2968,464,1,626,626,16
8990,2968,394,2,9264,18528,4
8991,2968,233,2,7932,15864,45
8992,2969,285,1,6960,6960,26
8993,2969,148,1,5057,5057,1
8994,2969,440,2,632,1264,40
8995,2970,50,1,7706,7706,37
8996,2970,365,1,2532,2532,37
8997,2970,321,1,7163,7163,20
8998,2970,275,1,4126,4126,40
8999,2971,13,2,2609,5218,6
9000,2971,147,2,4932,9864,44
9001,2971,208,1,9063,9063,25
9002,2971,117,1,6431,6431,20
9003,2971,327,1,4059,4059,23
9004,2972,482,2,4129,8258,31
9005,2972,384,1,2886,2886,27
9006,2972,32,1,9159,9159,15
9007,2972,275,1,4126,4126,16
9008,2972,240,2,826,1652,46
9009,2973,331,2,8327,16654,35
9010,2974,321,1,7163,7163,22
9011,2974,235,2,931,1862,15
9012,2974,413,1,7682,7682,40
9013,2974,433,2,1018,2036,0
9014,2974,78,2,9614,19228,25
9015,2975,159,1,5798,5798,34
9016,2975,328,1,1982,1982,35
9017,2975,475,1,2596,2596,0
9018,2975,83,1,8065,8065,21
9019,2976,452,1,200,200,20
9020,2977,47,2,6006,12012,32
9021,2977,432,2,5619,11238,26
9022,2977,389,1,8169,8169,5
9023,2977,378,1,9971,9971,49
9024,2978,376,2,7229,14458,33
9025,2978,292,2,9437,18874,28
9026,2979,124,2,4127,8254,36
9027,2979,72,2,4731,9462,22
9028,2979,203,1,8865,8865,40
9029,2979,316,1,2025,2025,47
9030,2979,109,2,7744,15488,7
9031,2980,23,1,5151,5151,8
9032,2980,382,1,1765,1765,17
9033,2980,452,2,200,400,26
9034,2980,280,1,598,598,37
9035,2981,380,2,5037,10074,18
9036,2981,147,2,4932,9864,15
9037,2982,99,1,7480,7480,48
9038,2982,280,1,598,598,15
9039,2982,310,1,1023,1023,15
9040,2982,340,1,6534,6534,26
9041,2982,86,1,3922,3922,34
9042,2983,399,1,2348,2348,38
9043,2984,379,2,288,576,28
9044,2984,287,1,5220,5220,24
9045,2984,157,2,8682,17364,30
9046,2984,251,2,1127,2254,28
9047,2984,211,1,8936,8936,29
9048,2985,293,1,3156,3156,7
9049,2986,271,1,9332,9332,42
9050,2986,260,2,2313,4626,34
9051,2986,435,2,1446,2892,20
9052,2986,479,2,4003,8006,0
9053,2987,399,1,2348,2348,9
9054,2987,252,1,2663,2663,13
9055,2987,148,2,5057,10114,27
9056,2988,355,1,3972,3972,49
9057,2988,396,1,2758,2758,9
9058,2988,476,1,1509,1509,7
9059,2988,252,2,2663,5326,44
9060,2988,12,1,2033,2033,13
9061,2989,192,2,8710,17420,11
9062,2990,344,2,7129,14258,6
9063,2990,379,2,288,576,7
9064,2990,77,2,2932,5864,25
9065,2990,244,1,9563,9563,15
9066,2991,179,1,7886,7886,12
9067,2991,241,1,6358,6358,34
9068,2991,373,1,5255,5255,24
9069,2991,348,2,9864,19728,47
9070,2992,420,1,2612,2612,44
9071,2992,42,1,3798,3798,22
9072,2992,449,2,1273,2546,1
9073,2993,244,2,9563,19126,16
9074,2994,438,1,9722,9722,46
9075,2995,393,2,5614,11228,41
9076,2995,53,2,493,986,22
9077,2995,335,2,3595,7190,2
9078,2995,228,2,3377,6754,34
9079,2995,239,1,2008,2008,46
9080,2996,120,2,458,916,9
9081,2996,404,1,5532,5532,40
9082,2996,475,1,2596,2596,20
9083,2997,73,2,4792,9584,31
9084,2997,390,2,2081,4162,33
9085,2998,14,1,6673,6673,34
9086,2999,346,2,8830,17660,28
9087,2999,116,2,6777,13554,15
9088,2999,72,2,4731,9462,13
9089,2999,56,1,3520,3520,8
9090,2999,376,1,7229,7229,4
9091,3000,316,1,2025,2025,40
9092,3000,437,1,8765,8765,14
9093,3001,484,2,966,1932,8
9094,3001,269,1,8261,8261,44
9095,3001,420,2,2612,5224,26
9096,3001,441,2,5608,11216,20
9097,3001,170,2,5243,10486,9
9098,3002,109,2,7744,15488,26
9099,3002,289,1,6074,6074,2
9100,3002,357,2,1901,3802,1
9101,3002,25,1,7208,7208,17
9102,3003,212,2,2125,4250,1
9103,3003,92,2,9153,18306,6
9104,3004,236,1,5507,5507,38
9105,3004,355,1,3972,3972,36
9106,3004,53,1,493,493,3
9107,3004,273,2,9304,18608,44
9108,3005,436,1,9749,9749,28
9109,3005,338,1,8558,8558,41
9110,3006,258,2,6742,13484,17
9111,3006,488,2,5080,10160,12
9112,3006,65,2,1575,3150,0
9113,3007,414,2,7849,15698,49
9114,3007,425,2,6302,12604,14
9115,3007,7,2,4344,8688,27
9116,3008,480,2,802,1604,2
9117,3008,440,1,632,632,15
9118,3008,305,1,6459,6459,32
9119,3009,201,2,1906,3812,46
9120,3009,210,1,2955,2955,45
9121,3009,301,2,7201,14402,33
9122,3009,44,1,7604,7604,39
9123,3009,97,2,2581,5162,36
9124,3010,142,1,4451,4451,7
9125,3010,161,2,8668,17336,20
9126,3011,263,1,7027,7027,31
9127,3012,220,1,792,792,29
9128,3013,111,1,4199,4199,27
9129,3013,100,2,2808,5616,14
9130,3013,87,1,5931,5931,12
9131,3013,237,2,3798,7596,8
9132,3013,346,2,8830,17660,26
9133,3014,328,1,1982,1982,21
9134,3014,224,1,6082,6082,26
9135,3014,321,2,7163,14326,48
9136,3015,94,2,8136,16272,38
9137,3015,248,1,5140,5140,41
9138,3015,31,1,6864,6864,29
9139,3015,375,1,9583,9583,38
9140,3016,382,1,1765,1765,9
9141,3016,61,1,6585,6585,33
9142,3016,294,2,2813,5626,17
9143,3017,251,1,1127,1127,40
9144,3017,358,2,876,1752,42
9145,3017,35,2,532,1064,42
9146,3017,247,1,5807,5807,35
9147,3018,317,2,3598,7196,3
9148,3019,270,1,5974,5974,14
9149,3020,21,2,9405,18810,32
9150,3020,221,2,3953,7906,5
9151,3021,341,1,1233,1233,26
9152,3021,21,2,9405,18810,8
9153,3021,233,1,7932,7932,26
9154,3022,56,2,3520,7040,16
9155,3022,432,1,5619,5619,18
9156,3023,202,2,1340,2680,23
9157,3024,271,2,9332,18664,38
9158,3024,426,2,3669,7338,23
9159,3024,475,1,2596,2596,20
9160,3024,38,1,7964,7964,11
9161,3024,220,2,792,1584,18
9162,3025,202,2,1340,2680,19
9163,3025,47,1,6006,6006,29
9164,3025,268,1,8452,8452,19
9165,3025,319,1,5440,5440,17
9166,3025,233,1,7932,7932,38
9167,3026,477,2,4434,8868,31
9168,3026,423,2,9274,18548,19
9169,3027,285,1,6960,6960,23
9170,3027,63,2,226,452,8
9171,3027,211,1,8936,8936,14
9172,3028,412,1,2577,2577,23
9173,3028,121,1,9357,9357,27
9174,3029,274,1,514,514,31
9175,3029,108,1,1845,1845,35
9176,3029,403,2,5297,10594,10
9177,3029,18,1,4166,4166,30
9178,3029,491,1,7872,7872,25
9179,3030,413,2,7682,15364,30
9180,3031,491,2,7872,15744,40
9181,3032,439,1,8872,8872,32
9182,3032,353,2,8490,16980,1
9183,3032,381,1,1186,1186,40
9184,3032,421,2,1837,3674,13
9185,3032,50,2,7706,15412,0
9186,3033,442,1,5784,5784,6
9187,3033,405,2,7803,15606,0
9188,3033,301,2,7201,14402,18
9189,3033,14,1,6673,6673,9
9190,3033,111,1,4199,4199,4
9191,3034,108,2,1845,3690,32
9192,3034,410,2,1950,3900,45
9193,3034,231,2,6242,12484,43
9194,3035,78,1,9614,9614,39
9195,3035,293,2,3156,6312,6
9196,3035,486,2,7644,15288,38
9197,3036,153,1,6657,6657,48
9198,3036,440,1,632,632,9
9199,3036,185,2,9725,19450,13
9200,3037,143,2,1092,2184,1
9201,3037,86,2,3922,7844,12
9202,3037,212,2,2125,4250,3
9203,3037,149,1,6253,6253,3
9204,3037,411,1,683,683,41
9205,3038,246,2,7060,14120,23
9206,3039,450,2,2223,4446,20
9207,3039,398,2,6975,13950,44
9208,3039,207,1,1145,1145,46
9209,3039,422,1,2063,2063,36
9210,3039,239,2,2008,4016,18
9211,3040,402,1,724,724,0
9212,3040,344,2,7129,14258,19
9213,3040,227,2,3371,6742,9
9214,3040,276,1,5653,5653,49
9215,3040,254,1,8080,8080,7
9216,3041,157,2,8682,17364,14
9217,3041,152,1,8703,8703,28
9218,3041,365,1,2532,2532,23
9219,3041,263,2,7027,14054,14
9220,3041,16,2,6789,13578,22
9221,3042,498,1,5376,5376,40
9222,3042,284,2,1327,2654,23
9223,3042,188,2,1340,2680,49
9224,3042,429,2,9556,19112,32
9225,3043,112,1,1365,1365,26
9226,3043,86,1,3922,3922,32
9227,3044,38,1,7964,7964,18
9228,3044,324,2,9564,19128,38
9229,3044,330,1,6169,6169,26
9230,3045,300,2,3824,7648,21
9231,3045,205,2,4349,8698,39
9232,3045,263,1,7027,7027,40
9233,3046,416,2,1795,3590,17
9234,3047,17,2,3755,7510,24
9235,3047,125,1,4484,4484,19
9236,3047,340,1,6534,6534,17
9237,3047,476,2,1509,3018,41
9238,3047,279,1,8933,8933,29
9239,3048,306,1,427,427,14
9240,3048,25,1,7208,7208,4
9241,3048,116,2,6777,13554,29
9242,3049,429,2,9556,19112,13
9243,3049,286,2,1335,2670,47
9244,3049,78,1,9614,9614,21
9245,3049,435,2,1446,2892,39
9246,3049,243,1,3767,3767,9
9247,3050,387,2,9763,19526,16
9248,3050,396,2,2758,5516,10
9249,3050,432,1,5619,5619,35
9250,3050,116,2,6777,13554,43
9251,3050,63,1,226,226,10
9252,3051,388,2,2920,5840,1
9253,3052,287,1,5220,5220,32
9254,3052,267,2,9802,19604,18
9255,3052,441,1,5608,5608,28
9256,3052,328,1,1982,1982,8
9257,3052,423,1,9274,9274,44
9258,3053,326,2,8014,16028,20
9259,3054,405,2,7803,15606,23
9260,3054,192,2,8710,17420,14
9261,3054,279,1,8933,8933,30
9262,3054,445,2,2069,4138,14
9263,3054,189,2,7671,15342,42
9264,3055,4,2,3526,7052,19
9265,3056,253,2,4985,9970,22
9266,3056,319,1,5440,5440,11
9267,3057,423,2,9274,18548,43
9268,3057,240,2,826,1652,17
9269,3057,288,1,6709,6709,23
9270,3058,481,1,6701,6701,22
9271,3058,376,1,7229,7229,5
9272,3058,57,2,2705,5410,34
9273,3059,100,2,2808,5616,49
9274,3059,363,2,5692,11384,10
9275,3059,303,2,6559,13118,42
9276,3059,417,2,5478,10956,41
9277,3060,226,1,6844,6844,25
9278,3061,142,1,4451,4451,5
9279,3061,82,1,9229,9229,12
9280,3061,240,2,826,1652,7
9281,3061,117,1,6431,6431,41
9282,3061,341,2,1233,2466,36
9283,3062,264,1,2992,2992,32
9284,3062,385,1,3416,3416,12
9285,3062,111,2,4199,8398,23
9286,3062,195,2,527,1054,11
9287,3062,272,2,9771,19542,4
9288,3063,126,1,511,511,20
9289,3063,415,2,9335,18670,38
9290,3064,79,1,7778,7778,18
9291,3064,319,1,5440,5440,27
9292,3065,448,2,2566,5132,25
9293,3066,268,2,8452,16904,12
9294,3066,263,2,7027,14054,23
9295,3066,298,1,7494,7494,27
9296,3066,385,1,3416,3416,6
9297,3066,354,2,6624,13248,34
9298,3067,297,2,1490,2980,33
9299,3068,429,1,9556,9556,49
9300,3068,56,1,3520,3520,18
9301,3068,453,2,9440,18880,36
9302,3069,223,2,3994,7988,24
9303,3069,20,1,7740,7740,19
9304,3069,343,1,6618,6618,45
9305,3069,160,1,4753,4753,10
9306,3070,78,2,9614,19228,15
9307,3070,348,1,9864,9864,3
9308,3070,389,1,8169,8169,28
9309,3070,136,2,3041,6082,38
9310,3071,3,2,810,1620,28
9311,3071,115,2,901,1802,17
9312,3072,85,2,7726,15452,11
9313,3072,217,1,6416,6416,38
9314,3073,479,2,4003,8006,34
9315,3074,204,2,5332,10664,7
9316,3074,353,1,8490,8490,18
9317,3074,245,1,6825,6825,32
9318,3074,97,1,2581,2581,42
9319,3075,418,2,8496,16992,9
9320,3076,17,2,3755,7510,34
9321,3077,59,1,3707,3707,12
9322,3077,105,2,2035,4070,37
9323,3078,182,1,3502,3502,18
9324,3079,161,1,8668,8668,45
9325,3080,162,2,7997,15994,4
9326,3080,381,1,1186,1186,12
9327,3080,259,2,4256,8512,38
9328,3081,124,1,4127,4127,10
9329,3081,287,2,5220,10440,15
9330,3082,101,2,8481,16962,7
9331,3082,300,2,3824,7648,31
9332,3082,10,2,7504,15008,28
9333,3082,179,2,7886,15772,14
9334,3083,456,1,8667,8667,1
9335,3083,290,1,8108,8108,40
9336,3083,184,1,2562,2562,19
9337,3083,417,1,5478,5478,28
9338,3084,489,1,4052,4052,15
9339,3084,461,2,9272,18544,46
9340,3085,346,2,8830,17660,40
9341,3085,362,1,9032,9032,38
9342,3086,185,2,9725,19450,23
9343,3086,407,1,5041,5041,21
9344,3086,314,1,3186,3186,11
9345,3087,391,1,7357,7357,22
9346,3087,292,1,9437,9437,17
9347,3087,287,2,5220,10440,49
9348,3088,280,1,598,598,29
9349,3088,11,2,6295,12590,8
9350,3088,294,1,2813,2813,32
9351,3088,277,1,1812,1812,12
9352,3089,92,1,9153,9153,36
9353,3090,302,1,1386,1386,17
9354,3090,87,2,5931,11862,34
9355,3091,91,1,2426,2426,2
9356,3091,268,2,8452,16904,11
9357,3091,441,1,5608,5608,47
9358,3092,240,1,826,826,2
9359,3093,217,2,6416,12832,10
9360,3093,403,2,5297,10594,4
9361,3093,312,1,1017,1017,14
9362,3094,391,1,7357,7357,40
9363,3094,7,2,4344,8688,11
9364,3094,30,1,7952,7952,48
9365,3095,316,1,2025,2025,3
9366,3095,500,1,8459,8459,2
9367,3095,419,2,6185,12370,27
9368,3095,66,1,3514,3514,20
9369,3096,423,2,9274,18548,49
9370,3097,128,1,1065,1065,18
9371,3097,223,1,3994,3994,39
9372,3097,181,1,575,575,29
9373,3097,310,1,1023,1023,31
9374,3098,494,1,7434,7434,2
9375,3099,405,2,7803,15606,29
9376,3099,55,1,2603,2603,10
9377,3099,208,2,9063,18126,15
9378,3100,89,2,1967,3934,2
9379,3101,50,2,7706,15412,5
9380,3101,236,2,5507,11014,3
9381,3102,83,1,8065,8065,45
9382,3102,353,1,8490,8490,8
9383,3103,224,1,6082,6082,25
9384,3103,45,1,6000,6000,32
9385,3103,180,2,2762,5524,32
9386,3103,16,1,6789,6789,2
9387,3103,205,2,4349,8698,3
9388,3104,146,1,7549,7549,46
9389,3105,285,1,6960,6960,0
9390,3105,41,1,4365,4365,18
9391,3105,390,2,2081,4162,35
9392,3105,367,2,7596,15192,13
9393,3106,140,1,7936,7936,16
9394,3106,369,1,2604,2604,30
9395,3106,190,1,9154,9154,32
9396,3106,255,2,6915,13830,4
9397,3107,310,1,1023,1023,5
9398,3107,201,2,1906,3812,21
9399,3107,68,2,1393,2786,8
9400,3107,407,2,5041,10082,15
9401,3108,280,1,598,598,31
9402,3108,372,1,1416,1416,33
9403,3108,254,1,8080,8080,33
9404,3109,313,2,2105,4210,35
9405,3110,189,1,7671,7671,36
9406,3110,162,1,7997,7997,43
9407,3110,210,2,2955,5910,36
9408,3111,70,2,5334,10668,25
9409,3112,308,2,9878,19756,39
9410,3113,310,1,1023,1023,16
9411,3113,55,1,2603,2603,5
9412,3114,371,1,8364,8364,45
9413,3114,163,1,1089,1089,35
9414,3115,241,1,6358,6358,10
9415,3115,378,2,9971,19942,20
9416,3115,253,2,4985,9970,23
9417,3115,372,1,1416,1416,48
9418,3116,221,1,3953,3953,21
9419,3116,182,2,3502,7004,5
9420,3116,124,2,4127,8254,37
9421,3116,369,2,2604,5208,5
9422,3116,143,1,1092,1092,34
9423,3117,267,2,9802,19604,5
9424,3117,308,1,9878,9878,14
9425,3117,74,1,4264,4264,32
9426,3117,282,2,132,264,19
9427,3118,54,2,5045,10090,21
9428,3118,22,1,2507,2507,30
9429,3119,419,2,6185,12370,27
9430,3119,180,1,2762,2762,21
9431,3119,89,2,1967,3934,24
9432,3120,459,2,3610,7220,49
9433,3121,111,1,4199,4199,38
9434,3122,271,1,9332,9332,30
9435,3123,456,2,8667,17334,28
9436,3124,55,1,2603,2603,42
9437,3124,223,1,3994,3994,23
9438,3124,139,1,6678,6678,14
9439,3125,97,2,2581,5162,4
9440,3125,18,1,4166,4166,40
9441,3125,57,1,2705,2705,37
9442,3126,209,1,8256,8256,45
9443,3126,29,1,8365,8365,30
9444,3126,1,2,7383,14766,46
9445,3127,309,2,5432,10864,1
9446,3127,394,2,9264,18528,44
9447,3127,208,1,9063,9063,31
9448,3127,215,2,1100,2200,39
9449,3128,10,2,7504,15008,24
9450,3128,25,2,7208,14416,37
9451,3128,110,1,166,166,44
9452,3128,140,2,7936,15872,37
9453,3129,23,2,5151,10302,33
9454,3129,269,1,8261,8261,14
9455,3129,423,1,9274,9274,16
9456,3129,440,1,632,632,35
9457,3130,122,1,8570,8570,22
9458,3130,121,1,9357,9357,15
9459,3130,275,2,4126,8252,43
9460,3130,365,1,2532,2532,15
9461,3131,115,2,901,1802,4
9462,3131,224,2,6082,12164,0
9463,3131,229,2,6873,13746,35
9464,3131,255,1,6915,6915,0
9465,3131,35,1,532,532,30
9466,3132,368,1,2023,2023,5
9467,3133,328,1,1982,1982,41
9468,3133,310,2,1023,2046,20
9469,3133,342,1,808,808,13
9470,3133,321,1,7163,7163,7
9471,3133,481,2,6701,13402,49
9472,3134,345,1,6080,6080,25
9473,3134,168,1,2126,2126,45
9474,3134,232,2,4005,8010,46
9475,3134,15,1,8230,8230,3
9476,3134,336,2,2077,4154,0
9477,3135,289,1,6074,6074,5
9478,3135,381,2,1186,2372,14
9479,3135,18,2,4166,8332,23
9480,3136,355,1,3972,3972,38
9481,3136,155,2,3414,6828,45
9482,3136,113,1,8499,8499,27
9483,3136,208,2,9063,18126,1
9484,3136,472,1,8141,8141,5
9485,3137,111,1,4199,4199,31
9486,3138,200,1,994,994,45
9487,3138,224,2,6082,12164,16
9488,3138,420,2,2612,5224,46
9489,3138,487,2,1596,3192,32
9490,3139,285,2,6960,13920,28
9491,3139,34,2,4723,9446,4
9492,3139,168,1,2126,2126,28
9493,3139,97,2,2581,5162,19
9494,3140,482,2,4129,8258,31
9495,3140,264,1,2992,2992,17
9496,3140,461,2,9272,18544,0
9497,3140,59,1,3707,3707,42
9498,3141,58,1,9175,9175,40
9499,3141,374,1,1359,1359,12
9500,3141,124,1,4127,4127,23
9501,3141,369,1,2604,2604,26
9502,3141,167,2,7276,14552,30
9503,3142,296,2,4832,9664,44
9504,3142,228,1,3377,3377,20
9505,3142,423,1,9274,9274,8
9506,3143,492,1,2978,2978,27
9507,3143,149,2,6253,12506,17
9508,3143,24,2,1400,2800,9
9509,3143,371,1,8364,8364,40
9510,3143,85,1,7726,7726,36
9511,3144,311,1,1370,1370,12
9512,3145,251,2,1127,2254,27
9513,3145,293,2,3156,6312,28
9514,3145,236,2,5507,11014,45
9515,3146,405,1,7803,7803,5
9516,3146,174,1,5394,5394,22
9517,3146,356,2,7623,15246,24
9518,3146,284,2,1327,2654,3
9519,3147,10,1,7504,7504,17
9520,3147,386,2,7081,14162,48
9521,3148,134,1,433,433,21
9522,3148,493,2,674,1348,23
9523,3148,264,1,2992,2992,19
9524,3148,390,2,2081,4162,1
9525,3149,355,2,3972,7944,33
9526,3149,399,2,2348,4696,1
9527,3149,331,1,8327,8327,32
9528,3149,102,2,7997,15994,22
9529,3149,345,1,6080,6080,48
9530,3150,62,2,7260,14520,32
9531,3150,14,2,6673,13346,11
9532,3151,396,1,2758,2758,23
9533,3151,145,1,303,303,22
9534,3151,196,2,3348,6696,38
9535,3151,41,1,4365,4365,3
9536,3152,16,1,6789,6789,20
9537,3152,220,2,792,1584,17
9538,3152,309,1,5432,5432,45
9539,3152,397,2,9923,19846,16
9540,3152,395,1,4317,4317,7
9541,3153,8,2,552,1104,10
9542,3153,22,2,2507,5014,40
9543,3153,337,2,3014,6028,20
9544,3153,396,2,2758,5516,16
9545,3154,466,2,4450,8900,45
9546,3154,406,2,8666,17332,44
9547,3155,450,1,2223,2223,35
9548,3155,287,2,5220,10440,35
9549,3156,340,1,6534,6534,9
9550,3156,216,2,6829,13658,44
9551,3156,425,1,6302,6302,1
9552,3156,23,2,5151,10302,27
9553,3156,153,2,6657,13314,41
9554,3157,137,1,9792,9792,29
9555,3157,209,1,8256,8256,39
9556,3157,142,2,4451,8902,48
9557,3158,315,1,5375,5375,3
9558,3158,445,1,2069,2069,15
9559,3158,67,1,1386,1386,15
9560,3158,76,1,1796,1796,39
9561,3158,244,1,9563,9563,12
9562,3159,392,2,1069,2138,41
9563,3160,411,2,683,1366,4
9564,3160,236,2,5507,11014,14
9565,3160,304,1,5702,5702,19
9566,3160,189,1,7671,7671,5
9567,3160,409,1,3636,3636,42
9568,3161,104,1,4304,4304,27
9569,3161,256,1,8015,8015,36
9570,3162,200,1,994,994,8
9571,3163,17,1,3755,3755,35
9572,3163,47,2,6006,12012,14
9573,3163,386,2,7081,14162,23
9574,3163,298,1,7494,7494,40
9575,3164,445,1,2069,2069,36
9576,3164,79,2,7778,15556,11
9577,3164,199,2,9352,18704,47
9578,3165,223,1,3994,3994,23
9579,3165,337,2,3014,6028,29
9580,3165,95,2,1920,3840,1
9581,3166,39,1,569,569,29
9582,3166,146,2,7549,15098,3
9583,3166,493,1,674,674,19
9584,3166,487,2,1596,3192,17
9585,3167,459,2,3610,7220,45
9586,3167,204,1,5332,5332,41
9587,3168,443,1,1814,1814,9
9588,3168,346,1,8830,8830,5
9589,3168,235,2,931,1862,21
9590,3168,51,1,4970,4970,14
9591,3169,70,2,5334,10668,9
9592,3170,4,1,3526,3526,48
9593,3171,181,1,575,575,42
9594,3171,433,1,1018,1018,32
9595,3171,266,1,1413,1413,26
9596,3171,479,2,4003,8006,16
9597,3172,417,1,5478,5478,47
9598,3173,191,2,600,1200,48
9599,3174,324,1,9564,9564,35
9600,3174,15,1,8230,8230,42
9601,3174,78,1,9614,9614,45
9602,3175,45,1,6000,6000,20
9603,3175,312,2,1017,2034,48
9604,3175,308,1,9878,9878,46
9605,3175,199,2,9352,18704,37
9606,3175,399,1,2348,2348,44
9607,3176,170,2,5243,10486,1
9608,3176,150,2,179,358,10
9609,3176,359,1,134,134,11
9610,3176,332,1,9187,9187,16
9611,3177,70,1,5334,5334,47
9612,3178,472,1,8141,8141,11
9613,3179,182,2,3502,7004,11
9614,3179,409,2,3636,7272,0
9615,3179,401,2,2493,4986,30
9616,3180,401,1,2493,2493,29
9617,3180,212,2,2125,4250,20
9618,3180,315,2,5375,10750,43
9619,3180,49,2,4975,9950,5
9620,3180,87,2,5931,11862,17
9621,3181,191,2,600,1200,29
9622,3182,45,2,6000,12000,27
9623,3182,469,2,7584,15168,11
9624,3183,28,2,3348,6696,39
9625,3183,239,1,2008,2008,14
9626,3184,82,2,9229,18458,12
9627,3184,168,1,2126,2126,25
9628,3184,362,2,9032,18064,18
9629,3184,127,2,803,1606,24
9630,3184,444,2,9635,19270,45
9631,3185,408,1,1506,1506,42
9632,3186,474,1,6848,6848,15
9633,3186,70,2,5334,10668,48
9634,3186,404,1,5532,5532,31
9635,3186,390,1,2081,2081,32
9636,3186,210,1,2955,2955,18
9637,3187,232,2,4005,8010,39
9638,3187,205,2,4349,8698,33
9639,3187,304,1,5702,5702,19
9640,3187,243,1,3767,3767,45
9641,3188,112,1,1365,1365,44
9642,3188,394,1,9264,9264,5
9643,3188,275,2,4126,8252,15
9644,3189,219,1,8550,8550,13
9645,3189,213,1,1327,1327,46
9646,3189,85,2,7726,15452,36
9647,3189,363,2,5692,11384,47
9648,3189,155,1,3414,3414,4
9649,3190,476,2,1509,3018,43
9650,3191,450,2,2223,4446,31
9651,3191,330,2,6169,12338,16
9652,3191,458,1,7231,7231,42
9653,3192,187,1,7902,7902,15
9654,3192,299,1,6735,6735,23
9655,3193,428,1,4566,4566,25
9656,3193,341,2,1233,2466,30
9657,3193,433,1,1018,1018,0
9658,3193,302,2,1386,2772,12
9659,3193,352,2,8327,16654,32
9660,3194,484,1,966,966,36
9661,3194,408,2,1506,3012,16
9662,3194,107,1,4996,4996,1
9663,3195,275,1,4126,4126,21
9664,3195,358,1,876,876,20
9665,3195,272,1,9771,9771,1
9666,3195,90,2,5742,11484,44
9667,3195,458,2,7231,14462,28
9668,3196,94,1,8136,8136,41
9669,3196,294,1,2813,2813,23
9670,3197,82,1,9229,9229,2
9671,3197,176,1,6822,6822,45
9672,3197,304,2,5702,11404,0
9673,3198,164,1,1863,1863,4
9674,3198,182,1,3502,3502,37
9675,3199,236,2,5507,11014,9
9676,3199,171,2,4878,9756,36
9677,3200,218,2,5588,11176,46
9678,3200,75,2,5949,11898,46
9679,3200,59,1,3707,3707,4
9680,3200,118,2,3022,6044,41
9681,3201,21,2,9405,18810,11
9682,3201,204,2,5332,10664,49
9683,3201,109,2,7744,15488,11
9684,3202,319,2,5440,10880,27
9685,3203,144,2,952,1904,28
9686,3203,448,2,2566,5132,48
9687,3203,289,1,6074,6074,28
9688,3203,228,1,3377,3377,20
9689,3204,46,1,2736,2736,9
9690,3204,392,1,1069,1069,38
9691,3205,156,1,1080,1080,47
9692,3205,138,2,6011,12022,18
9693,3205,412,1,2577,2577,14
9694,3206,293,2,3156,6312,33
9695,3206,51,1,4970,4970,24
9696,3206,159,2,5798,11596,25
9697,3207,183,2,2684,5368,9
9698,3207,384,1,2886,2886,5
9699,3207,154,1,2254,2254,20
9700,3208,292,2,9437,18874,2
9701,3209,67,2,1386,2772,13
9702,3209,166,2,1767,3534,32
9703,3210,496,1,816,816,23
9704,3210,247,2,5807,11614,18
9705,3210,138,1,6011,6011,12
9706,3210,481,2,6701,13402,49
9707,3210,88,2,1892,3784,19
9708,3211,114,2,8116,16232,10
9709,3211,425,2,6302,12604,20
9710,3212,250,1,4301,4301,37
9711,3213,240,2,826,1652,46
9712,3213,392,1,1069,1069,44
9713,3213,396,2,2758,5516,21
9714,3213,299,1,6735,6735,19
9715,3213,468,2,1895,3790,12
9716,3214,41,1,4365,4365,4
9717,3214,77,1,2932,2932,46
9718,3215,409,1,3636,3636,18
9719,3216,101,2,8481,16962,36
9720,3216,31,1,6864,6864,32
9721,3216,155,1,3414,3414,9
9722,3217,88,1,1892,1892,1
9723,3217,121,1,9357,9357,45
9724,3217,360,1,7936,7936,15
9725,3218,466,1,4450,4450,20
9726,3218,322,2,8465,16930,26
9727,3218,499,1,7189,7189,27
9728,3218,477,1,4434,4434,19
9729,3219,165,1,2804,2804,33
9730,3220,176,2,6822,13644,28
9731,3220,452,1,200,200,32
9732,3220,104,2,4304,8608,47
9733,3220,334,1,7855,7855,38
9734,3220,358,1,876,876,26
9735,3221,131,1,6426,6426,8
9736,3221,365,2,2532,5064,25
9737,3221,192,1,8710,8710,5
9738,3221,237,1,3798,3798,18
9739,3222,63,2,226,452,23
9740,3222,452,1,200,200,30
9741,3222,27,2,4304,8608,11
9742,3222,363,1,5692,5692,5
9743,3222,349,2,9083,18166,42
9744,3223,92,2,9153,18306,41
9745,3223,33,1,2531,2531,44
9746,3223,29,1,8365,8365,28
9747,3223,252,2,2663,5326,20
9748,3224,363,2,5692,11384,23
9749,3224,99,2,7480,14960,7
9750,3224,163,2,1089,2178,4
9751,3224,93,2,8858,17716,15
9752,3224,437,2,8765,17530,24
9753,3225,19,1,9031,9031,26
9754,3226,203,1,8865,8865,10
9755,3226,422,1,2063,2063,16
9756,3226,482,1,4129,4129,49
9757,3227,143,2,1092,2184,14
9758,3227,46,2,2736,5472,19
9759,3227,377,2,3078,6156,6
9760,3227,223,2,3994,7988,1
9761,3227,10,1,7504,7504,11
9762,3228,228,1,3377,3377,46
9763,3228,87,2,5931,11862,0
9764,3229,319,1,5440,5440,1
9765,3229,142,2,4451,8902,22
9766,3229,440,2,632,1264,45
9767,3229,415,1,9335,9335,2
9768,3229,500,1,8459,8459,39
9769,3230,269,2,8261,16522,43
9770,3230,273,1,9304,9304,13
9771,3230,83,2,8065,16130,12
9772,3230,125,2,4484,8968,6
9773,3230,44,2,7604,15208,1
9774,3231,399,1,2348,2348,23
9775,3231,157,1,8682,8682,6
9776,3231,402,1,724,724,13
9777,3231,304,2,5702,11404,29
9778,3232,196,1,3348,3348,48
9779,3233,6,1,9079,9079,20
9780,3233,279,1,8933,8933,7
9781,3233,82,2,9229,18458,49
9782,3233,496,2,816,1632,4
9783,3234,81,2,5434,10868,48
9784,3234,207,2,1145,2290,18
9785,3235,224,2,6082,12164,21
9786,3235,348,2,9864,19728,20
9787,3235,288,2,6709,13418,39
9788,3235,492,1,2978,2978,44
9789,3235,424,1,8160,8160,37
9790,3236,247,2,5807,11614,17
9791,3236,253,1,4985,4985,47
9792,3237,482,2,4129,8258,7
9793,3237,177,1,5567,5567,42
9794,3237,166,2,1767,3534,13
9795,3237,172,1,8206,8206,48
9796,3237,407,1,5041,5041,21
9797,3238,380,1,5037,5037,26
9798,3238,410,2,1950,3900,13
9799,3238,228,2,3377,6754,25
9800,3238,381,2,1186,2372,8
9801,3239,314,1,3186,3186,21
9802,3239,180,1,2762,2762,12
9803,3239,200,1,994,994,12
9804,3240,324,1,9564,9564,46
9805,3240,258,2,6742,13484,5
9806,3240,68,1,1393,1393,28
9807,3240,380,2,5037,10074,30
9808,3241,355,2,3972,7944,22
9809,3241,150,1,179,179,18
9810,3242,482,2,4129,8258,44
9811,3242,85,1,7726,7726,46
9812,3243,395,1,4317,4317,40
9813,3243,459,1,3610,3610,44
9814,3243,180,1,2762,2762,17
9815,3243,205,1,4349,4349,8
9816,3243,115,2,901,1802,30
9817,3244,402,2,724,1448,48
9818,3244,13,2,2609,5218,13
9819,3244,482,1,4129,4129,1
9820,3244,306,2,427,854,18
9821,3245,339,2,1062,2124,28
9822,3245,208,2,9063,18126,45
9823,3245,336,2,2077,4154,45
9824,3245,245,2,6825,13650,3
9825,3245,321,2,7163,14326,3
9826,3246,164,1,1863,1863,11
9827,3246,219,1,8550,8550,8
9828,3246,34,1,4723,4723,23
9829,3246,223,1,3994,3994,26
9830,3247,84,2,3374,6748,33
9831,3248,268,1,8452,8452,19
9832,3248,464,1,626,626,46
9833,3248,132,2,4597,9194,20
9834,3249,449,2,1273,2546,48
9835,3249,470,1,8803,8803,19
9836,3250,90,1,5742,5742,48
9837,3250,216,1,6829,6829,23
9838,3251,437,1,8765,8765,38
9839,3251,54,2,5045,10090,31
9840,3252,334,1,7855,7855,49
9841,3252,364,2,5032,10064,8
9842,3253,147,2,4932,9864,47
9843,3253,40,1,8004,8004,4
9844,3253,339,1,1062,1062,30
9845,3253,187,2,7902,15804,41
9846,3254,170,2,5243,10486,39
9847,3254,61,1,6585,6585,39
9848,3254,283,1,9977,9977,4
9849,3255,481,2,6701,13402,49
9850,3255,207,2,1145,2290,10
9851,3255,422,2,2063,4126,13
9852,3256,50,1,7706,7706,4
9853,3256,307,2,3734,7468,12
9854,3256,25,2,7208,14416,7
9855,3256,64,1,3594,3594,34
9856,3256,110,2,166,332,21
9857,3257,227,1,3371,3371,6
9858,3258,484,2,966,1932,27
9859,3258,51,1,4970,4970,40
9860,3258,400,1,4939,4939,8
9861,3259,368,1,2023,2023,30
9862,3259,276,1,5653,5653,29
9863,3260,384,1,2886,2886,9
9864,3260,342,1,808,808,0
9865,3260,373,1,5255,5255,49
9866,3261,370,1,2338,2338,13
9867,3261,294,2,2813,5626,16
9868,3261,337,2,3014,6028,26
9869,3262,445,2,2069,4138,34
9870,3262,477,1,4434,4434,24
9871,3262,353,2,8490,16980,35
9872,3262,22,1,2507,2507,28
9873,3263,101,2,8481,16962,21
9874,3263,25,1,7208,7208,18
9875,3263,355,1,3972,3972,47
9876,3264,94,2,8136,16272,14
9877,3265,400,2,4939,9878,5
9878,3265,373,2,5255,10510,45
9879,3265,171,2,4878,9756,14
9880,3266,359,2,134,268,41
9881,3267,302,1,1386,1386,10
9882,3267,130,2,8697,17394,11
9883,3267,177,2,5567,11134,33
9884,3268,266,1,1413,1413,21
9885,3268,243,1,3767,3767,0
9886,3269,248,1,5140,5140,31
9887,3269,438,2,9722,19444,49
9888,3270,31,1,6864,6864,19
9889,3270,248,1,5140,5140,8
9890,3270,252,2,2663,5326,19
9891,3270,16,2,6789,13578,21
9892,3271,82,1,9229,9229,46
9893,3271,421,1,1837,1837,38
9894,3272,319,2,5440,10880,45
9895,3272,227,1,3371,3371,44
9896,3272,187,1,7902,7902,16
9897,3272,466,2,4450,8900,23
9898,3273,249,1,3076,3076,27
9899,3273,231,2,6242,12484,8
9900,3274,372,2,1416,2832,29
9901,3274,444,2,9635,19270,19
9902,3274,157,1,8682,8682,3
9903,3274,189,2,7671,15342,36
9904,3275,344,2,7129,14258,49
9905,3275,232,1,4005,4005,23
9906,3275,483,1,5769,5769,28
9907,3275,138,1,6011,6011,31
9908,3275,91,1,2426,2426,27
9909,3276,141,1,5963,5963,23
9910,3277,346,1,8830,8830,6
9911,3278,95,1,1920,1920,6
9912,3278,149,2,6253,12506,45
9913,3279,434,2,7634,15268,12
9914,3279,241,2,6358,12716,40
9915,3280,32,2,9159,18318,8
9916,3280,304,1,5702,5702,3
9917,3280,308,1,9878,9878,15
9918,3281,470,2,8803,17606,44
9919,3281,63,2,226,452,38
9920,3281,461,2,9272,18544,35
9921,3282,126,1,511,511,30
9922,3282,259,1,4256,4256,39
9923,3282,311,2,1370,2740,10
9924,3282,58,2,9175,18350,2
9925,3282,32,1,9159,9159,48
9926,3283,359,2,134,268,8
9927,3284,97,2,2581,5162,20
9928,3285,157,1,8682,8682,38
9929,3285,149,2,6253,12506,2
9930,3285,322,2,8465,16930,43
9931,3285,461,2,9272,18544,44
9932,3286,99,2,7480,14960,5
9933,3286,65,2,1575,3150,29
9934,3286,408,2,1506,3012,35
9935,3287,82,1,9229,9229,24
9936,3287,254,1,8080,8080,37
9937,3287,157,2,8682,17364,41
9938,3287,120,1,458,458,9
9939,3288,260,1,2313,2313,9
9940,3289,429,2,9556,19112,11
9941,3289,293,1,3156,3156,31
9942,3290,174,2,5394,10788,8
9943,3290,22,2,2507,5014,46
9944,3290,48,1,7171,7171,6
9945,3290,210,1,2955,2955,46
9946,3291,497,2,6071,12142,29
9947,3291,68,1,1393,1393,8
9948,3291,90,1,5742,5742,17
9949,3291,483,1,5769,5769,49
9950,3291,12,2,2033,4066,42
9951,3292,7,1,4344,4344,25
9952,3292,107,2,4996,9992,6
9953,3292,7,2,4344,8688,17
9954,3293,241,2,6358,12716,34
9955,3293,435,1,1446,1446,43
9956,3294,363,2,5692,11384,46
9957,3294,43,1,2257,2257,30
9958,3294,394,2,9264,18528,34
9959,3294,377,2,3078,6156,2
9960,3294,57,1,2705,2705,28
9961,3295,194,1,8080,8080,9
9962,3295,326,1,8014,8014,1
9963,3295,179,1,7886,7886,13
9964,3295,462,1,2010,2010,26
9965,3296,307,2,3734,7468,3
9966,3296,180,2,2762,5524,12
9967,3296,105,1,2035,2035,39
9968,3297,246,2,7060,14120,35
9969,3297,149,2,6253,12506,9
9970,3298,184,2,2562,5124,34
9971,3299,429,1,9556,9556,45
9972,3299,13,2,2609,5218,3
9973,3299,466,1,4450,4450,19
9974,3299,147,1,4932,4932,45
9975,3300,485,1,2932,2932,32
9976,3300,200,2,994,1988,32
9977,3300,368,2,2023,4046,9
9978,3300,87,1,5931,5931,20
9979,3301,1,1,7383,7383,41
9980,3301,354,1,6624,6624,8
9981,3301,155,1,3414,3414,13
9982,3301,120,1,458,458,15
9983,3301,79,1,7778,7778,18
9984,3302,456,1,8667,8667,41
9985,3302,293,1,3156,3156,45
9986,3303,128,1,1065,1065,2
9987,3303,183,2,2684,5368,36
9988,3303,345,2,6080,12160,18
9989,3303,159,2,5798,11596,4
9990,3303,173,1,7111,7111,37
9991,3304,387,1,9763,9763,14
9992,3305,139,2,6678,13356,41
9993,3306,389,1,8169,8169,3
9994,3306,214,2,9847,19694,35
9995,3306,363,2,5692,11384,5
9996,3306,285,1,6960,6960,20
9997,3306,320,2,4686,9372,46
9998,3307,301,1,7201,7201,33
9999,3307,201,1,1906,1906,36
10000,3307,206,2,6328,12656,20
10001,3308,268,1,8452,8452,11
10002,3308,149,1,6253,6253,5
10003,3308,337,1,3014,3014,11
10004,3309,180,1,2762,2762,4
10005,3309,134,2,433,866,47
10006,3309,154,1,2254,2254,46
10007,3309,321,2,7163,14326,25
10008,3310,96,1,7924,7924,2
10009,3311,284,2,1327,2654,3
10010,3311,13,1,2609,2609,34
10011,3311,88,1,1892,1892,5
10012,3311,151,2,9774,19548,3
10013,3311,325,1,4425,4425,26
10014,3312,297,1,1490,1490,26
10015,3312,248,2,5140,10280,26
10016,3312,148,2,5057,10114,16
10017,3312,222,2,8997,17994,42
10018,3312,29,2,8365,16730,1
10019,3313,54,1,5045,5045,38
10020,3314,321,1,7163,7163,40
10021,3315,371,2,8364,16728,19
10022,3316,205,1,4349,4349,9
10023,3317,103,1,3003,3003,30
10024,3317,47,1,6006,6006,32
10025,3317,360,2,7936,15872,1
10026,3318,322,1,8465,8465,6
10027,3318,327,2,4059,8118,46
10028,3318,386,2,7081,14162,2
10029,3318,164,1,1863,1863,42
10030,3318,212,2,2125,4250,45
10031,3319,255,1,6915,6915,9
10032,3320,479,2,4003,8006,38
10033,3320,444,1,9635,9635,23
10034,3320,480,2,802,1604,3
10035,3321,4,1,3526,3526,3
10036,3321,319,1,5440,5440,5
10037,3321,395,2,4317,8634,37
10038,3321,4,2,3526,7052,17
10039,3321,229,2,6873,13746,7
10040,3322,388,2,2920,5840,45
10041,3322,440,2,632,1264,45
10042,3322,446,1,9384,9384,28
10043,3322,232,2,4005,8010,13
10044,3323,427,2,7939,15878,47
10045,3323,99,1,7480,7480,7
10046,3324,257,1,1515,1515,4
10047,3324,424,1,8160,8160,46
10048,3324,207,1,1145,1145,23
10049,3325,265,2,445,890,19
10050,3325,369,2,2604,5208,5
10051,3326,95,1,1920,1920,11
10052,3326,279,2,8933,17866,13
10053,3327,135,1,2784,2784,46
10054,3328,220,1,792,792,8
10055,3328,68,1,1393,1393,44
10056,3328,320,1,4686,4686,31
10057,3328,70,1,5334,5334,6
10058,3328,415,1,9335,9335,28
10059,3329,7,2,4344,8688,42
10060,3330,230,2,1378,2756,45
10061,3330,15,1,8230,8230,15
10062,3330,489,2,4052,8104,49
10063,3330,200,1,994,994,15
10064,3331,457,2,4081,8162,15
10065,3331,399,2,2348,4696,31
10066,3331,492,2,2978,5956,4
10067,3332,465,1,1200,1200,43
10068,3332,480,1,802,802,42
10069,3333,485,2,2932,5864,27
10070,3333,313,2,2105,4210,23
10071,3333,201,2,1906,3812,10
10072,3333,270,2,5974,11948,4
10073,3334,23,2,5151,10302,18
10074,3334,395,2,4317,8634,48
10075,3335,102,1,7997,7997,3
10076,3335,216,1,6829,6829,38
10077,3336,157,2,8682,17364,39
10078,3336,380,2,5037,10074,27
10079,3336,57,1,2705,2705,36
10080,3336,54,2,5045,10090,44
10081,3337,123,1,5979,5979,1
10082,3337,259,2,4256,8512,20
10083,3338,178,1,885,885,23
10084,3338,482,2,4129,8258,4
10085,3338,448,1,2566,2566,27
10086,3338,52,1,4381,4381,46
10087,3338,70,2,5334,10668,26
10088,3339,377,2,3078,6156,44
10089,3339,233,2,7932,15864,4
10090,3339,106,2,3151,6302,25
10091,3339,319,1,5440,5440,26
10092,3340,30,1,7952,7952,6
10093,3340,353,2,8490,16980,16
10094,3340,259,1,4256,4256,38
10095,3340,61,2,6585,13170,10
10096,3340,146,2,7549,15098,16
10097,3341,58,1,9175,9175,34
10098,3341,233,1,7932,7932,46
10099,3341,98,1,8801,8801,35
10100,3341,467,1,989,989,33
10101,3342,65,2,1575,3150,21
10102,3342,23,2,5151,10302,32
10103,3342,441,1,5608,5608,3
10104,3343,192,2,8710,17420,19
10105,3343,307,2,3734,7468,26
10106,3343,343,1,6618,6618,5
10107,3344,233,2,7932,15864,32
10108,3344,411,2,683,1366,5
10109,3344,417,1,5478,5478,37
10110,3344,459,2,3610,7220,44
10111,3345,8,1,552,552,15
10112,3345,399,2,2348,4696,27
10113,3345,234,2,3036,6072,5
10114,3345,295,2,9489,18978,18
10115,3346,310,2,1023,2046,5
10116,3346,174,1,5394,5394,19
10117,3346,260,1,2313,2313,31
10118,3346,412,2,2577,5154,45
10119,3347,319,1,5440,5440,45
10120,3347,413,1,7682,7682,41
10121,3347,118,1,3022,3022,23
10122,3347,431,1,3477,3477,19
10123,3347,37,2,5974,11948,4
10124,3348,455,2,6367,12734,23
10125,3348,252,1,2663,2663,38
10126,3349,148,1,5057,5057,10
10127,3349,367,2,7596,15192,33
10128,3349,209,2,8256,16512,23
10129,3349,165,1,2804,2804,26
10130,3350,442,1,5784,5784,4
10131,3350,323,2,3539,7078,4
10132,3350,439,2,8872,17744,45
10133,3350,372,1,1416,1416,0
10134,3350,214,2,9847,19694,14
10135,3351,89,2,1967,3934,5
10136,3352,477,2,4434,8868,17
10137,3353,46,2,2736,5472,42
10138,3353,167,1,7276,7276,11
10139,3353,427,1,7939,7939,48
10140,3353,174,2,5394,10788,5
10141,3353,222,2,8997,17994,17
10142,3354,440,2,632,1264,42
10143,3354,217,2,6416,12832,10
10144,3354,429,1,9556,9556,49
10145,3355,372,1,1416,1416,14
10146,3355,276,2,5653,11306,5
10147,3355,195,2,527,1054,30
10148,3355,101,1,8481,8481,9
10149,3355,416,1,1795,1795,44
10150,3356,484,1,966,966,39
10151,3356,413,2,7682,15364,12
10152,3357,431,1,3477,3477,11
10153,3357,151,2,9774,19548,1
10154,3358,202,2,1340,2680,47
10155,3358,239,1,2008,2008,34
10156,3358,424,1,8160,8160,16
10157,3358,353,1,8490,8490,41
10158,3358,404,2,5532,11064,1
10159,3359,316,1,2025,2025,39
10160,3359,444,2,9635,19270,42
10161,3360,182,2,3502,7004,33
10162,3360,51,2,4970,9940,0
10163,3360,278,1,4446,4446,24
10164,3361,395,1,4317,4317,10
10165,3361,271,1,9332,9332,32
10166,3361,177,2,5567,11134,30
10167,3361,333,1,4948,4948,23
10168,3361,2,2,1005,2010,10
10169,3362,108,2,1845,3690,43
10170,3362,199,2,9352,18704,11
10171,3362,278,1,4446,4446,0
10172,3362,224,1,6082,6082,33
10173,3362,192,2,8710,17420,36
10174,3363,265,2,445,890,33
10175,3364,325,1,4425,4425,11
10176,3364,259,1,4256,4256,15
10177,3364,144,2,952,1904,32
10178,3365,343,2,6618,13236,47
10179,3365,16,1,6789,6789,2
10180,3365,258,1,6742,6742,33
10181,3365,374,2,1359,2718,16
10182,3365,271,1,9332,9332,6
10183,3366,224,2,6082,12164,17
10184,3366,384,1,2886,2886,42
10185,3367,243,2,3767,7534,39
10186,3367,314,1,3186,3186,32
10187,3367,404,1,5532,5532,47
10188,3367,237,2,3798,7596,3
10189,3367,399,1,2348,2348,3
10190,3368,252,2,2663,5326,9
10191,3368,481,1,6701,6701,5
10192,3369,330,2,6169,12338,45
10193,3369,221,1,3953,3953,14
10194,3369,467,2,989,1978,22
10195,3370,374,1,1359,1359,9
10196,3370,287,1,5220,5220,44
10197,3370,427,1,7939,7939,29
10198,3370,27,2,4304,8608,19
10199,3370,421,1,1837,1837,3
10200,3371,233,1,7932,7932,46
10201,3371,466,2,4450,8900,41
10202,3372,260,1,2313,2313,19
10203,3372,35,2,532,1064,23
10204,3372,311,1,1370,1370,6
10205,3372,70,1,5334,5334,40
10206,3372,354,1,6624,6624,46
10207,3373,41,2,4365,8730,6
10208,3373,187,2,7902,15804,44
10209,3373,317,1,3598,3598,36
10210,3373,260,2,2313,4626,21
10211,3374,228,2,3377,6754,44
10212,3374,236,1,5507,5507,30
10213,3374,397,1,9923,9923,25
10214,3375,351,1,8394,8394,41
10215,3375,123,1,5979,5979,33
10216,3375,107,2,4996,9992,27
10217,3375,122,1,8570,8570,45
10218,3375,235,2,931,1862,26
10219,3376,17,2,3755,7510,16
10220,3376,442,1,5784,5784,28
10221,3376,230,1,1378,1378,6
10222,3376,192,1,8710,8710,42
10223,3376,130,2,8697,17394,37
10224,3377,228,2,3377,6754,33
10225,3378,298,2,7494,14988,2
10226,3378,54,1,5045,5045,24
10227,3378,273,1,9304,9304,43
10228,3378,33,2,2531,5062,16
10229,3379,271,1,9332,9332,39
10230,3379,10,1,7504,7504,9
10231,3379,182,2,3502,7004,33
10232,3379,373,1,5255,5255,0
10233,3380,347,1,4055,4055,2
10234,3380,149,2,6253,12506,37
10235,3380,191,2,600,1200,5
10236,3380,194,1,8080,8080,13
10237,3381,140,2,7936,15872,27
10238,3381,438,1,9722,9722,13
10239,3382,124,1,4127,4127,7
10240,3382,187,1,7902,7902,29
10241,3382,81,2,5434,10868,12
10242,3382,473,2,444,888,47
10243,3383,273,2,9304,18608,47
10244,3384,286,1,1335,1335,9
10245,3384,394,1,9264,9264,16
10246,3385,321,2,7163,14326,11
10247,3386,70,2,5334,10668,23
10248,3387,74,2,4264,8528,19
10249,3387,209,2,8256,16512,0
10250,3387,292,1,9437,9437,35
10251,3387,464,2,626,1252,11
10252,3387,47,2,6006,12012,44
10253,3388,183,1,2684,2684,18
10254,3388,340,1,6534,6534,25
10255,3388,441,1,5608,5608,36
10256,3388,159,2,5798,11596,29
10257,3388,389,1,8169,8169,41
10258,3389,437,2,8765,17530,21
10259,3389,57,2,2705,5410,46
10260,3390,313,1,2105,2105,4
10261,3390,467,1,989,989,35
10262,3390,214,1,9847,9847,37
10263,3390,270,2,5974,11948,35
10264,3391,354,1,6624,6624,32
10265,3391,376,2,7229,14458,46
10266,3391,304,1,5702,5702,49
10267,3391,446,2,9384,18768,2
10268,3392,378,2,9971,19942,20
10269,3392,229,2,6873,13746,29
10270,3393,286,1,1335,1335,20
10271,3393,72,1,4731,4731,43
10272,3393,308,1,9878,9878,45
10273,3393,471,2,3454,6908,45
10274,3394,98,1,8801,8801,23
10275,3394,180,1,2762,2762,21
10276,3394,175,2,8190,16380,36
10277,3395,145,2,303,606,27
10278,3395,421,2,1837,3674,10
10279,3396,99,1,7480,7480,7
10280,3396,407,2,5041,10082,14
10281,3396,225,1,6279,6279,13
10282,3396,344,1,7129,7129,17
10283,3396,27,1,4304,4304,44
10284,3397,439,2,8872,17744,9
10285,3397,290,2,8108,16216,29
10286,3397,268,1,8452,8452,47
10287,3398,176,2,6822,13644,13
10288,3398,401,2,2493,4986,5
10289,3398,468,2,1895,3790,19
10290,3398,236,2,5507,11014,16
10291,3399,280,2,598,1196,20
10292,3399,276,2,5653,11306,13
10293,3399,447,2,2645,5290,29
10294,3399,477,2,4434,8868,7
10295,3400,476,2,1509,3018,49
10296,3400,289,2,6074,12148,32
10297,3400,127,2,803,1606,1
10298,3400,378,2,9971,19942,26
10299,3400,307,1,3734,3734,48
10300,3401,21,1,9405,9405,46
10301,3401,396,2,2758,5516,40
10302,3401,67,2,1386,2772,13
10303,3402,264,1,2992,2992,23
10304,3403,230,1,1378,1378,42
10305,3403,340,1,6534,6534,6
10306,3403,99,2,7480,14960,16
10307,3404,28,2,3348,6696,42
10308,3404,492,1,2978,2978,15
10309,3404,373,1,5255,5255,11
10310,3404,390,1,2081,2081,39
10311,3405,455,1,6367,6367,48
10312,3405,69,1,3379,3379,47
10313,3406,452,2,200,400,28
10314,3406,22,2,2507,5014,27
10315,3406,443,1,1814,1814,40
10316,3407,276,1,5653,5653,17
10317,3408,167,2,7276,14552,5
10318,3409,325,2,4425,8850,22
10319,3410,424,1,8160,8160,7
10320,3410,329,2,6394,12788,49
10321,3410,406,2,8666,17332,28
10322,3410,431,2,3477,6954,49
10323,3410,205,1,4349,4349,3
10324,3411,497,1,6071,6071,23
10325,3411,395,1,4317,4317,23
10326,3411,240,1,826,826,25
10327,3411,397,1,9923,9923,32
10328,3412,51,1,4970,4970,1
10329,3412,121,1,9357,9357,20
10330,3412,306,1,427,427,0
10331,3413,278,1,4446,4446,49
10332,3413,312,1,1017,1017,8
10333,3413,129,2,6421,12842,15
10334,3413,269,2,8261,16522,43
10335,3414,2,1,1005,1005,43
10336,3414,471,1,3454,3454,44
10337,3414,88,2,1892,3784,9
10338,3414,216,1,6829,6829,6
10339,3414,478,2,7111,14222,43
10340,3415,347,1,4055,4055,7
10341,3415,241,2,6358,12716,29
10342,3415,124,2,4127,8254,37
10343,3415,435,2,1446,2892,19
10344,3415,320,2,4686,9372,44
10345,3416,244,1,9563,9563,5
10346,3417,304,2,5702,11404,6
10347,3418,119,1,703,703,11
10348,3418,149,1,6253,6253,17
10349,3418,169,1,1711,1711,48
10350,3418,344,1,7129,7129,37
10351,3419,343,2,6618,13236,35
10352,3419,284,1,1327,1327,47
10353,3419,238,1,2253,2253,25
10354,3419,93,2,8858,17716,15
10355,3420,372,1,1416,1416,7
10356,3420,199,1,9352,9352,17
10357,3420,125,2,4484,8968,36
10358,3420,325,2,4425,8850,15
10359,3421,196,2,3348,6696,16
10360,3421,377,1,3078,3078,26
10361,3421,468,1,1895,1895,15
10362,3422,410,2,1950,3900,43
10363,3423,455,1,6367,6367,29
10364,3423,6,2,9079,18158,15
10365,3423,24,1,1400,1400,49
10366,3424,335,1,3595,3595,43
10367,3424,322,2,8465,16930,44
10368,3425,274,2,514,1028,15
10369,3425,6,1,9079,9079,32
10370,3425,465,1,1200,1200,40
10371,3426,437,2,8765,17530,1
10372,3426,19,2,9031,18062,44
10373,3427,303,1,6559,6559,13
10374,3428,496,1,816,816,24
10375,3428,171,2,4878,9756,18
10376,3428,464,1,626,626,20
10377,3428,496,1,816,816,18
10378,3429,381,1,1186,1186,0
10379,3429,407,2,5041,10082,31
10380,3429,97,2,2581,5162,43
10381,3429,197,1,1979,1979,48
10382,3429,408,1,1506,1506,12
10383,3430,306,1,427,427,39
10384,3430,248,1,5140,5140,28
10385,3430,203,2,8865,17730,26
10386,3430,228,1,3377,3377,16
10387,3431,98,1,8801,8801,12
10388,3431,240,1,826,826,42
10389,3431,228,2,3377,6754,14
10390,3432,424,1,8160,8160,38
10391,3432,498,1,5376,5376,18
10392,3432,242,1,959,959,13
10393,3433,359,1,134,134,47
10394,3433,150,1,179,179,9
10395,3433,147,1,4932,4932,16
10396,3433,269,1,8261,8261,9
10397,3434,260,2,2313,4626,19
10398,3434,159,1,5798,5798,2
10399,3434,333,1,4948,4948,6
10400,3434,463,2,8313,16626,48
10401,3435,338,1,8558,8558,49
10402,3435,323,1,3539,3539,8
10403,3435,209,2,8256,16512,44
10404,3435,380,2,5037,10074,14
10405,3436,392,1,1069,1069,23
10406,3436,353,2,8490,16980,33
10407,3436,242,1,959,959,11
10408,3437,407,1,5041,5041,35
10409,3437,444,1,9635,9635,48
10410,3437,429,1,9556,9556,1
10411,3438,112,2,1365,2730,33
10412,3438,360,1,7936,7936,38
10413,3438,386,2,7081,14162,43
10414,3438,49,1,4975,4975,29
10415,3439,440,1,632,632,31
10416,3439,92,2,9153,18306,6
10417,3439,30,1,7952,7952,12
10418,3440,498,2,5376,10752,8
10419,3440,236,2,5507,11014,1
10420,3441,329,1,6394,6394,13
10421,3441,374,2,1359,2718,47
10422,3441,221,1,3953,3953,0
10423,3441,165,1,2804,2804,31
10424,3441,123,2,5979,11958,10
10425,3442,162,1,7997,7997,17
10426,3442,306,2,427,854,35
10427,3442,74,1,4264,4264,4
10428,3442,370,2,2338,4676,23
10429,3442,214,1,9847,9847,10
10430,3443,335,2,3595,7190,44
10431,3443,205,1,4349,4349,25
10432,3443,376,2,7229,14458,37
10433,3444,372,2,1416,2832,1
10434,3445,181,1,575,575,29
10435,3445,101,2,8481,16962,36
10436,3446,472,2,8141,16282,11
10437,3446,133,1,4827,4827,14
10438,3446,231,1,6242,6242,13
10439,3446,328,2,1982,3964,45
10440,3446,292,1,9437,9437,5
10441,3447,229,2,6873,13746,41
10442,3447,159,2,5798,11596,46
10443,3447,245,1,6825,6825,38
10444,3447,56,1,3520,3520,21
10445,3447,120,2,458,916,12
10446,3448,486,2,7644,15288,2
10447,3448,40,2,8004,16008,33
10448,3449,102,1,7997,7997,43
10449,3449,249,1,3076,3076,27
10450,3449,298,1,7494,7494,14
10451,3449,288,1,6709,6709,32
10452,3449,399,2,2348,4696,49
10453,3450,457,1,4081,4081,17
10454,3450,377,1,3078,3078,30
10455,3450,62,1,7260,7260,27
10456,3450,159,1,5798,5798,25
10457,3450,39,1,569,569,3
10458,3451,243,1,3767,3767,4
10459,3451,317,2,3598,7196,46
10460,3451,298,1,7494,7494,13
10461,3451,39,1,569,569,40
10462,3451,34,1,4723,4723,28
10463,3452,431,2,3477,6954,1
10464,3452,223,1,3994,3994,16
10465,3452,309,2,5432,10864,47
10466,3453,441,1,5608,5608,10
10467,3453,63,1,226,226,17
10468,3453,404,1,5532,5532,49
10469,3453,470,2,8803,17606,6
10470,3454,189,1,7671,7671,40
10471,3455,336,2,2077,4154,12
10472,3455,411,2,683,1366,44
10473,3455,152,1,8703,8703,29
10474,3456,342,2,808,1616,43
10475,3457,418,2,8496,16992,10
10476,3457,292,1,9437,9437,39
10477,3458,421,2,1837,3674,38
10478,3458,241,2,6358,12716,7
10479,3458,165,1,2804,2804,33
10480,3458,460,1,8795,8795,11
10481,3458,494,2,7434,14868,14
10482,3459,350,2,2023,4046,26
10483,3460,255,1,6915,6915,14
10484,3460,8,2,552,1104,25
10485,3460,369,1,2604,2604,44
10486,3460,454,2,412,824,43
10487,3461,52,1,4381,4381,38
10488,3461,464,1,626,626,23
10489,3462,350,1,2023,2023,29
10490,3462,479,1,4003,4003,19
10491,3462,331,2,8327,16654,49
10492,3462,458,1,7231,7231,41
10493,3463,211,1,8936,8936,4
10494,3463,33,1,2531,2531,16
10495,3464,58,1,9175,9175,4
10496,3464,45,1,6000,6000,7
10497,3465,282,1,132,132,8
10498,3466,210,2,2955,5910,45
10499,3467,224,1,6082,6082,36
10500,3468,289,1,6074,6074,47
10501,3468,315,2,5375,10750,6
10502,3468,238,1,2253,2253,40
10503,3468,463,1,8313,8313,47
10504,3469,148,1,5057,5057,20
10505,3469,457,2,4081,8162,9
10506,3469,309,1,5432,5432,6
10507,3469,339,1,1062,1062,43
10508,3470,409,2,3636,7272,9
10509,3470,169,2,1711,3422,14
10510,3470,34,1,4723,4723,22
10511,3470,49,2,4975,9950,14
10512,3471,305,2,6459,12918,10
10513,3472,405,2,7803,15606,29
10514,3473,42,1,3798,3798,31
10515,3473,359,2,134,268,27
10516,3473,166,1,1767,1767,1
10517,3474,48,1,7171,7171,13
10518,3474,236,2,5507,11014,23
10519,3474,485,2,2932,5864,16
10520,3474,318,1,8576,8576,32
10521,3475,185,2,9725,19450,26
10522,3475,313,2,2105,4210,8
10523,3475,239,2,2008,4016,46
10524,3476,18,2,4166,8332,17
10525,3477,125,1,4484,4484,46
10526,3477,430,2,8207,16414,14
10527,3477,160,2,4753,9506,1
10528,3478,254,2,8080,16160,47
10529,3478,117,2,6431,12862,34
10530,3478,242,1,959,959,42
10531,3478,475,2,2596,5192,46
10532,3478,400,1,4939,4939,34
10533,3479,21,2,9405,18810,30
10534,3479,231,1,6242,6242,39
10535,3479,250,2,4301,8602,44
10536,3479,83,1,8065,8065,0
10537,3479,446,1,9384,9384,37
10538,3480,138,1,6011,6011,47
10539,3481,406,1,8666,8666,40
10540,3481,315,1,5375,5375,37
10541,3481,433,1,1018,1018,1
10542,3482,487,2,1596,3192,13
10543,3483,474,2,6848,13696,5
10544,3483,201,2,1906,3812,22
10545,3484,36,2,3776,7552,11
10546,3484,328,1,1982,1982,8
10547,3484,288,1,6709,6709,23
10548,3485,341,2,1233,2466,4
10549,3485,320,1,4686,4686,28
10550,3485,351,1,8394,8394,45
10551,3485,293,2,3156,6312,49
10552,3485,162,1,7997,7997,18
10553,3486,114,1,8116,8116,18
10554,3487,261,1,8358,8358,3
10555,3487,105,2,2035,4070,14
10556,3487,292,2,9437,18874,10
10557,3488,60,1,8364,8364,4
10558,3489,208,1,9063,9063,49
10559,3489,404,2,5532,11064,42
10560,3489,263,2,7027,14054,8
10561,3490,159,1,5798,5798,48
10562,3490,340,2,6534,13068,39
10563,3491,255,2,6915,13830,21
10564,3491,323,2,3539,7078,36
10565,3491,321,2,7163,14326,21
10566,3492,348,1,9864,9864,35
10567,3493,319,2,5440,10880,12
10568,3494,282,2,132,264,7
10569,3494,151,1,9774,9774,15
10570,3494,355,1,3972,3972,19
10571,3494,93,2,8858,17716,39
10572,3495,340,1,6534,6534,11
10573,3495,119,1,703,703,38
10574,3495,6,2,9079,18158,26
10575,3495,103,2,3003,6006,44
10576,3495,295,2,9489,18978,37
10577,3496,185,2,9725,19450,12
10578,3497,345,1,6080,6080,31
10579,3497,322,1,8465,8465,45
10580,3497,341,2,1233,2466,45
10581,3497,272,1,9771,9771,47
10582,3497,141,1,5963,5963,43
10583,3498,252,2,2663,5326,47
10584,3498,11,2,6295,12590,23
10585,3498,125,1,4484,4484,40
10586,3498,193,2,2706,5412,3
10587,3499,497,1,6071,6071,41
10588,3499,2,1,1005,1005,25
10589,3499,13,2,2609,5218,9
10590,3499,485,1,2932,2932,16
10591,3499,2,2,1005,2010,9
10592,3500,137,2,9792,19584,41
10593,3500,310,1,1023,1023,11
10594,3501,346,1,8830,8830,48
10595,3501,2,2,1005,2010,0
10596,3501,397,2,9923,19846,40
10597,3502,154,2,2254,4508,19
10598,3502,252,1,2663,2663,42
10599,3503,266,1,1413,1413,25
10600,3504,31,1,6864,6864,3
10601,3504,72,1,4731,4731,41
10602,3504,334,1,7855,7855,5
10603,3504,200,2,994,1988,12
10604,3504,260,2,2313,4626,22
10605,3505,430,2,8207,16414,15
10606,3506,2,2,1005,2010,45
10607,3506,315,1,5375,5375,19
10608,3507,443,2,1814,3628,12
10609,3507,124,2,4127,8254,34
10610,3507,65,1,1575,1575,12
10611,3508,240,1,826,826,37
10612,3509,440,1,632,632,23
10613,3509,78,1,9614,9614,18
10614,3509,135,2,2784,5568,12
10615,3509,282,1,132,132,11
10616,3510,6,1,9079,9079,34
10617,3510,130,1,8697,8697,34
10618,3510,459,1,3610,3610,19
10619,3511,241,2,6358,12716,15
10620,3511,160,1,4753,4753,17
10621,3512,172,1,8206,8206,8
10622,3512,151,2,9774,19548,41
10623,3512,378,1,9971,9971,32
10624,3513,240,2,826,1652,17
10625,3513,44,2,7604,15208,9
10626,3513,71,1,1979,1979,28
10627,3513,252,1,2663,2663,37
10628,3513,319,2,5440,10880,2
10629,3514,193,1,2706,2706,38
10630,3514,88,1,1892,1892,38
10631,3514,115,1,901,901,13
10632,3514,90,2,5742,11484,15
10633,3515,257,2,1515,3030,8
10634,3515,233,2,7932,15864,17
10635,3515,147,2,4932,9864,1
10636,3515,296,1,4832,4832,40
10637,3516,310,1,1023,1023,16
10638,3517,139,1,6678,6678,27
10639,3517,446,1,9384,9384,41
10640,3517,134,2,433,866,7
10641,3518,133,2,4827,9654,16
10642,3518,327,1,4059,4059,17
10643,3518,59,2,3707,7414,48
10644,3519,249,2,3076,6152,41
10645,3519,28,2,3348,6696,2
10646,3519,268,2,8452,16904,17
10647,3520,319,2,5440,10880,0
10648,3520,217,2,6416,12832,13
10649,3520,316,2,2025,4050,45
10650,3520,242,2,959,1918,16
10651,3520,238,1,2253,2253,20
10652,3521,388,1,2920,2920,18
10653,3522,179,2,7886,15772,27
10654,3523,407,2,5041,10082,30
10655,3523,352,1,8327,8327,48
10656,3523,267,1,9802,9802,8
10657,3523,164,2,1863,3726,4
10658,3523,172,1,8206,8206,3
10659,3524,187,2,7902,15804,15
10660,3524,7,1,4344,4344,27
10661,3524,407,2,5041,10082,48
10662,3524,319,2,5440,10880,13
10663,3524,9,1,7261,7261,41
10664,3525,303,1,6559,6559,8
10665,3525,23,1,5151,5151,37
10666,3525,130,2,8697,17394,43
10667,3525,30,2,7952,15904,33
10668,3525,436,2,9749,19498,35
10669,3526,153,1,6657,6657,13
10670,3527,202,1,1340,1340,6
10671,3527,240,2,826,1652,22
10672,3527,11,1,6295,6295,12
10673,3527,75,2,5949,11898,21
10674,3528,63,2,226,452,10
10675,3528,468,1,1895,1895,3
10676,3528,373,2,5255,10510,45
10677,3528,421,2,1837,3674,25
10678,3528,418,2,8496,16992,35
10679,3529,395,1,4317,4317,7
10680,3529,398,1,6975,6975,26
10681,3529,402,2,724,1448,13
10682,3530,75,2,5949,11898,12
10683,3530,152,2,8703,17406,27
10684,3531,320,2,4686,9372,28
10685,3531,402,1,724,724,29
10686,3531,392,1,1069,1069,21
10687,3531,226,1,6844,6844,23
10688,3531,169,1,1711,1711,13
10689,3532,465,1,1200,1200,32
10690,3532,95,1,1920,1920,46
10691,3533,399,1,2348,2348,37
10692,3533,7,2,4344,8688,8
10693,3534,376,1,7229,7229,18
10694,3534,256,1,8015,8015,42
10695,3534,365,1,2532,2532,12
10696,3535,400,1,4939,4939,14
10697,3535,326,2,8014,16028,2
10698,3535,329,2,6394,12788,22
10699,3535,384,2,2886,5772,30
10700,3535,133,1,4827,4827,26
10701,3536,339,1,1062,1062,11
10702,3536,155,1,3414,3414,45
10703,3536,80,2,9998,19996,43
10704,3536,164,1,1863,1863,44
10705,3536,426,2,3669,7338,40
10706,3537,142,2,4451,8902,4
10707,3537,151,2,9774,19548,31
10708,3538,194,1,8080,8080,25
10709,3539,444,1,9635,9635,6
10710,3539,140,2,7936,15872,34
10711,3539,50,2,7706,15412,48
10712,3539,47,1,6006,6006,18
10713,3540,91,1,2426,2426,9
10714,3540,300,2,3824,7648,35
10715,3540,42,1,3798,3798,7
10716,3541,126,1,511,511,8
10717,3541,258,2,6742,13484,20
10718,3541,45,2,6000,12000,29
10719,3541,302,1,1386,1386,19
10720,3542,78,1,9614,9614,22
10721,3542,42,2,3798,7596,0
10722,3542,138,2,6011,12022,19
10723,3542,439,2,8872,17744,45
10724,3543,324,1,9564,9564,18
10725,3544,1,1,7383,7383,27
10726,3544,394,2,9264,18528,32
10727,3544,293,1,3156,3156,9
10728,3545,178,2,885,1770,27
10729,3546,120,1,458,458,48
10730,3546,328,1,1982,1982,44
10731,3546,475,1,2596,2596,24
10732,3546,44,2,7604,15208,23
10733,3546,53,2,493,986,30
10734,3547,39,2,569,1138,6
10735,3548,64,1,3594,3594,30
10736,3548,84,2,3374,6748,0
10737,3548,239,2,2008,4016,20
10738,3548,130,1,8697,8697,14
10739,3549,453,2,9440,18880,21
10740,3549,178,1,885,885,5
10741,3549,250,1,4301,4301,11
10742,3549,441,2,5608,11216,17
10743,3549,286,1,1335,1335,22
10744,3550,203,1,8865,8865,45
10745,3550,156,1,1080,1080,3
10746,3550,251,1,1127,1127,3
10747,3550,475,1,2596,2596,18
10748,3550,306,2,427,854,11
10749,3551,220,1,792,792,43
10750,3551,67,1,1386,1386,44
10751,3551,425,2,6302,12604,7
10752,3551,89,2,1967,3934,8
10753,3551,92,1,9153,9153,2
10754,3552,207,2,1145,2290,43
10755,3552,171,2,4878,9756,38
10756,3552,318,1,8576,8576,24
10757,3552,10,2,7504,15008,30
10758,3553,433,2,1018,2036,6
10759,3553,301,2,7201,14402,29
10760,3554,335,2,3595,7190,4
10761,3554,47,1,6006,6006,39
10762,3554,180,2,2762,5524,16
10763,3555,244,2,9563,19126,37
10764,3555,482,1,4129,4129,40
10765,3555,244,2,9563,19126,34
10766,3555,126,2,511,1022,24
10767,3555,201,2,1906,3812,11
10768,3556,3,1,810,810,5
10769,3556,193,2,2706,5412,2
10770,3556,430,1,8207,8207,41
10771,3557,153,2,6657,13314,29
10772,3557,318,1,8576,8576,34
10773,3557,341,1,1233,1233,29
10774,3557,483,1,5769,5769,9
10775,3558,255,1,6915,6915,28
10776,3558,61,2,6585,13170,42
10777,3558,189,2,7671,15342,32
10778,3558,410,1,1950,1950,44
10779,3558,289,1,6074,6074,39
10780,3559,365,2,2532,5064,2
10781,3559,366,1,3411,3411,8
10782,3559,64,2,3594,7188,31
10783,3560,375,1,9583,9583,6
10784,3560,361,1,1521,1521,48
10785,3560,465,2,1200,2400,31
10786,3560,97,1,2581,2581,26
10787,3561,205,1,4349,4349,3
10788,3561,135,2,2784,5568,28
10789,3561,1,2,7383,14766,29
10790,3561,372,2,1416,2832,3
10791,3562,141,2,5963,11926,1
10792,3562,381,2,1186,2372,5
10793,3563,429,2,9556,19112,45
10794,3563,435,2,1446,2892,2
10795,3563,105,1,2035,2035,27
10796,3564,155,1,3414,3414,23
10797,3564,273,2,9304,18608,44
10798,3564,234,2,3036,6072,13
10799,3564,338,2,8558,17116,15
10800,3565,171,2,4878,9756,17
10801,3565,251,1,1127,1127,17
10802,3565,96,1,7924,7924,25
10803,3565,278,1,4446,4446,32
10804,3565,52,2,4381,8762,28
10805,3566,454,1,412,412,49
10806,3566,217,2,6416,12832,28
10807,3566,159,1,5798,5798,20
10808,3566,442,1,5784,5784,13
10809,3566,296,2,4832,9664,7
10810,3567,447,2,2645,5290,18
10811,3567,148,2,5057,10114,11
10812,3567,176,1,6822,6822,47
10813,3568,81,1,5434,5434,38
10814,3568,414,2,7849,15698,32
10815,3568,480,2,802,1604,14
10816,3569,314,2,3186,6372,41
10817,3569,205,1,4349,4349,19
10818,3569,73,2,4792,9584,12
10819,3570,346,2,8830,17660,17
10820,3570,58,1,9175,9175,3
10821,3571,355,1,3972,3972,20
10822,3571,234,2,3036,6072,7
10823,3572,174,1,5394,5394,17
10824,3572,187,2,7902,15804,12
10825,3572,328,2,1982,3964,6
10826,3572,480,1,802,802,2
10827,3573,8,1,552,552,2
10828,3573,176,1,6822,6822,27
10829,3573,116,2,6777,13554,34
10830,3573,104,2,4304,8608,29
10831,3573,500,1,8459,8459,6
10832,3574,491,1,7872,7872,21
10833,3574,426,1,3669,3669,37
10834,3575,100,1,2808,2808,40
10835,3575,397,1,9923,9923,16
10836,3576,241,2,6358,12716,18
10837,3576,241,1,6358,6358,35
10838,3577,183,1,2684,2684,1
10839,3578,465,1,1200,1200,24
10840,3578,13,1,2609,2609,30
10841,3578,137,1,9792,9792,31
10842,3578,212,2,2125,4250,6
10843,3579,328,2,1982,3964,12
10844,3579,346,1,8830,8830,4
10845,3580,85,1,7726,7726,28
10846,3580,177,2,5567,11134,38
10847,3581,456,1,8667,8667,33
10848,3582,42,1,3798,3798,31
10849,3582,158,2,3155,6310,29
10850,3583,239,1,2008,2008,42
10851,3583,414,1,7849,7849,19
10852,3583,84,1,3374,3374,22
10853,3584,447,1,2645,2645,45
10854,3584,299,2,6735,13470,1
10855,3584,275,2,4126,8252,17
10856,3585,463,2,8313,16626,7
10857,3585,19,1,9031,9031,49
10858,3585,265,1,445,445,41
10859,3586,462,2,2010,4020,6
10860,3586,283,2,9977,19954,2
10861,3586,440,1,632,632,42
10862,3587,132,2,4597,9194,15
10863,3587,307,1,3734,3734,33
10864,3587,459,2,3610,7220,15
10865,3587,492,1,2978,2978,32
10866,3587,55,1,2603,2603,40
10867,3588,434,1,7634,7634,24
10868,3588,494,2,7434,14868,3
10869,3588,191,1,600,600,27
10870,3588,389,1,8169,8169,2
10871,3589,37,1,5974,5974,7
10872,3589,364,1,5032,5032,2
10873,3590,366,2,3411,6822,19
10874,3590,244,1,9563,9563,47
10875,3590,394,1,9264,9264,10
10876,3590,335,1,3595,3595,12
10877,3591,186,1,301,301,2
10878,3591,11,2,6295,12590,13
10879,3591,362,2,9032,18064,36
10880,3591,125,1,4484,4484,24
10881,3591,371,2,8364,16728,17
10882,3592,159,2,5798,11596,8
10883,3592,205,2,4349,8698,2
10884,3592,141,2,5963,11926,35
10885,3593,494,1,7434,7434,20
10886,3593,107,2,4996,9992,10
10887,3593,46,1,2736,2736,13
10888,3593,55,1,2603,2603,48
10889,3593,179,1,7886,7886,33
10890,3594,470,1,8803,8803,42
10891,3595,42,2,3798,7596,20
10892,3595,7,2,4344,8688,27
10893,3595,248,1,5140,5140,25
10894,3595,415,2,9335,18670,2
10895,3596,418,2,8496,16992,4
10896,3596,28,2,3348,6696,8
10897,3596,177,1,5567,5567,35
10898,3596,320,2,4686,9372,31
10899,3597,289,2,6074,12148,3
10900,3597,492,1,2978,2978,32
10901,3597,165,1,2804,2804,28
10902,3598,330,2,6169,12338,38
10903,3598,460,2,8795,17590,14
10904,3598,41,1,4365,4365,35
10905,3598,29,2,8365,16730,37
10906,3599,428,2,4566,9132,25
10907,3599,38,2,7964,15928,31
10908,3599,482,2,4129,8258,1
10909,3599,337,1,3014,3014,10
10910,3599,271,2,9332,18664,45
10911,3600,374,1,1359,1359,34
10912,3601,347,2,4055,8110,28
10913,3601,118,2,3022,6044,21
10914,3601,352,1,8327,8327,40
10915,3601,270,2,5974,11948,33
10916,3601,423,2,9274,18548,15
10917,3602,256,1,8015,8015,39
10918,3602,220,2,792,1584,5
10919,3602,211,2,8936,17872,36
10920,3602,395,2,4317,8634,13
10921,3602,57,2,2705,5410,6
10922,3603,345,1,6080,6080,35
10923,3603,184,1,2562,2562,46
10924,3603,493,1,674,674,44
10925,3604,374,1,1359,1359,43
10926,3604,248,1,5140,5140,40
10927,3604,37,2,5974,11948,16
10928,3604,250,1,4301,4301,28
10929,3605,30,1,7952,7952,31
10930,3606,116,1,6777,6777,25
10931,3606,295,1,9489,9489,40
10932,3606,367,1,7596,7596,32
10933,3606,435,1,1446,1446,5
10934,3607,153,1,6657,6657,1
10935,3607,332,2,9187,18374,42
10936,3607,137,2,9792,19584,48
10937,3607,77,1,2932,2932,11
10938,3608,188,1,1340,1340,23
10939,3608,60,1,8364,8364,26
10940,3609,450,1,2223,2223,20
10941,3609,278,1,4446,4446,37
10942,3609,429,2,9556,19112,12
10943,3609,156,1,1080,1080,41
10944,3609,54,1,5045,5045,46
10945,3610,233,2,7932,15864,26
10946,3610,248,1,5140,5140,47
10947,3610,386,1,7081,7081,40
10948,3610,430,2,8207,16414,7
10949,3610,361,1,1521,1521,38
10950,3611,352,2,8327,16654,28
10951,3611,170,1,5243,5243,22
10952,3611,267,1,9802,9802,6
10953,3612,30,2,7952,15904,15
10954,3612,303,1,6559,6559,8
10955,3612,270,2,5974,11948,15
10956,3612,210,1,2955,2955,27
10957,3612,328,2,1982,3964,31
10958,3613,414,2,7849,15698,35
10959,3613,134,2,433,866,42
10960,3614,296,1,4832,4832,0
10961,3615,202,1,1340,1340,44
10962,3615,269,1,8261,8261,45
10963,3616,20,2,7740,15480,27
10964,3616,79,2,7778,15556,3
10965,3616,365,1,2532,2532,4
10966,3616,233,2,7932,15864,38
10967,3616,407,1,5041,5041,48
10968,3617,326,1,8014,8014,25
10969,3617,498,2,5376,10752,45
10970,3617,320,2,4686,9372,40
10971,3617,163,2,1089,2178,3
10972,3617,424,2,8160,16320,23
10973,3618,304,2,5702,11404,2
10974,3618,152,1,8703,8703,5
10975,3618,340,1,6534,6534,12
10976,3618,66,1,3514,3514,31
10977,3619,11,1,6295,6295,45
10978,3619,192,2,8710,17420,35
10979,3619,428,1,4566,4566,25
10980,3619,76,1,1796,1796,17
10981,3619,312,1,1017,1017,20
10982,3620,105,1,2035,2035,24
10983,3620,351,1,8394,8394,31
10984,3620,378,2,9971,19942,27
10985,3621,386,1,7081,7081,15
10986,3621,446,2,9384,18768,25
10987,3621,2,2,1005,2010,38
10988,3621,294,1,2813,2813,13
10989,3621,88,1,1892,1892,19
10990,3622,46,1,2736,2736,0
10991,3622,447,2,2645,5290,34
10992,3622,220,2,792,1584,46
10993,3622,276,2,5653,11306,38
10994,3623,481,1,6701,6701,36
10995,3624,225,1,6279,6279,23
10996,3624,38,1,7964,7964,23
10997,3625,98,2,8801,17602,9
10998,3626,212,1,2125,2125,6
10999,3626,453,2,9440,18880,16
11000,3626,374,1,1359,1359,24
11001,3626,117,1,6431,6431,25
11002,3627,237,2,3798,7596,49
11003,3627,69,2,3379,6758,43
11004,3627,468,2,1895,3790,10
11005,3628,488,1,5080,5080,2
11006,3628,93,2,8858,17716,35
11007,3628,145,1,303,303,14
11008,3629,253,1,4985,4985,2
11009,3629,414,1,7849,7849,24
11010,3629,13,1,2609,2609,27
11011,3629,348,2,9864,19728,10
11012,3630,93,1,8858,8858,43
11013,3630,245,1,6825,6825,28
11014,3630,486,2,7644,15288,1
11015,3631,287,2,5220,10440,28
11016,3631,93,1,8858,8858,19
11017,3631,386,1,7081,7081,22
11018,3632,57,1,2705,2705,12
11019,3632,336,2,2077,4154,32
11020,3632,285,2,6960,13920,14
11021,3633,11,1,6295,6295,14
11022,3633,196,1,3348,3348,49
11023,3633,284,2,1327,2654,13
11024,3634,126,2,511,1022,38
11025,3634,131,1,6426,6426,17
11026,3634,318,2,8576,17152,30
11027,3634,173,2,7111,14222,46
11028,3635,262,1,7591,7591,45
11029,3635,453,2,9440,18880,11
11030,3635,333,1,4948,4948,21
11031,3635,368,1,2023,2023,30
11032,3635,58,2,9175,18350,11
11033,3636,367,2,7596,15192,42
11034,3636,26,2,4719,9438,24
11035,3637,189,1,7671,7671,47
11036,3637,447,2,2645,5290,6
11037,3637,155,1,3414,3414,35
11038,3637,381,2,1186,2372,4
11039,3637,187,1,7902,7902,16
11040,3638,279,1,8933,8933,18
11041,3638,31,1,6864,6864,49
11042,3638,245,2,6825,13650,30
11043,3639,174,2,5394,10788,12
11044,3639,224,1,6082,6082,32
11045,3639,368,1,2023,2023,2
11046,3639,250,2,4301,8602,26
11047,3639,161,2,8668,17336,26
11048,3640,96,1,7924,7924,26
11049,3640,319,1,5440,5440,42
11050,3640,391,2,7357,14714,15
11051,3641,322,1,8465,8465,17
11052,3641,317,2,3598,7196,38
11053,3641,333,1,4948,4948,32
11054,3641,323,1,3539,3539,39
11055,3641,331,2,8327,16654,29
11056,3642,339,2,1062,2124,19
11057,3642,475,1,2596,2596,38
11058,3642,235,2,931,1862,12
11059,3642,169,1,1711,1711,11
11060,3642,414,2,7849,15698,31
11061,3643,366,1,3411,3411,22
11062,3643,248,1,5140,5140,14
11063,3643,25,1,7208,7208,21
11064,3644,76,1,1796,1796,27
11065,3645,340,1,6534,6534,35
11066,3645,246,1,7060,7060,41
11067,3646,233,1,7932,7932,49
11068,3646,368,1,2023,2023,24
11069,3646,60,2,8364,16728,23
11070,3647,499,2,7189,14378,36
11071,3647,42,1,3798,3798,43
11072,3647,472,1,8141,8141,27
11073,3647,281,1,8327,8327,47
11074,3647,36,1,3776,3776,8
11075,3648,186,1,301,301,49
11076,3649,460,1,8795,8795,33
11077,3649,249,1,3076,3076,8
11078,3649,120,2,458,916,29
11079,3649,380,1,5037,5037,41
11080,3649,97,1,2581,2581,19
11081,3650,369,2,2604,5208,39
11082,3650,55,2,2603,5206,40
11083,3650,176,1,6822,6822,49
11084,3650,330,1,6169,6169,49
11085,3651,90,1,5742,5742,40
11086,3652,427,1,7939,7939,6
11087,3652,319,2,5440,10880,16
11088,3652,59,1,3707,3707,29
11089,3652,43,1,2257,2257,32
11090,3653,482,1,4129,4129,12
11091,3654,133,1,4827,4827,8
11092,3654,92,2,9153,18306,21
11093,3654,313,2,2105,4210,14
11094,3654,390,1,2081,2081,40
11095,3654,248,2,5140,10280,43
11096,3655,439,2,8872,17744,26
11097,3655,332,2,9187,18374,8
11098,3655,367,2,7596,15192,3
11099,3655,98,1,8801,8801,36
11100,3656,72,2,4731,9462,26
11101,3656,468,1,1895,1895,20
11102,3656,414,2,7849,15698,36
11103,3656,469,2,7584,15168,4
11104,3657,40,1,8004,8004,38
11105,3657,17,2,3755,7510,1
11106,3657,456,2,8667,17334,2
11107,3658,239,1,2008,2008,14
11108,3658,390,2,2081,4162,43
11109,3659,456,1,8667,8667,49
11110,3660,179,1,7886,7886,47
11111,3660,360,2,7936,15872,18
11112,3660,151,2,9774,19548,2
11113,3660,146,2,7549,15098,5
11114,3661,103,1,3003,3003,23
11115,3661,41,2,4365,8730,10
11116,3661,143,2,1092,2184,39
11117,3661,261,1,8358,8358,31
11118,3661,441,2,5608,11216,1
11119,3662,77,2,2932,5864,36
11120,3662,293,2,3156,6312,34
11121,3662,406,2,8666,17332,42
11122,3663,353,2,8490,16980,33
11123,3664,58,2,9175,18350,33
11124,3664,72,2,4731,9462,43
11125,3665,397,1,9923,9923,28
11126,3665,181,1,575,575,7
11127,3665,290,1,8108,8108,9
11128,3666,231,1,6242,6242,23
11129,3666,420,2,2612,5224,21
11130,3666,186,1,301,301,25
11131,3666,346,2,8830,17660,40
11132,3667,116,1,6777,6777,9
11133,3667,309,2,5432,10864,47
11134,3667,481,2,6701,13402,43
11135,3667,2,2,1005,2010,46
11136,3667,403,2,5297,10594,5
11137,3668,243,1,3767,3767,12
11138,3668,74,2,4264,8528,10
11139,3668,418,2,8496,16992,0
11140,3668,73,1,4792,4792,3
11141,3669,55,2,2603,5206,42
11142,3669,277,2,1812,3624,1
11143,3669,70,1,5334,5334,34
11144,3670,312,1,1017,1017,47
11145,3671,59,2,3707,7414,46
11146,3671,311,1,1370,1370,18
11147,3671,164,1,1863,1863,2
11148,3672,317,1,3598,3598,13
11149,3672,8,2,552,1104,10
11150,3673,287,1,5220,5220,41
11151,3674,88,1,1892,1892,44
11152,3674,287,1,5220,5220,15
11153,3674,462,2,2010,4020,46
11154,3674,119,1,703,703,37
11155,3675,90,2,5742,11484,29
11156,3676,131,1,6426,6426,26
11157,3676,49,1,4975,4975,35
11158,3676,251,1,1127,1127,25
11159,3676,480,1,802,802,37
11160,3676,3,1,810,810,3
11161,3677,277,2,1812,3624,48
11162,3678,306,2,427,854,14
11163,3678,347,1,4055,4055,24
11164,3678,169,2,1711,3422,41
11165,3679,60,2,8364,16728,7
11166,3679,276,1,5653,5653,44
11167,3679,366,2,3411,6822,0
11168,3679,422,1,2063,2063,15
11169,3680,418,1,8496,8496,44
11170,3681,231,2,6242,12484,26
11171,3681,225,2,6279,12558,9
11172,3682,27,1,4304,4304,15
11173,3682,483,1,5769,5769,11
11174,3682,337,2,3014,6028,7
11175,3682,428,2,4566,9132,4
11176,3683,236,1,5507,5507,12
11177,3683,61,1,6585,6585,30
11178,3683,121,1,9357,9357,25
11179,3683,85,2,7726,15452,23
11180,3683,210,1,2955,2955,48
11181,3684,72,1,4731,4731,28
11182,3685,337,1,3014,3014,49
11183,3685,180,1,2762,2762,35
11184,3685,143,2,1092,2184,3
11185,3686,113,2,8499,16998,24
11186,3686,245,2,6825,13650,12
11187,3686,66,1,3514,3514,37
11188,3686,447,1,2645,2645,40
11189,3686,154,1,2254,2254,6
11190,3687,248,2,5140,10280,38
11191,3688,44,2,7604,15208,2
11192,3688,372,1,1416,1416,13
11193,3688,393,1,5614,5614,0
11194,3689,199,2,9352,18704,46
11195,3690,420,1,2612,2612,27
11196,3690,1,1,7383,7383,31
11197,3690,383,2,3997,7994,7
11198,3690,133,1,4827,4827,22
11199,3691,491,1,7872,7872,48
11200,3691,85,1,7726,7726,38
11201,3691,366,2,3411,6822,45
11202,3691,27,1,4304,4304,48
11203,3691,405,2,7803,15606,4
11204,3692,343,1,6618,6618,6
11205,3693,434,1,7634,7634,47
11206,3693,260,2,2313,4626,29
11207,3693,39,1,569,569,5
11208,3694,499,1,7189,7189,36
11209,3694,151,1,9774,9774,10
11210,3694,161,1,8668,8668,39
11211,3694,486,2,7644,15288,10
11212,3694,231,2,6242,12484,44
11213,3695,130,1,8697,8697,27
11214,3695,460,2,8795,17590,31
11215,3695,39,2,569,1138,34
11216,3695,246,1,7060,7060,6
11217,3695,159,2,5798,11596,16
11218,3696,179,2,7886,15772,40
11219,3697,65,1,1575,1575,1
11220,3698,120,1,458,458,19
11221,3698,112,1,1365,1365,28
11222,3698,99,1,7480,7480,48
11223,3699,286,1,1335,1335,29
11224,3699,13,2,2609,5218,2
11225,3699,325,2,4425,8850,25
11226,3699,160,2,4753,9506,49
11227,3699,305,2,6459,12918,25
11228,3700,495,2,7826,15652,30
11229,3700,314,2,3186,6372,48
11230,3700,471,2,3454,6908,30
11231,3700,278,1,4446,4446,5
11232,3700,334,1,7855,7855,16
11233,3701,402,2,724,1448,29
11234,3701,25,1,7208,7208,17
11235,3701,161,1,8668,8668,3
11236,3701,243,2,3767,7534,24
11237,3701,327,1,4059,4059,29
11238,3702,154,2,2254,4508,38
11239,3702,487,1,1596,1596,14
11240,3702,181,2,575,1150,12
11241,3703,411,1,683,683,10
11242,3703,312,1,1017,1017,20
11243,3704,435,1,1446,1446,12
11244,3704,480,1,802,802,27
11245,3705,373,1,5255,5255,21
11246,3706,71,2,1979,3958,11
11247,3706,400,2,4939,9878,32
11248,3707,5,1,1375,1375,36
11249,3707,485,2,2932,5864,22
11250,3708,187,2,7902,15804,9
11251,3708,382,1,1765,1765,6
11252,3708,93,2,8858,17716,11
11253,3708,201,2,1906,3812,33
11254,3709,94,1,8136,8136,6
11255,3709,309,1,5432,5432,11
11256,3709,22,2,2507,5014,25
11257,3709,12,2,2033,4066,44
11258,3709,477,1,4434,4434,30
11259,3710,291,1,2599,2599,46
11260,3711,258,1,6742,6742,16
11261,3711,91,1,2426,2426,5
11262,3711,249,2,3076,6152,0
11263,3711,163,1,1089,1089,5
11264,3712,361,1,1521,1521,6
11265,3712,245,1,6825,6825,48
11266,3712,123,2,5979,11958,9
11267,3712,384,2,2886,5772,3
11268,3713,418,2,8496,16992,7
11269,3714,15,2,8230,16460,40
11270,3715,123,1,5979,5979,39
11271,3715,170,2,5243,10486,31
11272,3716,151,2,9774,19548,32
11273,3716,282,2,132,264,18
11274,3717,130,1,8697,8697,3
11275,3717,137,1,9792,9792,2
11276,3718,312,2,1017,2034,2
11277,3718,293,1,3156,3156,45
11278,3718,389,1,8169,8169,41
11279,3719,183,1,2684,2684,14
11280,3719,249,2,3076,6152,18
11281,3719,406,2,8666,17332,18
11282,3719,318,1,8576,8576,18
11283,3720,394,1,9264,9264,27
11284,3720,83,2,8065,16130,34
11285,3720,159,1,5798,5798,28
11286,3720,68,2,1393,2786,23
11287,3721,180,2,2762,5524,47
11288,3721,78,2,9614,19228,37
11289,3721,14,1,6673,6673,11
11290,3721,53,1,493,493,16
11291,3721,29,2,8365,16730,37
11292,3722,27,2,4304,8608,16
11293,3722,118,2,3022,6044,2
11294,3722,54,1,5045,5045,0
11295,3723,351,1,8394,8394,48
11296,3723,452,2,200,400,27
11297,3723,233,1,7932,7932,32
11298,3724,291,2,2599,5198,30
11299,3724,56,2,3520,7040,8
11300,3724,91,1,2426,2426,3
11301,3725,494,2,7434,14868,48
11302,3725,445,1,2069,2069,45
11303,3725,106,2,3151,6302,23
11304,3726,425,1,6302,6302,0
11305,3726,335,2,3595,7190,26
11306,3726,56,2,3520,7040,27
11307,3727,438,2,9722,19444,24
11308,3727,200,1,994,994,32
11309,3727,227,1,3371,3371,17
11310,3728,405,1,7803,7803,7
11311,3729,484,2,966,1932,3
11312,3729,241,2,6358,12716,30
11313,3729,477,2,4434,8868,21
11314,3729,179,2,7886,15772,18
11315,3730,124,1,4127,4127,13
11316,3730,196,1,3348,3348,43
11317,3730,448,1,2566,2566,30
11318,3731,6,1,9079,9079,34
11319,3731,467,1,989,989,35
11320,3731,256,2,8015,16030,14
11321,3732,325,2,4425,8850,37
11322,3733,145,1,303,303,25
11323,3733,284,1,1327,1327,33
11324,3733,98,2,8801,17602,48
11325,3733,466,2,4450,8900,29
11326,3733,23,2,5151,10302,26
11327,3734,44,2,7604,15208,45
11328,3734,207,2,1145,2290,31
11329,3735,363,2,5692,11384,46
11330,3735,433,2,1018,2036,46
11331,3736,294,1,2813,2813,30
11332,3737,423,2,9274,18548,31
11333,3737,59,2,3707,7414,9
11334,3737,466,1,4450,4450,48
11335,3737,66,1,3514,3514,13
11336,3738,448,2,2566,5132,11
11337,3738,407,1,5041,5041,4
11338,3738,40,1,8004,8004,8
11339,3738,321,2,7163,14326,9
11340,3739,205,2,4349,8698,36
11341,3739,480,1,802,802,8
11342,3739,235,2,931,1862,49
11343,3740,453,2,9440,18880,47
11344,3740,190,1,9154,9154,30
11345,3740,251,2,1127,2254,23
11346,3740,180,1,2762,2762,49
11347,3741,74,1,4264,4264,32
11348,3741,380,1,5037,5037,36
11349,3741,216,1,6829,6829,29
11350,3742,486,2,7644,15288,32
11351,3742,339,1,1062,1062,5
11352,3742,128,2,1065,2130,17
11353,3742,326,2,8014,16028,32
11354,3742,324,1,9564,9564,0
11355,3743,236,1,5507,5507,35
11356,3743,11,1,6295,6295,44
11357,3743,188,1,1340,1340,36
11358,3743,32,1,9159,9159,42
11359,3744,7,2,4344,8688,43
11360,3745,184,1,2562,2562,25
11361,3745,238,1,2253,2253,38
11362,3745,88,2,1892,3784,3
11363,3746,445,2,2069,4138,2
11364,3746,342,2,808,1616,7
11365,3746,500,2,8459,16918,17
11366,3746,306,2,427,854,18
11367,3747,90,1,5742,5742,48
11368,3747,301,2,7201,14402,14
11369,3747,250,1,4301,4301,22
11370,3747,388,2,2920,5840,26
11371,3748,411,1,683,683,0
11372,3749,85,2,7726,15452,4
11373,3749,42,1,3798,3798,29
11374,3749,26,2,4719,9438,5
11375,3749,287,1,5220,5220,11
11376,3750,105,2,2035,4070,15
11377,3750,463,2,8313,16626,25
11378,3751,162,1,7997,7997,46
11379,3751,269,2,8261,16522,4
11380,3751,368,1,2023,2023,17
11381,3751,276,1,5653,5653,27
11382,3751,149,2,6253,12506,20
11383,3752,63,2,226,452,39
11384,3752,254,1,8080,8080,1
11385,3753,352,2,8327,16654,46
11386,3753,472,1,8141,8141,43
11387,3753,181,1,575,575,24
11388,3753,464,1,626,626,20
11389,3753,99,1,7480,7480,43
11390,3754,441,1,5608,5608,27
11391,3754,314,1,3186,3186,47
11392,3755,24,1,1400,1400,42
11393,3755,34,2,4723,9446,49
11394,3755,231,1,6242,6242,39
11395,3755,482,2,4129,8258,2
11396,3756,296,1,4832,4832,21
11397,3756,298,2,7494,14988,49
11398,3756,317,2,3598,7196,30
11399,3757,322,1,8465,8465,26
11400,3757,151,1,9774,9774,30
11401,3758,52,1,4381,4381,49
11402,3758,137,1,9792,9792,39
11403,3759,127,1,803,803,0
11404,3759,172,1,8206,8206,24
11405,3759,108,2,1845,3690,45
11406,3760,104,1,4304,4304,12
11407,3760,62,2,7260,14520,29
11408,3760,241,2,6358,12716,35
11409,3761,77,1,2932,2932,20
11410,3761,146,2,7549,15098,2
11411,3761,46,1,2736,2736,29
11412,3761,271,1,9332,9332,25
11413,3762,326,1,8014,8014,17
11414,3762,277,2,1812,3624,2
11415,3762,482,2,4129,8258,11
11416,3763,415,2,9335,18670,3
11417,3763,105,1,2035,2035,12
11418,3763,5,2,1375,2750,9
11419,3763,24,1,1400,1400,34
11420,3763,478,2,7111,14222,44
11421,3764,320,1,4686,4686,26
11422,3765,37,1,5974,5974,36
11423,3766,463,2,8313,16626,13
11424,3766,266,1,1413,1413,38
11425,3766,55,1,2603,2603,42
11426,3767,23,1,5151,5151,47
11427,3767,486,2,7644,15288,14
11428,3767,221,2,3953,7906,4
11429,3768,274,2,514,1028,30
11430,3768,160,2,4753,9506,18
11431,3768,355,1,3972,3972,7
11432,3768,493,2,674,1348,5
11433,3768,214,1,9847,9847,47
11434,3769,333,1,4948,4948,44
11435,3770,303,1,6559,6559,0
11436,3770,108,2,1845,3690,36
11437,3770,245,2,6825,13650,47
11438,3770,224,1,6082,6082,16
11439,3771,445,2,2069,4138,47
11440,3772,195,1,527,527,22
11441,3772,283,1,9977,9977,14
11442,3772,215,2,1100,2200,42
11443,3773,106,2,3151,6302,42
11444,3773,23,1,5151,5151,0
11445,3774,393,1,5614,5614,40
11446,3774,326,2,8014,16028,42
11447,3775,154,1,2254,2254,22
11448,3775,13,2,2609,5218,37
11449,3775,478,1,7111,7111,44
11450,3776,235,1,931,931,30
11451,3776,9,2,7261,14522,26
11452,3776,489,1,4052,4052,30
11453,3776,272,1,9771,9771,13
11454,3777,306,1,427,427,28
11455,3777,485,2,2932,5864,13
11456,3777,169,1,1711,1711,45
11457,3777,359,1,134,134,8
11458,3777,357,2,1901,3802,18
11459,3778,382,2,1765,3530,19
11460,3778,413,2,7682,15364,21
11461,3778,191,1,600,600,41
11462,3778,76,1,1796,1796,16
11463,3778,272,2,9771,19542,6
11464,3779,412,2,2577,5154,48
11465,3780,180,1,2762,2762,7
11466,3781,473,2,444,888,39
11467,3781,498,2,5376,10752,5
11468,3781,287,1,5220,5220,38
11469,3782,27,1,4304,4304,18
11470,3782,463,1,8313,8313,31
11471,3783,355,1,3972,3972,37
11472,3783,221,2,3953,7906,41
11473,3783,139,1,6678,6678,35
11474,3783,224,2,6082,12164,28
11475,3784,165,2,2804,5608,1
11476,3784,144,1,952,952,42
11477,3784,144,2,952,1904,5
11478,3784,241,1,6358,6358,5
11479,3784,166,2,1767,3534,21
11480,3785,227,1,3371,3371,43
11481,3785,213,1,1327,1327,22
11482,3785,395,2,4317,8634,8
11483,3785,283,1,9977,9977,36
11484,3786,155,2,3414,6828,10
11485,3787,156,2,1080,2160,32
11486,3787,316,1,2025,2025,49
11487,3787,362,1,9032,9032,42
11488,3787,157,1,8682,8682,1
11489,3787,385,1,3416,3416,39
11490,3788,275,1,4126,4126,5
11491,3788,380,1,5037,5037,5
11492,3788,41,1,4365,4365,23
11493,3789,292,2,9437,18874,17
11494,3790,415,1,9335,9335,26
11495,3790,463,2,8313,16626,12
11496,3790,135,1,2784,2784,26
11497,3790,248,2,5140,10280,17
11498,3791,233,1,7932,7932,25
11499,3791,258,2,6742,13484,41
11500,3792,279,1,8933,8933,8
11501,3792,293,2,3156,6312,7
11502,3792,117,1,6431,6431,48
11503,3793,154,2,2254,4508,7
11504,3794,364,2,5032,10064,22
11505,3795,104,2,4304,8608,46
11506,3795,239,1,2008,2008,47
11507,3795,226,1,6844,6844,49
11508,3795,342,2,808,1616,29
11509,3795,268,1,8452,8452,10
11510,3796,116,1,6777,6777,17
11511,3797,333,1,4948,4948,36
11512,3797,489,2,4052,8104,35
11513,3797,88,1,1892,1892,35
11514,3797,349,2,9083,18166,27
11515,3798,363,1,5692,5692,0
11516,3798,486,2,7644,15288,48
11517,3798,338,1,8558,8558,15
11518,3798,149,2,6253,12506,7
11519,3798,448,1,2566,2566,13
11520,3799,175,2,8190,16380,19
11521,3799,460,2,8795,17590,6
11522,3799,305,1,6459,6459,3
11523,3799,385,1,3416,3416,16
11524,3800,35,2,532,1064,36
11525,3800,321,1,7163,7163,33
11526,3800,135,2,2784,5568,8
11527,3801,206,2,6328,12656,4
11528,3801,432,1,5619,5619,34
11529,3801,85,1,7726,7726,13
11530,3802,65,1,1575,1575,33
11531,3802,292,1,9437,9437,23
11532,3802,465,2,1200,2400,5
11533,3802,229,2,6873,13746,41
11534,3802,189,1,7671,7671,45
11535,3803,451,2,6416,12832,27
11536,3804,98,2,8801,17602,14
11537,3804,438,1,9722,9722,23
11538,3804,327,2,4059,8118,4
11539,3804,259,2,4256,8512,8
11540,3805,192,2,8710,17420,35
11541,3805,320,1,4686,4686,47
11542,3806,103,2,3003,6006,21
11543,3807,220,1,792,792,4
11544,3807,469,2,7584,15168,39
11545,3807,408,1,1506,1506,7
11546,3807,359,1,134,134,25
11547,3807,298,1,7494,7494,22
11548,3808,42,2,3798,7596,16
11549,3808,312,1,1017,1017,2
11550,3809,409,2,3636,7272,4
11551,3809,363,1,5692,5692,26
11552,3809,4,1,3526,3526,11
11553,3810,186,1,301,301,23
11554,3810,290,1,8108,8108,40
11555,3810,310,2,1023,2046,47
11556,3811,482,2,4129,8258,0
11557,3811,151,2,9774,19548,11
11558,3812,115,1,901,901,20
11559,3812,164,1,1863,1863,32
11560,3812,235,2,931,1862,32
11561,3813,346,2,8830,17660,30
11562,3813,220,2,792,1584,35
11563,3813,280,2,598,1196,34
11564,3813,310,2,1023,2046,48
11565,3814,143,2,1092,2184,21
11566,3814,336,2,2077,4154,5
11567,3814,414,1,7849,7849,10
11568,3815,273,2,9304,18608,32
11569,3815,376,2,7229,14458,47
11570,3815,420,2,2612,5224,12
11571,3815,45,2,6000,12000,26
11572,3816,434,1,7634,7634,7
11573,3816,99,1,7480,7480,13
11574,3816,336,1,2077,2077,47
11575,3816,99,2,7480,14960,2
11576,3816,101,1,8481,8481,26
11577,3817,149,2,6253,12506,41
11578,3817,141,2,5963,11926,11
11579,3817,245,2,6825,13650,24
11580,3817,153,1,6657,6657,21
11581,3817,329,2,6394,12788,11
11582,3818,4,2,3526,7052,19
11583,3818,463,2,8313,16626,25
11584,3818,297,2,1490,2980,25
11585,3818,35,2,532,1064,27
11586,3818,47,1,6006,6006,29
11587,3819,352,1,8327,8327,37
11588,3819,259,1,4256,4256,34
11589,3820,498,1,5376,5376,22
11590,3820,495,2,7826,15652,33
11591,3820,198,2,2082,4164,40
11592,3820,489,1,4052,4052,48
11593,3820,189,1,7671,7671,48
11594,3821,315,2,5375,10750,26
11595,3822,56,1,3520,3520,6
11596,3822,33,2,2531,5062,15
11597,3822,422,1,2063,2063,47
11598,3823,375,2,9583,19166,23
11599,3823,342,2,808,1616,39
11600,3823,49,1,4975,4975,40
11601,3824,338,2,8558,17116,20
11602,3824,128,1,1065,1065,39
11603,3825,426,2,3669,7338,23
11604,3825,330,1,6169,6169,34
11605,3825,438,1,9722,9722,33
11606,3825,383,1,3997,3997,20
11607,3826,334,1,7855,7855,46
11608,3826,460,1,8795,8795,17
11609,3827,123,2,5979,11958,27
11610,3827,269,1,8261,8261,11
11611,3828,346,2,8830,17660,0
11612,3828,329,1,6394,6394,33
11613,3828,8,2,552,1104,19
11614,3828,471,1,3454,3454,1
11615,3829,316,1,2025,2025,13
11616,3829,466,2,4450,8900,34
11617,3829,34,1,4723,4723,22
11618,3829,55,1,2603,2603,35
11619,3829,291,1,2599,2599,46
11620,3830,144,2,952,1904,5
11621,3830,412,2,2577,5154,8
11622,3830,470,1,8803,8803,36
11623,3830,400,2,4939,9878,26
11624,3831,281,2,8327,16654,0
11625,3831,78,2,9614,19228,13
11626,3831,343,2,6618,13236,27
11627,3832,162,1,7997,7997,48
11628,3832,12,1,2033,2033,17
11629,3832,230,2,1378,2756,13
11630,3832,475,1,2596,2596,20
11631,3833,341,2,1233,2466,9
11632,3833,309,2,5432,10864,29
11633,3833,130,1,8697,8697,41
11634,3834,43,1,2257,2257,31
11635,3834,484,2,966,1932,1
11636,3834,406,1,8666,8666,21
11637,3834,491,2,7872,15744,13
11638,3835,148,2,5057,10114,19
11639,3835,85,1,7726,7726,25
11640,3836,356,1,7623,7623,25
11641,3837,57,1,2705,2705,20
11642,3837,451,1,6416,6416,3
11643,3837,46,1,2736,2736,7
11644,3837,63,2,226,452,20
11645,3837,311,1,1370,1370,25
11646,3838,294,1,2813,2813,19
11647,3838,288,2,6709,13418,23
11648,3838,29,2,8365,16730,47
11649,3838,378,2,9971,19942,30
11650,3839,98,1,8801,8801,49
11651,3839,193,2,2706,5412,3
11652,3839,486,2,7644,15288,40
11653,3840,433,1,1018,1018,17
11654,3840,412,1,2577,2577,20
11655,3840,27,2,4304,8608,41
11656,3840,412,2,2577,5154,35
11657,3841,1,2,7383,14766,26
11658,3841,102,1,7997,7997,13
11659,3841,455,2,6367,12734,26
11660,3841,147,1,4932,4932,31
11661,3842,464,1,626,626,48
11662,3843,146,1,7549,7549,37
11663,3844,36,2,3776,7552,45
11664,3844,228,1,3377,3377,27
11665,3845,68,2,1393,2786,25
11666,3846,213,1,1327,1327,44
11667,3846,267,2,9802,19604,27
11668,3846,387,2,9763,19526,47
11669,3846,199,2,9352,18704,7
11670,3846,168,2,2126,4252,27
11671,3847,44,1,7604,7604,12
11672,3847,500,1,8459,8459,0
11673,3847,322,2,8465,16930,43
11674,3847,276,2,5653,11306,12
11675,3848,217,2,6416,12832,2
11676,3848,6,2,9079,18158,27
11677,3849,469,1,7584,7584,34
11678,3849,455,1,6367,6367,30
11679,3849,177,2,5567,11134,5
11680,3849,138,1,6011,6011,6
11681,3849,39,1,569,569,16
11682,3850,226,2,6844,13688,18
11683,3850,84,2,3374,6748,19
11684,3850,73,2,4792,9584,31
11685,3851,94,1,8136,8136,38
11686,3851,35,1,532,532,11
11687,3851,413,1,7682,7682,16
11688,3852,327,2,4059,8118,43
11689,3852,497,1,6071,6071,21
11690,3852,232,1,4005,4005,14
11691,3852,423,2,9274,18548,15
11692,3852,254,1,8080,8080,47
11693,3853,169,1,1711,1711,14
11694,3853,284,2,1327,2654,19
11695,3854,157,2,8682,17364,26
11696,3854,365,1,2532,2532,2
11697,3854,443,2,1814,3628,9
11698,3855,31,1,6864,6864,16
11699,3855,348,2,9864,19728,23
11700,3855,104,1,4304,4304,11
11701,3855,20,2,7740,15480,14
11702,3855,419,1,6185,6185,16
11703,3856,51,1,4970,4970,10
11704,3856,146,1,7549,7549,21
11705,3856,153,2,6657,13314,38
11706,3857,45,1,6000,6000,3
11707,3857,261,2,8358,16716,40
11708,3857,348,2,9864,19728,21
11709,3857,362,2,9032,18064,18
11710,3858,46,2,2736,5472,18
11711,3859,194,1,8080,8080,37
11712,3859,192,2,8710,17420,5
11713,3860,328,2,1982,3964,13
11714,3860,16,2,6789,13578,3
11715,3860,265,1,445,445,14
11716,3860,230,1,1378,1378,8
11717,3860,10,1,7504,7504,24
11718,3861,93,1,8858,8858,46
11719,3861,383,1,3997,3997,22
11720,3862,353,2,8490,16980,34
11721,3862,102,2,7997,15994,24
11722,3862,380,2,5037,10074,14
11723,3863,95,1,1920,1920,39
11724,3863,266,1,1413,1413,45
11725,3863,328,1,1982,1982,4
11726,3863,273,1,9304,9304,49
11727,3864,164,1,1863,1863,14
11728,3864,144,1,952,952,45
11729,3864,280,2,598,1196,13
11730,3865,285,2,6960,13920,8
11731,3865,83,1,8065,8065,30
11732,3865,278,1,4446,4446,2
11733,3865,116,1,6777,6777,12
11734,3866,90,1,5742,5742,14
11735,3866,47,1,6006,6006,11
11736,3867,271,1,9332,9332,26
11737,3867,5,2,1375,2750,2
11738,3867,101,1,8481,8481,49
11739,3867,172,2,8206,16412,15
11740,3867,406,1,8666,8666,2
11741,3868,9,2,7261,14522,10
11742,3868,44,1,7604,7604,38
11743,3868,383,2,3997,7994,31
11744,3868,385,2,3416,6832,20
11745,3868,36,1,3776,3776,23
11746,3869,170,2,5243,10486,34
11747,3869,448,2,2566,5132,30
11748,3870,364,2,5032,10064,10
11749,3870,321,1,7163,7163,42
11750,3871,426,1,3669,3669,20
11751,3871,248,1,5140,5140,23
11752,3872,389,1,8169,8169,33
11753,3872,440,1,632,632,13
11754,3872,192,2,8710,17420,8
11755,3872,274,1,514,514,42
11756,3872,312,2,1017,2034,7
11757,3873,355,2,3972,7944,12
11758,3873,173,1,7111,7111,23
11759,3873,141,1,5963,5963,43
11760,3873,18,2,4166,8332,5
11761,3874,493,2,674,1348,19
11762,3874,198,1,2082,2082,0
11763,3874,305,1,6459,6459,30
11764,3874,407,2,5041,10082,43
11765,3875,246,2,7060,14120,25
11766,3876,62,1,7260,7260,22
11767,3876,330,2,6169,12338,28
11768,3877,342,2,808,1616,21
11769,3877,2,2,1005,2010,48
11770,3877,267,2,9802,19604,45
11771,3877,149,2,6253,12506,11
11772,3878,436,2,9749,19498,11
11773,3878,270,2,5974,11948,41
11774,3878,4,2,3526,7052,40
11775,3879,130,2,8697,17394,38
11776,3879,249,2,3076,6152,22
11777,3879,109,1,7744,7744,21
11778,3879,323,1,3539,3539,45
11779,3879,393,2,5614,11228,32
11780,3880,232,1,4005,4005,5
11781,3880,62,1,7260,7260,23
11782,3880,440,2,632,1264,9
11783,3880,320,1,4686,4686,5
11784,3880,436,1,9749,9749,34
11785,3881,390,1,2081,2081,32
11786,3882,141,2,5963,11926,42
11787,3882,247,2,5807,11614,12
11788,3882,46,2,2736,5472,48
11789,3882,81,1,5434,5434,15
11790,3883,51,1,4970,4970,32
11791,3883,205,1,4349,4349,26
11792,3883,427,2,7939,15878,14
11793,3883,178,1,885,885,49
11794,3884,164,1,1863,1863,44
11795,3884,297,1,1490,1490,24
11796,3884,269,2,8261,16522,48
11797,3884,22,1,2507,2507,43
11798,3885,34,2,4723,9446,24
11799,3885,114,2,8116,16232,46
11800,3886,124,1,4127,4127,10
11801,3886,83,1,8065,8065,45
11802,3886,14,2,6673,13346,28
11803,3886,104,2,4304,8608,41
11804,3887,280,2,598,1196,10
11805,3887,275,2,4126,8252,44
11806,3888,233,2,7932,15864,28
11807,3889,52,1,4381,4381,4
11808,3890,470,1,8803,8803,16
11809,3890,154,1,2254,2254,26
11810,3890,10,1,7504,7504,3
11811,3890,317,1,3598,3598,10
11812,3891,194,1,8080,8080,38
11813,3891,321,1,7163,7163,12
11814,3891,352,1,8327,8327,10
11815,3892,479,2,4003,8006,11
11816,3892,295,2,9489,18978,39
11817,3893,384,2,2886,5772,25
11818,3893,495,1,7826,7826,48
11819,3894,387,1,9763,9763,35
11820,3894,194,1,8080,8080,43
11821,3894,125,1,4484,4484,44
11822,3894,214,2,9847,19694,17
11823,3894,275,1,4126,4126,5
11824,3895,415,1,9335,9335,35
11825,3896,24,2,1400,2800,39
11826,3896,258,2,6742,13484,3
11827,3896,277,2,1812,3624,49
11828,3896,383,2,3997,7994,16
11829,3897,103,1,3003,3003,12
11830,3897,392,2,1069,2138,37
11831,3898,496,1,816,816,24
11832,3898,434,2,7634,15268,41
11833,3898,197,2,1979,3958,32
11834,3898,263,2,7027,14054,10
11835,3899,190,2,9154,18308,41
11836,3900,27,2,4304,8608,44
11837,3901,168,1,2126,2126,33
11838,3902,35,1,532,532,7
11839,3902,355,2,3972,7944,48
11840,3902,479,1,4003,4003,24
11841,3902,464,1,626,626,3
11842,3903,277,1,1812,1812,12
11843,3903,79,1,7778,7778,47
11844,3903,188,1,1340,1340,11
11845,3904,87,2,5931,11862,21
11846,3904,194,2,8080,16160,31
11847,3904,225,1,6279,6279,26
11848,3904,299,2,6735,13470,10
11849,3905,286,2,1335,2670,29
11850,3906,87,1,5931,5931,13
11851,3906,400,1,4939,4939,40
11852,3906,126,2,511,1022,42
11853,3906,81,1,5434,5434,26
11854,3907,291,2,2599,5198,18
11855,3908,144,2,952,1904,27
11856,3908,248,1,5140,5140,2
11857,3908,245,2,6825,13650,36
11858,3909,20,2,7740,15480,14
11859,3909,31,1,6864,6864,5
11860,3909,144,1,952,952,22
11861,3909,196,1,3348,3348,9
11862,3909,7,1,4344,4344,37
11863,3910,159,2,5798,11596,20
11864,3910,281,2,8327,16654,44
11865,3911,217,1,6416,6416,24
11866,3911,430,1,8207,8207,33
11867,3911,304,2,5702,11404,15
11868,3912,8,1,552,552,4
11869,3912,489,2,4052,8104,1
11870,3912,20,2,7740,15480,45
11871,3913,364,2,5032,10064,37
11872,3913,315,2,5375,10750,2
11873,3913,386,2,7081,14162,25
11874,3914,135,2,2784,5568,15
11875,3915,204,1,5332,5332,15
11876,3916,245,1,6825,6825,3
11877,3916,50,2,7706,15412,42
11878,3916,29,2,8365,16730,17
11879,3916,62,2,7260,14520,47
11880,3916,381,2,1186,2372,15
11881,3917,379,2,288,576,4
11882,3917,195,2,527,1054,24
11883,3917,81,2,5434,10868,12
11884,3917,96,2,7924,15848,14
11885,3918,165,1,2804,2804,7
11886,3918,108,1,1845,1845,12
11887,3918,225,1,6279,6279,3
11888,3918,244,1,9563,9563,42
11889,3918,475,1,2596,2596,28
11890,3919,18,2,4166,8332,35
11891,3920,278,2,4446,8892,17
11892,3921,155,2,3414,6828,29
11893,3921,26,2,4719,9438,30
11894,3921,398,1,6975,6975,16
11895,3921,294,2,2813,5626,7
11896,3922,326,1,8014,8014,48
11897,3922,40,1,8004,8004,3
11898,3922,166,2,1767,3534,23
11899,3922,184,2,2562,5124,49
11900,3923,105,1,2035,2035,19
11901,3923,158,1,3155,3155,22
11902,3923,126,2,511,1022,30
11903,3923,34,2,4723,9446,39
11904,3924,487,2,1596,3192,9
11905,3924,81,2,5434,10868,34
11906,3925,404,2,5532,11064,13
11907,3925,118,2,3022,6044,15
11908,3925,362,2,9032,18064,14
11909,3925,143,2,1092,2184,22
11910,3925,419,2,6185,12370,8
11911,3926,442,2,5784,11568,32
11912,3926,69,2,3379,6758,18
11913,3926,146,2,7549,15098,44
11914,3926,108,2,1845,3690,5
11915,3927,480,1,802,802,31
11916,3927,237,2,3798,7596,9
11917,3928,27,2,4304,8608,7
11918,3928,424,1,8160,8160,7
11919,3928,399,1,2348,2348,8
11920,3929,12,1,2033,2033,40
11921,3929,232,1,4005,4005,22
11922,3930,24,1,1400,1400,13
11923,3930,385,1,3416,3416,9
11924,3930,416,1,1795,1795,27
11925,3930,447,2,2645,5290,5
11926,3931,3,1,810,810,29
11927,3931,242,2,959,1918,18
11928,3931,419,2,6185,12370,27
11929,3931,491,1,7872,7872,24
11930,3932,35,2,532,1064,16
11931,3933,139,2,6678,13356,35
11932,3934,186,2,301,602,26
11933,3934,80,1,9998,9998,9
11934,3935,267,1,9802,9802,23
11935,3935,99,2,7480,14960,13
11936,3936,207,2,1145,2290,27
11937,3937,293,1,3156,3156,3
11938,3937,290,1,8108,8108,10
11939,3938,268,1,8452,8452,24
11940,3938,154,1,2254,2254,7
11941,3938,145,1,303,303,20
11942,3939,290,1,8108,8108,44
11943,3939,363,1,5692,5692,36
11944,3940,5,1,1375,1375,32
11945,3940,401,1,2493,2493,45
11946,3940,167,1,7276,7276,3
11947,3941,138,1,6011,6011,36
11948,3941,240,2,826,1652,27
11949,3942,108,1,1845,1845,14
11950,3942,424,1,8160,8160,40
11951,3942,286,1,1335,1335,44
11952,3942,411,2,683,1366,36
11953,3942,362,2,9032,18064,23
11954,3943,297,1,1490,1490,26
11955,3944,448,2,2566,5132,35
11956,3944,65,1,1575,1575,27
11957,3944,156,2,1080,2160,22
11958,3944,383,2,3997,7994,17
11959,3945,500,1,8459,8459,13
11960,3945,254,1,8080,8080,48
11961,3945,493,2,674,1348,42
11962,3945,394,2,9264,18528,8
11963,3945,5,2,1375,2750,30
11964,3946,427,1,7939,7939,21
11965,3946,347,1,4055,4055,43
11966,3946,314,2,3186,6372,17
11967,3947,63,1,226,226,33
11968,3947,156,2,1080,2160,9
11969,3947,7,1,4344,4344,10
11970,3948,175,2,8190,16380,3
11971,3949,436,2,9749,19498,8
11972,3949,67,1,1386,1386,30
11973,3949,438,1,9722,9722,37
11974,3950,455,1,6367,6367,2
11975,3950,114,1,8116,8116,33
11976,3950,191,1,600,600,3
11977,3950,476,1,1509,1509,18
11978,3951,39,1,569,569,44
11979,3951,291,1,2599,2599,33
11980,3952,225,1,6279,6279,21
11981,3952,370,1,2338,2338,20
11982,3952,211,1,8936,8936,28
11983,3953,185,1,9725,9725,14
11984,3953,59,1,3707,3707,17
11985,3953,264,1,2992,2992,0
11986,3953,282,1,132,132,33
11987,3953,124,2,4127,8254,44
11988,3954,152,1,8703,8703,39
11989,3954,290,2,8108,16216,4
11990,3954,493,1,674,674,11
11991,3955,468,2,1895,3790,5
11992,3955,167,2,7276,14552,10
11993,3956,335,1,3595,3595,14
11994,3956,486,2,7644,15288,41
11995,3956,205,2,4349,8698,26
11996,3956,459,1,3610,3610,12
11997,3957,365,2,2532,5064,49
11998,3957,190,1,9154,9154,7
11999,3958,323,2,3539,7078,15
12000,3958,310,2,1023,2046,31
12001,3958,77,1,2932,2932,3
12002,3958,173,1,7111,7111,37
12003,3959,361,2,1521,3042,1
12004,3959,285,2,6960,13920,0
12005,3959,417,2,5478,10956,11
12006,3959,191,1,600,600,27
12007,3960,49,1,4975,4975,35
12008,3960,363,1,5692,5692,46
12009,3960,32,1,9159,9159,22
12010,3961,430,2,8207,16414,22
12011,3961,460,1,8795,8795,41
12012,3961,138,1,6011,6011,3
12013,3961,139,1,6678,6678,45
12014,3961,278,1,4446,4446,29
12015,3962,216,1,6829,6829,42
12016,3962,71,2,1979,3958,27
12017,3962,78,2,9614,19228,41
12018,3963,406,2,8666,17332,1
12019,3964,365,2,2532,5064,35
12020,3964,85,2,7726,15452,16
12021,3964,381,1,1186,1186,35
12022,3964,383,2,3997,7994,15
12023,3964,96,2,7924,15848,6
12024,3965,76,1,1796,1796,19
12025,3965,124,1,4127,4127,18
12026,3965,402,2,724,1448,45
12027,3965,153,1,6657,6657,44
12028,3965,46,2,2736,5472,40
12029,3966,257,1,1515,1515,37
12030,3967,165,2,2804,5608,10
12031,3967,468,1,1895,1895,15
12032,3968,216,1,6829,6829,42
12033,3968,109,2,7744,15488,40
12034,3969,275,2,4126,8252,25
12035,3969,331,2,8327,16654,22
12036,3969,308,1,9878,9878,28
12037,3970,361,1,1521,1521,20
12038,3970,79,2,7778,15556,12
12039,3970,481,2,6701,13402,19
12040,3971,387,1,9763,9763,45
12041,3971,158,2,3155,6310,32
12042,3971,386,1,7081,7081,18
12043,3971,398,2,6975,13950,31
12044,3971,303,1,6559,6559,8
12045,3972,459,1,3610,3610,26
12046,3972,21,1,9405,9405,35
12047,3972,362,2,9032,18064,26
12048,3972,169,2,1711,3422,32
12049,3973,350,2,2023,4046,39
12050,3974,191,1,600,600,42
12051,3974,473,1,444,444,31
12052,3974,17,2,3755,7510,23
12053,3975,452,1,200,200,14
12054,3975,338,2,8558,17116,37
12055,3976,245,1,6825,6825,42
12056,3976,58,1,9175,9175,11
12057,3977,132,2,4597,9194,34
12058,3977,370,1,2338,2338,36
12059,3977,297,1,1490,1490,49
12060,3978,246,1,7060,7060,31
12061,3978,354,2,6624,13248,10
12062,3978,383,1,3997,3997,37
12063,3978,318,1,8576,8576,20
12064,3978,371,2,8364,16728,18
12065,3979,164,2,1863,3726,26
12066,3980,476,1,1509,1509,15
12067,3981,278,1,4446,4446,48
12068,3981,254,2,8080,16160,18
12069,3981,153,2,6657,13314,34
12070,3982,37,2,5974,11948,27
12071,3982,253,2,4985,9970,19
12072,3982,147,2,4932,9864,17
12073,3983,481,2,6701,13402,41
12074,3983,14,2,6673,13346,31
12075,3983,233,2,7932,15864,34
12076,3983,143,2,1092,2184,27
12077,3983,325,1,4425,4425,43
12078,3984,210,2,2955,5910,27
12079,3984,39,2,569,1138,42
12080,3984,460,2,8795,17590,8
12081,3984,52,1,4381,4381,35
12082,3984,306,2,427,854,10
12083,3985,29,1,8365,8365,12
12084,3986,344,1,7129,7129,15
12085,3986,316,1,2025,2025,17
12086,3987,38,1,7964,7964,46
12087,3987,84,2,3374,6748,5
12088,3987,250,2,4301,8602,12
12089,3988,51,1,4970,4970,32
12090,3988,60,2,8364,16728,27
12091,3988,430,1,8207,8207,43
12092,3988,154,1,2254,2254,41
12093,3988,167,2,7276,14552,42
12094,3989,293,2,3156,6312,46
12095,3989,341,2,1233,2466,14
12096,3990,480,1,802,802,0
12097,3990,435,2,1446,2892,20
12098,3990,39,2,569,1138,32
12099,3990,311,2,1370,2740,3
12100,3990,120,1,458,458,26
12101,3991,239,2,2008,4016,47
12102,3991,60,1,8364,8364,9
12103,3991,239,2,2008,4016,38
12104,3991,434,1,7634,7634,16
12105,3992,46,1,2736,2736,20
12106,3992,240,1,826,826,49
12107,3992,170,2,5243,10486,11
12108,3993,407,1,5041,5041,2
12109,3993,229,2,6873,13746,29
12110,3993,255,1,6915,6915,10
12111,3994,488,1,5080,5080,18
12112,3994,157,1,8682,8682,19
12113,3994,11,1,6295,6295,0
12114,3994,337,1,3014,3014,2
12115,3994,189,1,7671,7671,13
12116,3995,252,1,2663,2663,38
12117,3995,96,1,7924,7924,6
12118,3995,208,1,9063,9063,32
12119,3995,31,2,6864,13728,49
12120,3996,403,1,5297,5297,13
12121,3996,152,2,8703,17406,26
12122,3996,316,1,2025,2025,43
12123,3996,136,1,3041,3041,30
12124,3997,352,1,8327,8327,19
12125,3997,241,2,6358,12716,37
12126,3997,91,1,2426,2426,6
12127,3998,402,1,724,724,39
12128,3998,271,1,9332,9332,20
12129,3998,464,2,626,1252,7
12130,3998,344,1,7129,7129,30
12131,3998,415,1,9335,9335,11
12132,3999,480,1,802,802,12
12133,3999,316,2,2025,4050,48
12134,4000,259,1,4256,4256,9
12135,4000,268,1,8452,8452,25
12136,4001,159,1,5798,5798,28
12137,4001,280,2,598,1196,12
12138,4001,91,1,2426,2426,1
12139,4001,328,2,1982,3964,12
12140,4002,448,2,2566,5132,3
12141,4002,198,2,2082,4164,46
12142,4002,183,1,2684,2684,13
12143,4002,487,2,1596,3192,44
12144,4003,219,1,8550,8550,47
12145,4003,153,1,6657,6657,39
12146,4003,191,1,600,600,32
12147,4003,272,1,9771,9771,10
12148,4004,51,2,4970,9940,45
12149,4004,411,2,683,1366,0
12150,4004,245,2,6825,13650,17
12151,4004,160,1,4753,4753,12
12152,4004,416,1,1795,1795,1
12153,4005,280,2,598,1196,48
12154,4005,274,1,514,514,23
12155,4006,124,1,4127,4127,32
12156,4006,175,2,8190,16380,10
12157,4006,83,1,8065,8065,18
12158,4006,127,1,803,803,44
12159,4007,480,1,802,802,34
12160,4007,239,2,2008,4016,26
12161,4007,151,1,9774,9774,30
12162,4007,155,1,3414,3414,25
12163,4007,313,1,2105,2105,44
12164,4008,393,1,5614,5614,13
12165,4008,314,1,3186,3186,22
12166,4008,414,1,7849,7849,8
12167,4008,184,1,2562,2562,29
12168,4008,171,2,4878,9756,43
12169,4009,88,2,1892,3784,34
12170,4009,463,1,8313,8313,49
12171,4009,165,2,2804,5608,32
12172,4010,394,1,9264,9264,34
12173,4010,187,1,7902,7902,24
12174,4010,138,2,6011,12022,2
12175,4010,441,2,5608,11216,35
12176,4011,367,1,7596,7596,2
12177,4012,285,2,6960,13920,18
12178,4012,199,1,9352,9352,26
12179,4012,366,2,3411,6822,31
12180,4013,305,2,6459,12918,29
12181,4013,198,1,2082,2082,17
12182,4013,144,1,952,952,0
12183,4014,188,2,1340,2680,48
12184,4015,241,1,6358,6358,46
12185,4015,311,2,1370,2740,39
12186,4015,448,1,2566,2566,3
12187,4015,121,2,9357,18714,28
12188,4016,267,2,9802,19604,16
12189,4017,489,1,4052,4052,20
12190,4017,472,2,8141,16282,25
12191,4018,334,1,7855,7855,13
12192,4019,227,1,3371,3371,12
12193,4020,474,1,6848,6848,11
12194,4020,189,1,7671,7671,24
12195,4020,20,2,7740,15480,15
12196,4020,365,1,2532,2532,48
12197,4021,270,2,5974,11948,48
12198,4021,198,1,2082,2082,7
12199,4021,422,2,2063,4126,47
12200,4022,309,2,5432,10864,42
12201,4022,129,1,6421,6421,19
12202,4022,295,1,9489,9489,4
12203,4023,322,1,8465,8465,11
12204,4023,57,2,2705,5410,41
12205,4024,284,1,1327,1327,25
12206,4024,470,2,8803,17606,42
12207,4024,170,2,5243,10486,26
12208,4024,117,1,6431,6431,35
12209,4024,466,2,4450,8900,43
12210,4025,267,2,9802,19604,16
12211,4025,281,1,8327,8327,32
12212,4025,418,2,8496,16992,22
12213,4026,416,2,1795,3590,6
12214,4026,335,2,3595,7190,6
12215,4026,79,1,7778,7778,28
12216,4027,89,2,1967,3934,18
12217,4027,161,1,8668,8668,27
12218,4027,254,2,8080,16160,29
12219,4027,246,1,7060,7060,11
12220,4028,343,1,6618,6618,3
12221,4029,61,1,6585,6585,20
12222,4029,344,2,7129,14258,3
12223,4029,196,2,3348,6696,13
12224,4030,275,1,4126,4126,18
12225,4030,152,1,8703,8703,1
12226,4031,113,2,8499,16998,14
12227,4031,154,1,2254,2254,11
12228,4031,365,2,2532,5064,2
12229,4032,405,1,7803,7803,34
12230,4033,489,2,4052,8104,1
12231,4033,128,2,1065,2130,19
12232,4034,331,1,8327,8327,38
12233,4034,250,2,4301,8602,29
12234,4034,432,1,5619,5619,44
12235,4034,394,1,9264,9264,35
12236,4034,15,1,8230,8230,21
12237,4035,165,2,2804,5608,8
12238,4035,163,1,1089,1089,20
12239,4035,150,1,179,179,10
12240,4035,226,1,6844,6844,25
12241,4036,72,1,4731,4731,46
12242,4036,478,2,7111,14222,13
12243,4036,322,1,8465,8465,11
12244,4036,15,1,8230,8230,8
12245,4037,2,1,1005,1005,28
12246,4037,69,1,3379,3379,8
12247,4037,396,1,2758,2758,29
12248,4038,53,1,493,493,42
12249,4038,218,2,5588,11176,43
12250,4038,127,2,803,1606,1
12251,4038,122,1,8570,8570,15
12252,4038,396,2,2758,5516,40
12253,4039,322,1,8465,8465,10
12254,4039,253,1,4985,4985,41
12255,4039,495,1,7826,7826,4
12256,4039,386,1,7081,7081,8
12257,4039,431,1,3477,3477,16
12258,4040,86,1,3922,3922,7
12259,4040,467,2,989,1978,21
12260,4041,185,2,9725,19450,38
12261,4042,214,2,9847,19694,7
12262,4042,415,1,9335,9335,17
12263,4043,296,1,4832,4832,13
12264,4043,412,2,2577,5154,31
12265,4043,419,2,6185,12370,31
12266,4044,251,2,1127,2254,49
12267,4044,15,2,8230,16460,30
12268,4044,92,1,9153,9153,20
12269,4045,205,1,4349,4349,4
12270,4046,31,2,6864,13728,1
12271,4046,184,1,2562,2562,0
12272,4047,171,2,4878,9756,43
12273,4047,107,1,4996,4996,38
12274,4047,93,1,8858,8858,12
12275,4047,189,1,7671,7671,44
12276,4048,499,1,7189,7189,32
12277,4048,177,2,5567,11134,4
12278,4048,87,2,5931,11862,5
12279,4048,211,2,8936,17872,22
12280,4048,112,1,1365,1365,30
12281,4049,273,1,9304,9304,34
12282,4049,222,1,8997,8997,34
12283,4050,246,1,7060,7060,12
12284,4050,282,1,132,132,31
12285,4051,492,1,2978,2978,0
12286,4052,203,2,8865,17730,25
12287,4052,430,2,8207,16414,18
12288,4052,138,2,6011,12022,19
12289,4052,476,1,1509,1509,30
12290,4053,356,1,7623,7623,33
12291,4054,125,1,4484,4484,43
12292,4054,434,1,7634,7634,23
12293,4055,53,1,493,493,24
12294,4055,386,2,7081,14162,14
12295,4056,439,2,8872,17744,0
12296,4056,241,2,6358,12716,45
12297,4056,8,1,552,552,21
12298,4056,488,2,5080,10160,18
12299,4057,312,1,1017,1017,41
12300,4057,380,2,5037,10074,16
12301,4057,93,2,8858,17716,34
12302,4057,155,2,3414,6828,5
12303,4058,409,2,3636,7272,15
12304,4058,254,2,8080,16160,35
12305,4058,484,2,966,1932,36
12306,4058,215,1,1100,1100,30
12307,4058,472,1,8141,8141,10
12308,4059,200,2,994,1988,40
12309,4059,393,2,5614,11228,3
12310,4059,204,1,5332,5332,47
12311,4060,113,1,8499,8499,13
12312,4060,81,2,5434,10868,36
12313,4060,57,1,2705,2705,30
12314,4061,218,2,5588,11176,30
12315,4061,256,2,8015,16030,38
12316,4062,232,2,4005,8010,14
12317,4063,98,2,8801,17602,31
12318,4063,327,2,4059,8118,9
12319,4063,165,1,2804,2804,39
12320,4063,325,2,4425,8850,3
12321,4064,411,2,683,1366,30
12322,4065,180,1,2762,2762,13
12323,4066,451,2,6416,12832,40
12324,4066,55,2,2603,5206,48
12325,4066,232,2,4005,8010,27
12326,4067,256,1,8015,8015,8
12327,4067,365,2,2532,5064,22
12328,4068,490,1,2663,2663,42
12329,4068,54,1,5045,5045,17
12330,4068,220,2,792,1584,5
12331,4069,212,2,2125,4250,13
12332,4069,474,1,6848,6848,49
12333,4070,281,1,8327,8327,1
12334,4070,127,1,803,803,29
12335,4070,24,1,1400,1400,11
12336,4071,496,1,816,816,10
12337,4071,305,2,6459,12918,34
12338,4072,286,1,1335,1335,44
12339,4073,482,2,4129,8258,28
12340,4073,9,1,7261,7261,35
12341,4073,340,1,6534,6534,29
12342,4074,112,1,1365,1365,30
12343,4074,236,1,5507,5507,13
12344,4075,45,2,6000,12000,36
12345,4075,373,2,5255,10510,2
12346,4076,173,2,7111,14222,28
12347,4076,262,1,7591,7591,10
12348,4076,453,1,9440,9440,33
12349,4076,71,2,1979,3958,6
12350,4076,286,1,1335,1335,45
12351,4077,26,2,4719,9438,5
12352,4077,382,2,1765,3530,13
12353,4078,446,2,9384,18768,26
12354,4078,146,2,7549,15098,27
12355,4078,122,2,8570,17140,23
12356,4078,48,2,7171,14342,4
12357,4079,432,2,5619,11238,31
12358,4080,472,1,8141,8141,6
12359,4080,82,2,9229,18458,16
12360,4080,153,2,6657,13314,5
12361,4081,100,2,2808,5616,38
12362,4081,196,1,3348,3348,17
12363,4082,455,1,6367,6367,36
12364,4082,394,2,9264,18528,34
12365,4082,180,1,2762,2762,32
12366,4083,333,2,4948,9896,10
12367,4083,56,2,3520,7040,49
12368,4083,54,1,5045,5045,39
12369,4084,9,2,7261,14522,29
12370,4084,249,1,3076,3076,2
12371,4084,407,1,5041,5041,4
12372,4084,139,1,6678,6678,3
12373,4084,265,1,445,445,0
12374,4085,60,2,8364,16728,21
12375,4085,93,1,8858,8858,24
12376,4085,227,2,3371,6742,8
12377,4085,396,1,2758,2758,41
12378,4085,7,1,4344,4344,35
12379,4086,232,2,4005,8010,21
12380,4087,306,1,427,427,18
12381,4087,437,1,8765,8765,25
12382,4087,32,2,9159,18318,22
12383,4088,16,1,6789,6789,10
12384,4088,201,1,1906,1906,28
12385,4089,237,2,3798,7596,0
12386,4089,160,2,4753,9506,28
12387,4089,447,2,2645,5290,10
12388,4090,105,2,2035,4070,6
12389,4090,44,1,7604,7604,37
12390,4090,21,1,9405,9405,47
12391,4091,216,1,6829,6829,7
12392,4091,249,2,3076,6152,49
12393,4092,366,2,3411,6822,33
12394,4092,105,1,2035,2035,42
12395,4092,488,2,5080,10160,14
12396,4092,188,2,1340,2680,48
12397,4092,441,2,5608,11216,49
12398,4093,178,2,885,1770,41
12399,4093,68,1,1393,1393,46
12400,4094,56,2,3520,7040,45
12401,4095,423,2,9274,18548,32
12402,4095,316,2,2025,4050,37
12403,4096,234,1,3036,3036,44
12404,4097,366,1,3411,3411,12
12405,4097,415,2,9335,18670,21
12406,4098,172,1,8206,8206,40
12407,4098,41,2,4365,8730,40
12408,4098,137,2,9792,19584,44
12409,4099,270,1,5974,5974,31
12410,4100,55,1,2603,2603,38
12411,4100,301,2,7201,14402,43
12412,4100,322,1,8465,8465,37
12413,4100,325,2,4425,8850,25
12414,4101,153,2,6657,13314,37
12415,4101,483,2,5769,11538,22
12416,4101,144,2,952,1904,49
12417,4101,266,1,1413,1413,15
12418,4102,350,2,2023,4046,45
12419,4102,486,1,7644,7644,46
12420,4102,477,2,4434,8868,1
12421,4102,80,2,9998,19996,46
12422,4102,401,2,2493,4986,38
12423,4103,298,2,7494,14988,5
12424,4103,66,1,3514,3514,2
12425,4103,14,2,6673,13346,27
12426,4104,267,2,9802,19604,16
12427,4104,172,1,8206,8206,33
12428,4105,9,1,7261,7261,30
12429,4105,72,2,4731,9462,33
12430,4105,372,1,1416,1416,6
12431,4106,368,2,2023,4046,11
12432,4106,195,2,527,1054,24
12433,4107,166,2,1767,3534,23
12434,4108,260,1,2313,2313,20
12435,4108,29,2,8365,16730,14
12436,4108,58,2,9175,18350,25
12437,4109,197,2,1979,3958,38
12438,4109,92,2,9153,18306,29
12439,4109,249,1,3076,3076,0
12440,4110,53,2,493,986,47
12441,4110,487,1,1596,1596,2
12442,4110,43,2,2257,4514,27
12443,4110,435,1,1446,1446,27
12444,4110,441,1,5608,5608,22
12445,4111,18,2,4166,8332,14
12446,4111,283,2,9977,19954,27
12447,4112,268,2,8452,16904,32
12448,4113,486,2,7644,15288,20
12449,4113,479,2,4003,8006,31
12450,4114,155,1,3414,3414,25
12451,4114,487,1,1596,1596,28
12452,4114,7,2,4344,8688,48
12453,4115,428,1,4566,4566,33
12454,4115,448,1,2566,2566,0
12455,4115,399,2,2348,4696,36
12456,4115,459,2,3610,7220,41
12457,4116,203,2,8865,17730,40
12458,4117,479,1,4003,4003,13
12459,4117,193,2,2706,5412,11
12460,4118,228,1,3377,3377,24
12461,4118,352,2,8327,16654,33
12462,4119,272,2,9771,19542,31
12463,4119,443,2,1814,3628,12
12464,4119,426,2,3669,7338,22
12465,4119,247,2,5807,11614,47
12466,4120,30,2,7952,15904,33
12467,4120,441,1,5608,5608,33
12468,4121,9,2,7261,14522,42
12469,4121,315,2,5375,10750,17
12470,4122,422,2,2063,4126,35
12471,4122,330,1,6169,6169,7
12472,4122,150,2,179,358,37
12473,4122,193,1,2706,2706,35
12474,4122,219,1,8550,8550,17
12475,4123,226,2,6844,13688,36
12476,4123,499,2,7189,14378,48
12477,4123,191,1,600,600,25
12478,4123,309,2,5432,10864,31
12479,4123,185,1,9725,9725,40
12480,4124,457,2,4081,8162,9
12481,4124,14,2,6673,13346,46
12482,4125,302,2,1386,2772,9
12483,4125,114,2,8116,16232,48
12484,4126,260,2,2313,4626,30
12485,4126,280,2,598,1196,7
12486,4126,119,2,703,1406,5
12487,4126,317,1,3598,3598,13
12488,4126,132,2,4597,9194,9
12489,4127,58,2,9175,18350,25
12490,4127,184,1,2562,2562,28
12491,4127,474,1,6848,6848,15
12492,4127,181,1,575,575,24
12493,4127,16,2,6789,13578,7
12494,4128,71,2,1979,3958,14
12495,4128,408,2,1506,3012,15
12496,4128,281,2,8327,16654,30
12497,4128,287,1,5220,5220,39
12498,4129,459,1,3610,3610,11
12499,4129,389,2,8169,16338,32
12500,4129,311,1,1370,1370,39
12501,4130,19,2,9031,18062,20
12502,4130,327,2,4059,8118,31
12503,4130,454,1,412,412,20
12504,4130,361,1,1521,1521,48
12505,4130,468,1,1895,1895,7
12506,4131,277,2,1812,3624,22
12507,4131,472,1,8141,8141,13
12508,4132,396,2,2758,5516,38
12509,4132,336,2,2077,4154,5
12510,4133,463,2,8313,16626,38
12511,4133,197,1,1979,1979,14
12512,4133,3,2,810,1620,31
12513,4133,147,1,4932,4932,16
12514,4133,217,1,6416,6416,46
12515,4134,174,1,5394,5394,0
12516,4134,347,1,4055,4055,16
12517,4135,105,1,2035,2035,25
12518,4135,101,2,8481,16962,28
12519,4136,181,2,575,1150,32
12520,4136,38,2,7964,15928,36
12521,4136,241,1,6358,6358,11
12522,4136,306,2,427,854,32
12523,4137,430,1,8207,8207,14
12524,4137,15,2,8230,16460,19
12525,4137,221,2,3953,7906,41
12526,4137,180,2,2762,5524,27
12527,4138,447,1,2645,2645,40
12528,4138,11,2,6295,12590,33
12529,4138,216,1,6829,6829,4
12530,4139,56,1,3520,3520,11
12531,4139,240,1,826,826,7
12532,4140,381,2,1186,2372,15
12533,4140,189,2,7671,15342,38
12534,4141,176,2,6822,13644,37
12535,4142,200,1,994,994,21
12536,4142,417,1,5478,5478,40
12537,4142,291,2,2599,5198,35
12538,4142,69,1,3379,3379,41
12539,4142,291,2,2599,5198,35
12540,4143,222,2,8997,17994,19
12541,4143,443,1,1814,1814,29
12542,4143,216,2,6829,13658,33
12543,4143,22,1,2507,2507,28
12544,4143,162,2,7997,15994,23
12545,4144,356,2,7623,15246,45
12546,4144,304,2,5702,11404,13
12547,4145,450,1,2223,2223,39
12548,4145,266,1,1413,1413,10
12549,4146,315,2,5375,10750,34
12550,4147,388,2,2920,5840,17
12551,4147,461,1,9272,9272,7
12552,4147,151,1,9774,9774,9
12553,4147,99,2,7480,14960,31
12554,4148,86,2,3922,7844,39
12555,4149,459,2,3610,7220,13
12556,4149,240,2,826,1652,15
12557,4150,171,2,4878,9756,11
12558,4150,453,2,9440,18880,17
12559,4150,492,1,2978,2978,38
12560,4151,264,1,2992,2992,35
12561,4151,83,2,8065,16130,43
12562,4151,482,1,4129,4129,33
12563,4151,63,2,226,452,17
12564,4151,192,1,8710,8710,24
12565,4152,484,2,966,1932,48
12566,4152,218,2,5588,11176,33
12567,4153,167,1,7276,7276,5
12568,4153,115,1,901,901,12
12569,4153,340,2,6534,13068,6
12570,4154,402,2,724,1448,42
12571,4154,199,1,9352,9352,40
12572,4154,329,2,6394,12788,13
12573,4155,150,1,179,179,27
12574,4155,483,2,5769,11538,0
12575,4156,463,1,8313,8313,10
12576,4156,480,2,802,1604,27
12577,4156,31,1,6864,6864,26
12578,4157,32,2,9159,18318,35
12579,4157,343,2,6618,13236,15
12580,4157,461,1,9272,9272,26
12581,4158,32,2,9159,18318,23
12582,4158,291,1,2599,2599,23
12583,4158,219,1,8550,8550,20
12584,4159,272,1,9771,9771,7
12585,4159,280,1,598,598,28
12586,4159,304,1,5702,5702,2
12587,4159,145,1,303,303,18
12588,4160,66,1,3514,3514,24
12589,4160,181,1,575,575,0
12590,4160,35,2,532,1064,4
12591,4160,89,1,1967,1967,38
12592,4160,407,2,5041,10082,10
12593,4161,350,1,2023,2023,48
12594,4161,496,1,816,816,48
12595,4161,265,1,445,445,2
12596,4161,331,1,8327,8327,12
12597,4162,472,2,8141,16282,2
12598,4163,437,1,8765,8765,7
12599,4164,205,2,4349,8698,16
12600,4164,107,1,4996,4996,30
12601,4164,355,2,3972,7944,0
12602,4164,153,2,6657,13314,8
12603,4164,222,1,8997,8997,46
12604,4165,366,1,3411,3411,42
12605,4165,22,2,2507,5014,12
12606,4165,368,1,2023,2023,44
12607,4165,55,2,2603,5206,15
12608,4165,308,1,9878,9878,40
12609,4166,278,1,4446,4446,3
12610,4166,498,2,5376,10752,39
12611,4166,255,1,6915,6915,47
12612,4167,95,1,1920,1920,18
12613,4168,404,2,5532,11064,47
12614,4168,235,2,931,1862,12
12615,4168,375,2,9583,19166,17
12616,4168,179,1,7886,7886,25
12617,4169,2,2,1005,2010,19
12618,4169,403,1,5297,5297,14
12619,4169,281,2,8327,16654,28
12620,4169,76,1,1796,1796,9
12621,4170,102,2,7997,15994,3
12622,4170,276,2,5653,11306,15
12623,4170,86,2,3922,7844,15
12624,4171,66,2,3514,7028,4
12625,4171,93,2,8858,17716,33
12626,4171,111,2,4199,8398,49
12627,4171,84,2,3374,6748,36
12628,4171,170,2,5243,10486,12
12629,4172,318,1,8576,8576,2
12630,4172,250,2,4301,8602,27
12631,4173,345,2,6080,12160,20
12632,4174,435,2,1446,2892,26
12633,4174,57,1,2705,2705,41
12634,4174,486,2,7644,15288,18
12635,4174,122,1,8570,8570,2
12636,4175,235,1,931,931,20
12637,4175,6,2,9079,18158,32
12638,4176,339,2,1062,2124,17
12639,4176,56,1,3520,3520,19
12640,4176,81,1,5434,5434,1
12641,4176,160,2,4753,9506,17
12642,4177,252,1,2663,2663,26
12643,4177,271,1,9332,9332,33
12644,4177,157,1,8682,8682,22
12645,4178,154,2,2254,4508,29
12646,4179,388,1,2920,2920,24
12647,4179,45,2,6000,12000,29
12648,4179,297,2,1490,2980,48
12649,4179,109,2,7744,15488,28
12650,4180,8,2,552,1104,24
12651,4180,185,2,9725,19450,34
12652,4181,199,2,9352,18704,4
12653,4182,127,1,803,803,27
12654,4182,377,2,3078,6156,9
12655,4182,90,2,5742,11484,10
12656,4183,307,1,3734,3734,16
12657,4183,267,2,9802,19604,1
12658,4183,323,1,3539,3539,39
12659,4183,45,1,6000,6000,31
12660,4184,208,1,9063,9063,42
12661,4184,45,2,6000,12000,39
12662,4185,39,2,569,1138,36
12663,4185,256,1,8015,8015,23
12664,4185,339,2,1062,2124,10
12665,4186,72,1,4731,4731,3
12666,4186,297,1,1490,1490,33
12667,4186,326,2,8014,16028,13
12668,4186,157,1,8682,8682,4
12669,4186,36,1,3776,3776,47
12670,4187,44,2,7604,15208,37
12671,4188,272,2,9771,19542,28
12672,4188,416,1,1795,1795,42
12673,4188,409,2,3636,7272,38
12674,4189,222,1,8997,8997,8
12675,4189,370,2,2338,4676,17
12676,4189,117,2,6431,12862,40
12677,4190,379,1,288,288,24
12678,4190,276,1,5653,5653,18
12679,4190,488,1,5080,5080,14
12680,4190,247,1,5807,5807,1
12681,4191,132,2,4597,9194,25
12682,4191,380,1,5037,5037,30
12683,4192,349,1,9083,9083,1
12684,4192,92,2,9153,18306,42
12685,4192,118,2,3022,6044,34
12686,4192,392,2,1069,2138,35
12687,4193,81,1,5434,5434,46
12688,4193,472,1,8141,8141,40
12689,4193,249,2,3076,6152,19
12690,4193,401,1,2493,2493,16
12691,4194,83,2,8065,16130,23
12692,4194,227,1,3371,3371,37
12693,4195,36,2,3776,7552,39
12694,4195,50,2,7706,15412,29
12695,4195,304,1,5702,5702,23
12696,4195,251,1,1127,1127,6
12697,4195,304,1,5702,5702,19
12698,4196,237,1,3798,3798,38
12699,4196,266,1,1413,1413,45
12700,4196,56,1,3520,3520,25
12701,4197,379,2,288,576,17
12702,4198,203,2,8865,17730,29
12703,4199,336,1,2077,2077,42
12704,4199,253,2,4985,9970,36
12705,4199,12,1,2033,2033,11
12706,4200,498,1,5376,5376,12
12707,4200,188,2,1340,2680,40
12708,4200,62,1,7260,7260,28
12709,4200,45,2,6000,12000,11
12710,4200,42,2,3798,7596,18
12711,4201,76,1,1796,1796,1
12712,4201,447,2,2645,5290,44
12713,4201,429,1,9556,9556,36
12714,4201,186,1,301,301,7
12715,4202,251,2,1127,2254,26
12716,4202,310,1,1023,1023,3
12717,4202,150,1,179,179,17
12718,4202,244,1,9563,9563,25
12719,4203,97,1,2581,2581,7
12720,4203,8,1,552,552,7
12721,4203,280,2,598,1196,7
12722,4203,324,1,9564,9564,37
12723,4203,458,1,7231,7231,31
12724,4204,188,1,1340,1340,39
12725,4204,256,1,8015,8015,32
12726,4204,400,2,4939,9878,8
12727,4205,310,2,1023,2046,24
12728,4205,358,1,876,876,0
12729,4205,496,1,816,816,41
12730,4206,228,1,3377,3377,30
12731,4206,94,1,8136,8136,24
12732,4206,443,1,1814,1814,39
12733,4206,144,1,952,952,36
12734,4207,299,2,6735,13470,17
12735,4208,161,2,8668,17336,43
12736,4208,303,2,6559,13118,12
12737,4208,459,1,3610,3610,26
12738,4209,54,2,5045,10090,4
12739,4209,296,1,4832,4832,15
12740,4210,336,2,2077,4154,21
12741,4210,212,1,2125,2125,47
12742,4210,183,2,2684,5368,46
12743,4210,420,1,2612,2612,7
12744,4211,326,2,8014,16028,21
12745,4211,277,2,1812,3624,49
12746,4211,166,1,1767,1767,33
12747,4211,347,2,4055,8110,42
12748,4211,474,1,6848,6848,14
12749,4212,189,1,7671,7671,13
12750,4212,87,2,5931,11862,25
12751,4212,498,1,5376,5376,45
12752,4213,480,2,802,1604,5
12753,4213,146,1,7549,7549,49
12754,4213,302,2,1386,2772,27
12755,4214,173,2,7111,14222,9
12756,4214,313,1,2105,2105,48
12757,4214,490,2,2663,5326,9
12758,4214,344,1,7129,7129,12
12759,4215,351,2,8394,16788,15
12760,4215,489,2,4052,8104,15
12761,4215,387,1,9763,9763,1
12762,4216,56,1,3520,3520,14
12763,4216,457,2,4081,8162,15
12764,4216,135,2,2784,5568,36
12765,4216,50,2,7706,15412,7
12766,4216,93,1,8858,8858,9
12767,4217,331,1,8327,8327,19
12768,4217,203,1,8865,8865,12
12769,4218,369,1,2604,2604,19
12770,4218,307,2,3734,7468,46
12771,4219,419,2,6185,12370,28
12772,4219,397,2,9923,19846,16
12773,4219,334,2,7855,15710,18
12774,4219,350,1,2023,2023,15
12775,4220,447,2,2645,5290,27
12776,4220,255,1,6915,6915,7
12777,4220,338,2,8558,17116,5
12778,4220,85,1,7726,7726,3
12779,4220,270,1,5974,5974,0
12780,4221,139,1,6678,6678,3
12781,4221,277,1,1812,1812,46
12782,4222,367,2,7596,15192,13
12783,4222,187,2,7902,15804,41
12784,4222,351,1,8394,8394,14
12785,4223,384,2,2886,5772,32
12786,4223,15,1,8230,8230,6
12787,4223,178,2,885,1770,49
12788,4224,415,2,9335,18670,18
12789,4225,104,1,4304,4304,7
12790,4226,202,2,1340,2680,22
12791,4226,480,1,802,802,7
12792,4226,320,1,4686,4686,19
12793,4226,78,1,9614,9614,8
12794,4226,6,2,9079,18158,36
12795,4227,37,2,5974,11948,24
12796,4227,237,2,3798,7596,44
12797,4227,265,2,445,890,13
12798,4227,96,1,7924,7924,47
12799,4228,500,1,8459,8459,29
12800,4229,183,1,2684,2684,16
12801,4230,63,2,226,452,29
12802,4230,406,2,8666,17332,12
12803,4230,429,2,9556,19112,25
12804,4230,305,2,6459,12918,36
12805,4230,104,2,4304,8608,42
12806,4231,11,2,6295,12590,42
12807,4232,36,2,3776,7552,33
12808,4233,461,1,9272,9272,9
12809,4233,197,2,1979,3958,37
12810,4234,373,2,5255,10510,19
12811,4234,355,2,3972,7944,5
12812,4234,444,1,9635,9635,46
12813,4234,80,2,9998,19996,17
12814,4235,237,2,3798,7596,38
12815,4236,8,2,552,1104,17
12816,4236,251,2,1127,2254,12
12817,4236,492,2,2978,5956,0
12818,4236,29,1,8365,8365,38
12819,4237,142,1,4451,4451,39
12820,4237,57,1,2705,2705,0
12821,4237,100,1,2808,2808,10
12822,4237,402,1,724,724,14
12823,4238,35,1,532,532,32
12824,4238,46,2,2736,5472,41
12825,4239,432,2,5619,11238,12
12826,4239,45,2,6000,12000,42
12827,4239,158,2,3155,6310,28
12828,4239,46,1,2736,2736,34
12829,4240,189,2,7671,15342,11
12830,4240,227,2,3371,6742,23
12831,4241,313,1,2105,2105,44
12832,4241,4,2,3526,7052,10
12833,4241,434,1,7634,7634,22
12834,4241,416,2,1795,3590,5
12835,4241,326,2,8014,16028,7
12836,4242,77,1,2932,2932,6
12837,4242,295,1,9489,9489,47
12838,4242,314,2,3186,6372,19
12839,4243,255,2,6915,13830,0
12840,4243,103,2,3003,6006,32
12841,4243,451,1,6416,6416,30
12842,4243,463,1,8313,8313,40
12843,4243,299,1,6735,6735,3
12844,4244,2,2,1005,2010,1
12845,4244,150,1,179,179,28
12846,4244,304,1,5702,5702,15
12847,4245,96,2,7924,15848,12
12848,4245,109,2,7744,15488,34
12849,4245,102,2,7997,15994,47
12850,4246,296,1,4832,4832,26
12851,4246,283,2,9977,19954,43
12852,4246,433,2,1018,2036,34
12853,4246,112,2,1365,2730,36
12854,4246,89,2,1967,3934,19
12855,4247,184,2,2562,5124,7
12856,4247,403,1,5297,5297,15
12857,4247,302,2,1386,2772,33
12858,4247,214,1,9847,9847,27
12859,4248,64,2,3594,7188,3
12860,4248,10,2,7504,15008,28
12861,4248,4,1,3526,3526,23
12862,4249,135,1,2784,2784,40
12863,4250,326,2,8014,16028,12
12864,4250,100,1,2808,2808,40
12865,4250,160,1,4753,4753,13
12866,4250,27,1,4304,4304,45
12867,4250,218,2,5588,11176,14
12868,4251,411,2,683,1366,28
12869,4251,273,1,9304,9304,16
12870,4251,244,1,9563,9563,28
12871,4251,484,1,966,966,46
12872,4252,453,2,9440,18880,27
12873,4252,331,2,8327,16654,27
12874,4252,433,1,1018,1018,46
12875,4252,73,2,4792,9584,10
12876,4253,218,1,5588,5588,35
12877,4253,439,2,8872,17744,1
12878,4254,230,1,1378,1378,40
12879,4254,306,2,427,854,45
12880,4254,23,1,5151,5151,34
12881,4254,369,2,2604,5208,46
12882,4255,14,1,6673,6673,8
12883,4255,445,2,2069,4138,38
12884,4256,128,1,1065,1065,17
12885,4257,372,2,1416,2832,10
12886,4257,375,2,9583,19166,16
12887,4258,47,2,6006,12012,3
12888,4258,400,2,4939,9878,17
12889,4258,166,1,1767,1767,38
12890,4259,443,2,1814,3628,27
12891,4259,229,1,6873,6873,39
12892,4259,123,2,5979,11958,48
12893,4259,424,1,8160,8160,34
12894,4260,282,1,132,132,11
12895,4260,455,1,6367,6367,28
12896,4261,320,2,4686,9372,45
12897,4261,83,2,8065,16130,17
12898,4262,488,2,5080,10160,46
12899,4263,451,1,6416,6416,42
12900,4263,259,1,4256,4256,26
12901,4264,469,2,7584,15168,18
12902,4264,254,2,8080,16160,12
12903,4264,383,2,3997,7994,2
12904,4265,417,2,5478,10956,41
12905,4265,234,2,3036,6072,31
12906,4265,327,2,4059,8118,46
12907,4266,135,1,2784,2784,6
12908,4266,81,2,5434,10868,2
12909,4267,474,2,6848,13696,14
12910,4267,352,1,8327,8327,36
12911,4268,205,1,4349,4349,3
12912,4268,305,1,6459,6459,30
12913,4268,26,2,4719,9438,46
12914,4269,373,2,5255,10510,49
12915,4270,59,1,3707,3707,13
12916,4271,53,1,493,493,26
12917,4271,289,2,6074,12148,29
12918,4271,176,2,6822,13644,39
12919,4272,468,1,1895,1895,49
12920,4272,334,1,7855,7855,20
12921,4272,184,1,2562,2562,42
12922,4273,361,2,1521,3042,2
12923,4273,414,2,7849,15698,8
12924,4273,257,2,1515,3030,0
12925,4273,398,2,6975,13950,14
12926,4274,309,1,5432,5432,35
12927,4274,35,1,532,532,36
12928,4274,475,2,2596,5192,27
12929,4275,150,1,179,179,7
12930,4275,446,1,9384,9384,38
12931,4275,302,1,1386,1386,46
12932,4275,53,1,493,493,42
12933,4275,459,1,3610,3610,49
12934,4276,243,2,3767,7534,28
12935,4276,248,2,5140,10280,0
12936,4277,306,1,427,427,23
12937,4277,56,2,3520,7040,6
12938,4277,262,2,7591,15182,20
12939,4277,200,2,994,1988,2
12940,4277,363,2,5692,11384,13
12941,4278,319,2,5440,10880,47
12942,4278,17,1,3755,3755,17
12943,4278,199,1,9352,9352,42
12944,4279,372,2,1416,2832,31
12945,4279,293,1,3156,3156,25
12946,4279,337,1,3014,3014,44
12947,4280,340,2,6534,13068,22
12948,4280,235,2,931,1862,48
12949,4280,460,2,8795,17590,4
12950,4280,236,2,5507,11014,27
12951,4281,253,1,4985,4985,22
12952,4282,499,2,7189,14378,24
12953,4282,34,1,4723,4723,11
12954,4283,269,1,8261,8261,15
12955,4283,202,1,1340,1340,26
12956,4283,55,1,2603,2603,35
12957,4283,158,1,3155,3155,10
12958,4284,373,2,5255,10510,18
12959,4284,172,1,8206,8206,6
12960,4284,461,1,9272,9272,26
12961,4284,214,2,9847,19694,45
12962,4285,34,1,4723,4723,39
12963,4285,231,2,6242,12484,21
12964,4285,287,2,5220,10440,23
12965,4285,94,2,8136,16272,42
12966,4285,145,2,303,606,44
12967,4286,49,2,4975,9950,21
12968,4286,304,2,5702,11404,31
12969,4287,7,1,4344,4344,29
12970,4287,205,1,4349,4349,11
12971,4287,251,1,1127,1127,31
12972,4287,450,1,2223,2223,42
12973,4287,296,1,4832,4832,43
12974,4288,394,1,9264,9264,24
12975,4289,386,2,7081,14162,26
12976,4289,317,2,3598,7196,14
12977,4289,68,2,1393,2786,10
12978,4289,138,1,6011,6011,20
12979,4289,243,1,3767,3767,15
12980,4290,200,2,994,1988,37
12981,4290,269,2,8261,16522,23
12982,4291,316,2,2025,4050,39
12983,4291,317,1,3598,3598,41
12984,4291,490,2,2663,5326,29
12985,4291,163,1,1089,1089,3
12986,4291,355,1,3972,3972,48
12987,4292,150,2,179,358,38
12988,4292,280,2,598,1196,15
12989,4293,354,2,6624,13248,41
12990,4293,310,2,1023,2046,45
12991,4293,374,2,1359,2718,35
12992,4293,121,2,9357,18714,9
12993,4293,174,1,5394,5394,21
12994,4294,394,2,9264,18528,18
12995,4294,195,1,527,527,21
12996,4294,412,1,2577,2577,30
12997,4294,229,2,6873,13746,21
12998,4294,137,2,9792,19584,3
12999,4295,408,2,1506,3012,17
13000,4295,154,1,2254,2254,44
13001,4295,145,2,303,606,38
13002,4296,414,2,7849,15698,31
13003,4296,483,2,5769,11538,38
13004,4296,235,2,931,1862,47
13005,4296,263,1,7027,7027,27
13006,4296,222,1,8997,8997,3
13007,4297,204,1,5332,5332,13
13008,4298,452,2,200,400,36
13009,4298,190,1,9154,9154,35
13010,4298,379,1,288,288,46
13011,4298,442,2,5784,11568,12
13012,4299,137,2,9792,19584,16
13013,4299,208,1,9063,9063,25
13014,4299,205,2,4349,8698,32
13015,4299,80,2,9998,19996,4
13016,4300,25,2,7208,14416,31
13017,4300,71,1,1979,1979,31
13018,4300,171,2,4878,9756,49
13019,4301,159,2,5798,11596,21
13020,4301,252,2,2663,5326,39
13021,4302,390,1,2081,2081,0
13022,4302,274,2,514,1028,0
13023,4302,296,2,4832,9664,12
13024,4302,246,2,7060,14120,10
13025,4302,304,2,5702,11404,29
13026,4303,463,2,8313,16626,31
13027,4303,353,2,8490,16980,41
13028,4303,244,2,9563,19126,19
13029,4303,294,2,2813,5626,5
13030,4303,202,1,1340,1340,14
13031,4304,105,1,2035,2035,21
13032,4304,167,2,7276,14552,40
13033,4304,182,1,3502,3502,13
13034,4304,233,2,7932,15864,36
13035,4304,498,2,5376,10752,26
13036,4305,422,2,2063,4126,40
13037,4305,405,1,7803,7803,24
13038,4305,323,1,3539,3539,3
13039,4306,445,1,2069,2069,7
13040,4306,354,2,6624,13248,13
13041,4306,246,1,7060,7060,2
13042,4306,369,2,2604,5208,46
13043,4307,9,1,7261,7261,40
13044,4308,157,2,8682,17364,6
13045,4308,404,2,5532,11064,18
13046,4308,474,1,6848,6848,3
13047,4308,403,1,5297,5297,38
13048,4309,416,1,1795,1795,16
13049,4309,405,1,7803,7803,22
13050,4310,182,2,3502,7004,40
13051,4310,351,2,8394,16788,41
13052,4310,303,1,6559,6559,30
13053,4311,220,1,792,792,39
13054,4311,81,2,5434,10868,11
13055,4311,282,1,132,132,26
13056,4311,102,1,7997,7997,8
13057,4311,117,1,6431,6431,18
13058,4312,200,2,994,1988,7
13059,4312,467,1,989,989,28
13060,4312,209,2,8256,16512,34
13061,4312,167,2,7276,14552,20
13062,4313,311,1,1370,1370,36
13063,4313,365,2,2532,5064,11
13064,4314,63,1,226,226,6
13065,4314,428,2,4566,9132,1
13066,4314,284,1,1327,1327,34
13067,4314,463,1,8313,8313,26
13068,4315,3,2,810,1620,7
13069,4315,14,1,6673,6673,1
13070,4315,144,2,952,1904,13
13071,4315,169,2,1711,3422,48
13072,4316,183,2,2684,5368,28
13073,4316,95,1,1920,1920,33
13074,4317,61,2,6585,13170,34
13075,4318,20,2,7740,15480,37
13076,4318,203,2,8865,17730,32
13077,4318,78,2,9614,19228,31
13078,4318,113,1,8499,8499,38
13079,4319,46,1,2736,2736,15
13080,4319,73,1,4792,4792,35
13081,4319,252,2,2663,5326,26
13082,4319,471,2,3454,6908,9
13083,4319,174,1,5394,5394,45
13084,4320,284,2,1327,2654,26
13085,4320,264,2,2992,5984,19
13086,4320,358,1,876,876,41
13087,4320,196,1,3348,3348,18
13088,4321,405,2,7803,15606,32
13089,4321,440,1,632,632,20
13090,4321,109,2,7744,15488,35
13091,4321,370,2,2338,4676,42
13092,4322,30,1,7952,7952,41
13093,4322,363,1,5692,5692,6
13094,4322,104,1,4304,4304,5
13095,4322,80,1,9998,9998,34
13096,4323,64,1,3594,3594,35
13097,4324,193,2,2706,5412,30
13098,4324,331,1,8327,8327,33
13099,4325,427,1,7939,7939,13
13100,4325,356,2,7623,15246,4
13101,4325,393,2,5614,11228,39
13102,4325,470,1,8803,8803,36
13103,4325,255,2,6915,13830,9
13104,4326,346,1,8830,8830,29
13105,4326,264,2,2992,5984,35
13106,4326,299,1,6735,6735,29
13107,4326,402,1,724,724,25
13108,4327,85,2,7726,15452,30
13109,4327,336,1,2077,2077,22
13110,4327,495,2,7826,15652,27
13111,4327,255,2,6915,13830,0
13112,4327,145,2,303,606,3
13113,4328,448,1,2566,2566,0
13114,4328,42,1,3798,3798,30
13115,4329,7,2,4344,8688,3
13116,4329,355,1,3972,3972,42
13117,4329,155,1,3414,3414,13
13118,4329,294,2,2813,5626,32
13119,4329,451,2,6416,12832,13
13120,4330,114,1,8116,8116,3
13121,4331,209,2,8256,16512,16
13122,4331,58,1,9175,9175,18
13123,4332,84,2,3374,6748,22
13124,4333,332,2,9187,18374,22
13125,4333,88,2,1892,3784,19
13126,4333,444,2,9635,19270,10
13127,4333,498,2,5376,10752,33
13128,4333,4,1,3526,3526,5
13129,4334,437,1,8765,8765,3
13130,4334,192,2,8710,17420,20
13131,4334,430,1,8207,8207,18
13132,4334,3,2,810,1620,10
13133,4334,444,1,9635,9635,0
13134,4335,375,1,9583,9583,46
13135,4335,188,1,1340,1340,48
13136,4336,321,2,7163,14326,43
13137,4336,65,2,1575,3150,7
13138,4336,170,2,5243,10486,22
13139,4336,215,1,1100,1100,33
13140,4336,445,1,2069,2069,28
13141,4337,24,2,1400,2800,18
13142,4337,143,1,1092,1092,34
13143,4338,367,1,7596,7596,33
13144,4338,219,1,8550,8550,34
13145,4338,277,1,1812,1812,36
13146,4338,91,2,2426,4852,15
13147,4339,423,2,9274,18548,4
13148,4339,6,2,9079,18158,45
13149,4339,416,1,1795,1795,1
13150,4340,410,2,1950,3900,40
13151,4340,26,1,4719,4719,8
13152,4340,142,2,4451,8902,34
13153,4340,249,1,3076,3076,32
13154,4340,126,2,511,1022,38
13155,4341,109,2,7744,15488,9
13156,4341,472,2,8141,16282,35
13157,4341,497,1,6071,6071,31
13158,4341,442,1,5784,5784,41
13159,4342,222,1,8997,8997,26
13160,4342,176,2,6822,13644,22
13161,4343,240,2,826,1652,32
13162,4343,234,1,3036,3036,4
13163,4343,399,1,2348,2348,30
13164,4344,351,2,8394,16788,40
13165,4345,83,2,8065,16130,33
13166,4345,329,2,6394,12788,5
13167,4345,312,2,1017,2034,18
13168,4345,331,1,8327,8327,22
13169,4345,73,2,4792,9584,19
13170,4346,99,1,7480,7480,37
13171,4346,365,2,2532,5064,6
13172,4346,437,2,8765,17530,28
13173,4347,384,2,2886,5772,46
13174,4347,252,2,2663,5326,37
13175,4347,413,1,7682,7682,46
13176,4347,225,1,6279,6279,29
13177,4348,146,1,7549,7549,48
13178,4348,325,2,4425,8850,36
13179,4348,471,1,3454,3454,12
13180,4348,456,2,8667,17334,1
13181,4349,313,1,2105,2105,17
13182,4350,196,2,3348,6696,45
13183,4350,88,2,1892,3784,23
13184,4350,497,1,6071,6071,42
13185,4350,302,2,1386,2772,5
13186,4351,392,1,1069,1069,33
13187,4351,92,2,9153,18306,29
13188,4352,103,1,3003,3003,27
13189,4352,152,1,8703,8703,9
13190,4352,283,2,9977,19954,31
13191,4352,279,1,8933,8933,14
13192,4352,460,1,8795,8795,13
13193,4353,464,1,626,626,17
13194,4353,82,1,9229,9229,16
13195,4353,480,2,802,1604,45
13196,4354,456,2,8667,17334,16
13197,4354,217,1,6416,6416,41
13198,4354,313,1,2105,2105,11
13199,4355,376,2,7229,14458,14
13200,4355,125,2,4484,8968,37
13201,4356,368,1,2023,2023,48
13202,4356,332,1,9187,9187,14
13203,4356,156,2,1080,2160,28
13204,4357,239,1,2008,2008,31
13205,4357,187,2,7902,15804,21
13206,4358,366,2,3411,6822,33
13207,4359,109,1,7744,7744,41
13208,4359,422,1,2063,2063,22
13209,4359,331,2,8327,16654,48
13210,4359,154,1,2254,2254,47
13211,4360,335,1,3595,3595,16
13212,4360,405,2,7803,15606,34
13213,4360,186,1,301,301,13
13214,4360,109,2,7744,15488,6
13215,4361,22,1,2507,2507,19
13216,4361,331,1,8327,8327,37
13217,4362,495,2,7826,15652,27
13218,4362,81,1,5434,5434,36
13219,4363,278,2,4446,8892,35
13220,4363,77,2,2932,5864,6
13221,4363,459,2,3610,7220,8
13222,4363,484,1,966,966,11
13223,4363,90,1,5742,5742,49
13224,4364,102,2,7997,15994,17
13225,4364,189,1,7671,7671,35
13226,4364,291,1,2599,2599,39
13227,4365,74,1,4264,4264,49
13228,4365,210,1,2955,2955,16
13229,4366,425,1,6302,6302,42
13230,4366,204,1,5332,5332,46
13231,4367,340,1,6534,6534,9
13232,4368,411,2,683,1366,45
13233,4368,303,1,6559,6559,45
13234,4369,31,1,6864,6864,42
13235,4370,250,2,4301,8602,9
13236,4370,110,2,166,332,6
13237,4370,486,2,7644,15288,33
13238,4371,46,2,2736,5472,12
13239,4371,232,2,4005,8010,29
13240,4371,306,1,427,427,9
13241,4371,82,2,9229,18458,41
13242,4371,368,1,2023,2023,26
13243,4372,312,2,1017,2034,13
13244,4372,366,1,3411,3411,31
13245,4372,93,1,8858,8858,22
13246,4372,429,2,9556,19112,14
13247,4372,227,1,3371,3371,4
13248,4373,248,1,5140,5140,14
13249,4373,181,1,575,575,13
13250,4374,242,2,959,1918,1
13251,4374,433,1,1018,1018,34
13252,4374,142,1,4451,4451,23
13253,4374,335,2,3595,7190,31
13254,4375,233,2,7932,15864,26
13255,4376,295,2,9489,18978,37
13256,4376,48,1,7171,7171,22
13257,4376,326,1,8014,8014,49
13258,4377,344,2,7129,14258,39
13259,4377,239,2,2008,4016,30
13260,4378,67,1,1386,1386,43
13261,4378,128,1,1065,1065,29
13262,4378,110,2,166,332,48
13263,4378,315,2,5375,10750,34
13264,4378,319,2,5440,10880,41
13265,4379,296,2,4832,9664,38
13266,4379,477,2,4434,8868,18
13267,4379,166,1,1767,1767,18
13268,4380,10,2,7504,15008,1
13269,4380,272,2,9771,19542,49
13270,4380,489,1,4052,4052,17
13271,4381,129,2,6421,12842,10
13272,4382,37,1,5974,5974,30
13273,4382,251,1,1127,1127,25
13274,4382,470,1,8803,8803,46
13275,4383,212,1,2125,2125,27
13276,4384,269,2,8261,16522,8
13277,4384,259,1,4256,4256,12
13278,4384,328,2,1982,3964,6
13279,4384,134,2,433,866,15
13280,4385,288,2,6709,13418,18
13281,4386,131,2,6426,12852,6
13282,4386,170,1,5243,5243,26
13283,4386,464,1,626,626,7
13284,4386,18,2,4166,8332,38
13285,4386,231,2,6242,12484,49
13286,4387,302,1,1386,1386,31
13287,4387,182,2,3502,7004,13
13288,4387,363,1,5692,5692,46
13289,4387,375,1,9583,9583,47
13290,4387,220,1,792,792,21
13291,4388,53,1,493,493,14
13292,4388,243,1,3767,3767,49
13293,4388,481,2,6701,13402,30
13294,4388,171,2,4878,9756,16
13295,4389,254,1,8080,8080,23
13296,4390,80,1,9998,9998,26
13297,4391,90,1,5742,5742,4
13298,4391,38,1,7964,7964,16
13299,4392,422,2,2063,4126,36
13300,4393,104,2,4304,8608,40
13301,4393,441,1,5608,5608,26
13302,4393,242,1,959,959,40
13303,4394,428,2,4566,9132,21
13304,4394,483,1,5769,5769,36
13305,4394,7,1,4344,4344,48
13306,4394,485,2,2932,5864,12
13307,4394,218,2,5588,11176,31
13308,4395,213,1,1327,1327,47
13309,4396,35,1,532,532,32
13310,4396,127,1,803,803,14
13311,4396,412,2,2577,5154,12
13312,4396,59,1,3707,3707,48
13313,4396,317,2,3598,7196,48
13314,4397,380,2,5037,10074,43
13315,4397,316,1,2025,2025,48
13316,4397,147,1,4932,4932,20
13317,4397,248,1,5140,5140,11
13318,4398,201,1,1906,1906,8
13319,4398,491,2,7872,15744,45
13320,4398,332,1,9187,9187,19
13321,4399,28,1,3348,3348,25
13322,4399,323,2,3539,7078,30
13323,4399,65,1,1575,1575,1
13324,4399,355,1,3972,3972,34
13325,4400,317,2,3598,7196,18
13326,4400,96,1,7924,7924,48
13327,4401,230,1,1378,1378,12
13328,4401,153,2,6657,13314,42
13329,4401,466,2,4450,8900,26
13330,4401,74,1,4264,4264,10
13331,4402,463,2,8313,16626,40
13332,4402,266,1,1413,1413,11
13333,4402,206,2,6328,12656,13
13334,4402,488,2,5080,10160,18
13335,4403,289,1,6074,6074,40
13336,4403,43,2,2257,4514,37
13337,4403,40,2,8004,16008,49
13338,4404,405,1,7803,7803,34
13339,4404,134,1,433,433,8
13340,4404,253,1,4985,4985,11
13341,4404,150,2,179,358,32
13342,4404,191,2,600,1200,12
13343,4405,29,2,8365,16730,38
13344,4405,343,2,6618,13236,6
13345,4405,281,1,8327,8327,20
13346,4405,118,1,3022,3022,46
13347,4405,57,1,2705,2705,29
13348,4406,51,2,4970,9940,2
13349,4406,132,2,4597,9194,27
13350,4406,109,1,7744,7744,29
13351,4407,447,2,2645,5290,13
13352,4407,108,1,1845,1845,31
13353,4407,62,2,7260,14520,23
13354,4407,322,2,8465,16930,13
13355,4408,319,1,5440,5440,3
13356,4408,38,2,7964,15928,15
13357,4408,404,2,5532,11064,32
13358,4408,483,2,5769,11538,40
13359,4408,213,2,1327,2654,27
13360,4409,297,2,1490,2980,47
13361,4409,314,1,3186,3186,14
13362,4409,233,1,7932,7932,11
13363,4409,315,1,5375,5375,15
13364,4410,23,1,5151,5151,23
13365,4410,378,2,9971,19942,30
13366,4410,181,1,575,575,49
13367,4411,151,1,9774,9774,42
13368,4411,46,1,2736,2736,16
13369,4411,335,1,3595,3595,0
13370,4411,215,2,1100,2200,24
13371,4412,488,2,5080,10160,13
13372,4412,294,2,2813,5626,11
13373,4412,169,1,1711,1711,36
13374,4413,280,2,598,1196,49
13375,4413,18,1,4166,4166,46
13376,4414,16,1,6789,6789,28
13377,4414,113,2,8499,16998,1
13378,4414,307,2,3734,7468,45
13379,4414,492,1,2978,2978,4
13380,4415,212,2,2125,4250,42
13381,4415,188,1,1340,1340,38
13382,4415,58,1,9175,9175,5
13383,4416,226,1,6844,6844,16
13384,4416,195,1,527,527,32
13385,4417,274,2,514,1028,33
13386,4417,309,1,5432,5432,14
13387,4417,294,2,2813,5626,10
13388,4418,383,2,3997,7994,40
13389,4418,207,1,1145,1145,1
13390,4418,428,1,4566,4566,19
13391,4418,278,2,4446,8892,15
13392,4419,290,2,8108,16216,25
13393,4420,62,2,7260,14520,29
13394,4420,454,2,412,824,9
13395,4420,131,1,6426,6426,20
13396,4421,174,2,5394,10788,48
13397,4421,83,2,8065,16130,5
13398,4421,3,2,810,1620,26
13399,4422,283,2,9977,19954,23
13400,4422,249,2,3076,6152,17
13401,4422,189,2,7671,15342,44
13402,4422,13,2,2609,5218,35
13403,4423,179,2,7886,15772,41
13404,4423,206,2,6328,12656,7
13405,4423,110,2,166,332,0
13406,4423,331,1,8327,8327,10
13407,4424,179,1,7886,7886,15
13408,4424,340,1,6534,6534,14
13409,4424,335,1,3595,3595,17
13410,4424,162,2,7997,15994,2
13411,4425,301,2,7201,14402,13
13412,4425,249,2,3076,6152,21
13413,4425,105,2,2035,4070,3
13414,4425,412,2,2577,5154,42
13415,4425,113,1,8499,8499,22
13416,4426,474,1,6848,6848,24
13417,4426,133,2,4827,9654,0
13418,4426,215,2,1100,2200,37
13419,4427,380,1,5037,5037,10
13420,4427,6,1,9079,9079,35
13421,4427,214,1,9847,9847,18
13422,4428,490,1,2663,2663,4
13423,4428,209,2,8256,16512,24
13424,4428,140,1,7936,7936,41
13425,4428,428,2,4566,9132,47
13426,4429,250,2,4301,8602,3
13427,4430,231,1,6242,6242,2
13428,4430,474,2,6848,13696,47
13429,4430,19,1,9031,9031,2
13430,4430,82,1,9229,9229,30
13431,4430,217,1,6416,6416,17
13432,4431,400,1,4939,4939,8
13433,4431,338,2,8558,17116,28
13434,4431,228,1,3377,3377,25
13435,4432,43,2,2257,4514,47
13436,4432,317,1,3598,3598,11
13437,4432,416,2,1795,3590,23
13438,4432,385,2,3416,6832,44
13439,4432,16,2,6789,13578,38
13440,4433,163,1,1089,1089,15
13441,4433,443,2,1814,3628,18
13442,4433,287,1,5220,5220,1
13443,4433,263,2,7027,14054,46
13444,4433,358,2,876,1752,32
13445,4434,399,1,2348,2348,16
13446,4434,108,1,1845,1845,31
13447,4435,261,1,8358,8358,49
13448,4435,188,1,1340,1340,23
13449,4435,344,2,7129,14258,37
13450,4435,379,2,288,576,29
13451,4436,121,2,9357,18714,10
13452,4436,124,2,4127,8254,28
13453,4436,28,2,3348,6696,15
13454,4436,93,1,8858,8858,43
13455,4437,486,2,7644,15288,32
13456,4437,118,2,3022,6044,3
13457,4437,111,2,4199,8398,35
13458,4437,415,2,9335,18670,9
13459,4438,368,1,2023,2023,12
13460,4439,115,2,901,1802,44
13461,4439,199,1,9352,9352,8
13462,4440,391,2,7357,14714,23
13463,4440,147,2,4932,9864,41
13464,4441,431,2,3477,6954,42
13465,4441,33,1,2531,2531,19
13466,4442,378,1,9971,9971,3
13467,4443,217,2,6416,12832,11
13468,4443,8,1,552,552,21
13469,4443,4,2,3526,7052,10
13470,4443,91,2,2426,4852,31
13471,4444,467,2,989,1978,28
13472,4444,101,2,8481,16962,1
13473,4444,386,2,7081,14162,31
13474,4444,254,1,8080,8080,47
13475,4445,108,2,1845,3690,22
13476,4445,500,1,8459,8459,49
13477,4445,3,1,810,810,5
13478,4446,218,2,5588,11176,17
13479,4447,439,1,8872,8872,21
13480,4447,402,2,724,1448,15
13481,4447,68,1,1393,1393,3
13482,4447,435,2,1446,2892,5
13483,4447,279,2,8933,17866,11
13484,4448,61,1,6585,6585,13
13485,4448,24,1,1400,1400,8
13486,4448,178,2,885,1770,3
13487,4448,53,2,493,986,47
13488,4449,214,1,9847,9847,20
13489,4449,244,2,9563,19126,6
13490,4450,355,1,3972,3972,26
13491,4450,276,1,5653,5653,16
13492,4450,324,2,9564,19128,31
13493,4450,371,2,8364,16728,22
13494,4450,300,2,3824,7648,41
13495,4451,49,1,4975,4975,1
13496,4451,5,1,1375,1375,3
13497,4451,78,2,9614,19228,47
13498,4451,360,2,7936,15872,45
13499,4452,308,1,9878,9878,49
13500,4452,480,1,802,802,32
13501,4453,54,1,5045,5045,21
13502,4453,290,2,8108,16216,8
13503,4453,179,1,7886,7886,46
13504,4454,360,1,7936,7936,42
13505,4454,413,2,7682,15364,32
13506,4454,193,2,2706,5412,25
13507,4455,156,2,1080,2160,19
13508,4456,119,2,703,1406,19
13509,4456,468,1,1895,1895,5
13510,4456,79,2,7778,15556,27
13511,4457,360,1,7936,7936,9
13512,4457,49,2,4975,9950,17
13513,4457,268,2,8452,16904,3
13514,4458,329,2,6394,12788,25
13515,4458,23,1,5151,5151,11
13516,4458,192,1,8710,8710,44
13517,4458,381,2,1186,2372,47
13518,4459,29,1,8365,8365,44
13519,4459,457,1,4081,4081,8
13520,4459,70,2,5334,10668,37
13521,4459,478,2,7111,14222,15
13522,4459,457,2,4081,8162,32
13523,4460,480,1,802,802,39
13524,4460,1,1,7383,7383,21
13525,4460,344,2,7129,14258,26
13526,4461,62,1,7260,7260,41
13527,4462,298,1,7494,7494,20
13528,4463,251,1,1127,1127,6
13529,4463,195,1,527,527,1
13530,4463,427,2,7939,15878,29
13531,4463,400,2,4939,9878,32
13532,4463,468,1,1895,1895,28
13533,4464,217,1,6416,6416,12
13534,4464,154,2,2254,4508,45
13535,4464,286,1,1335,1335,3
13536,4464,271,1,9332,9332,19
13537,4464,92,2,9153,18306,21
13538,4465,4,2,3526,7052,4
13539,4465,78,1,9614,9614,26
13540,4465,95,1,1920,1920,47
13541,4466,47,1,6006,6006,5
13542,4466,461,1,9272,9272,15
13543,4467,164,2,1863,3726,34
13544,4467,441,2,5608,11216,44
13545,4467,19,2,9031,18062,3
13546,4467,398,1,6975,6975,7
13547,4467,265,1,445,445,48
13548,4468,59,1,3707,3707,29
13549,4468,266,2,1413,2826,39
13550,4469,261,1,8358,8358,15
13551,4470,217,2,6416,12832,4
13552,4471,325,1,4425,4425,37
13553,4471,282,1,132,132,39
13554,4471,443,2,1814,3628,8
13555,4472,22,1,2507,2507,8
13556,4472,488,1,5080,5080,33
13557,4472,492,2,2978,5956,21
13558,4472,285,1,6960,6960,14
13559,4473,232,1,4005,4005,9
13560,4473,479,1,4003,4003,8
13561,4474,461,2,9272,18544,21
13562,4474,144,1,952,952,17
13563,4475,277,1,1812,1812,45
13564,4475,40,2,8004,16008,8
13565,4475,498,1,5376,5376,0
13566,4476,165,1,2804,2804,34
13567,4477,190,1,9154,9154,20
13568,4477,111,1,4199,4199,29
13569,4478,126,2,511,1022,39
13570,4479,389,2,8169,16338,0
13571,4479,227,1,3371,3371,43
13572,4479,274,1,514,514,48
13573,4479,70,2,5334,10668,2
13574,4479,135,1,2784,2784,27
13575,4480,451,2,6416,12832,42
13576,4480,130,2,8697,17394,45
13577,4480,39,2,569,1138,36
13578,4480,54,2,5045,10090,1
13579,4481,173,2,7111,14222,46
13580,4482,339,2,1062,2124,14
13581,4482,279,1,8933,8933,4
13582,4482,99,1,7480,7480,46
13583,4483,112,2,1365,2730,3
13584,4483,230,1,1378,1378,5
13585,4483,288,1,6709,6709,42
13586,4483,421,2,1837,3674,26
13587,4483,46,1,2736,2736,44
13588,4484,89,1,1967,1967,8
13589,4484,263,2,7027,14054,6
13590,4484,164,2,1863,3726,13
13591,4484,381,2,1186,2372,9
13592,4485,209,1,8256,8256,5
13593,4485,385,2,3416,6832,28
13594,4485,183,2,2684,5368,21
13595,4485,396,1,2758,2758,44
13596,4486,378,1,9971,9971,22
13597,4486,218,2,5588,11176,10
13598,4486,475,1,2596,2596,37
13599,4486,61,1,6585,6585,8
13600,4487,376,1,7229,7229,6
13601,4487,181,2,575,1150,40
13602,4487,112,2,1365,2730,30
13603,4487,242,2,959,1918,26
13604,4488,19,1,9031,9031,19
13605,4488,151,1,9774,9774,20
13606,4488,269,1,8261,8261,20
13607,4488,18,2,4166,8332,28
13608,4488,377,1,3078,3078,39
13609,4489,296,1,4832,4832,39
13610,4490,9,2,7261,14522,13
13611,4490,185,2,9725,19450,43
13612,4491,23,1,5151,5151,47
13613,4491,326,1,8014,8014,35
13614,4491,21,2,9405,18810,35
13615,4492,213,2,1327,2654,21
13616,4492,38,2,7964,15928,35
13617,4492,256,1,8015,8015,0
13618,4493,69,1,3379,3379,3
13619,4493,355,2,3972,7944,46
13620,4494,393,1,5614,5614,4
13621,4494,15,2,8230,16460,41
13622,4495,293,1,3156,3156,9
13623,4495,326,1,8014,8014,11
13624,4496,387,1,9763,9763,15
13625,4496,103,1,3003,3003,30
13626,4496,360,2,7936,15872,42
13627,4496,421,1,1837,1837,18
13628,4497,262,2,7591,15182,2
13629,4498,220,1,792,792,30
13630,4498,321,2,7163,14326,17
13631,4498,248,2,5140,10280,24
13632,4498,334,1,7855,7855,26
13633,4498,190,2,9154,18308,27
13634,4499,241,2,6358,12716,11
13635,4499,97,1,2581,2581,13
13636,4499,441,1,5608,5608,6
13637,4499,223,2,3994,7988,30
13638,4499,323,2,3539,7078,24
13639,4500,170,2,5243,10486,12
13640,4500,128,2,1065,2130,14
13641,4500,389,1,8169,8169,20
13642,4500,86,1,3922,3922,40
13643,4500,432,2,5619,11238,4
13644,4501,77,2,2932,5864,20
13645,4502,167,2,7276,14552,43
13646,4502,424,2,8160,16320,45
13647,4502,454,1,412,412,36
13648,4502,205,2,4349,8698,1
13649,4502,448,1,2566,2566,28
13650,4503,73,2,4792,9584,38
13651,4503,448,2,2566,5132,42
13652,4503,217,1,6416,6416,22
13653,4503,411,1,683,683,24
13654,4503,497,1,6071,6071,22
13655,4504,55,2,2603,5206,20
13656,4504,361,1,1521,1521,5
13657,4504,216,2,6829,13658,14
13658,4505,151,1,9774,9774,12
13659,4506,395,2,4317,8634,12
13660,4507,253,2,4985,9970,17
13661,4507,337,2,3014,6028,34
13662,4507,499,1,7189,7189,16
13663,4508,452,2,200,400,37
13664,4508,132,1,4597,4597,28
13665,4508,98,1,8801,8801,34
13666,4508,111,1,4199,4199,43
13667,4508,184,1,2562,2562,1
13668,4509,343,1,6618,6618,14
13669,4509,496,1,816,816,41
13670,4509,323,1,3539,3539,45
13671,4510,94,2,8136,16272,39
13672,4510,174,1,5394,5394,48
13673,4510,105,2,2035,4070,4
13674,4511,407,1,5041,5041,12
13675,4511,286,1,1335,1335,20
13676,4511,362,2,9032,18064,37
13677,4512,104,1,4304,4304,29
13678,4512,151,2,9774,19548,14
13679,4512,259,1,4256,4256,7
13680,4512,98,1,8801,8801,33
13681,4512,288,2,6709,13418,37
13682,4513,201,2,1906,3812,0
13683,4513,51,2,4970,9940,11
13684,4513,267,1,9802,9802,18
13685,4513,383,1,3997,3997,11
13686,4514,138,1,6011,6011,2
13687,4515,161,2,8668,17336,16
13688,4516,23,2,5151,10302,21
13689,4516,175,1,8190,8190,45
13690,4516,405,2,7803,15606,49
13691,4516,75,2,5949,11898,2
13692,4517,26,2,4719,9438,38
13693,4518,31,2,6864,13728,41
13694,4519,283,1,9977,9977,35
13695,4519,89,2,1967,3934,44
13696,4520,302,1,1386,1386,43
13697,4520,455,1,6367,6367,46
13698,4520,154,1,2254,2254,39
13699,4520,307,2,3734,7468,22
13700,4521,181,1,575,575,5
13701,4521,213,1,1327,1327,41
13702,4521,443,1,1814,1814,16
13703,4521,246,2,7060,14120,48
13704,4521,100,1,2808,2808,22
13705,4522,451,1,6416,6416,43
13706,4523,377,1,3078,3078,31
13707,4523,406,1,8666,8666,38
13708,4523,219,1,8550,8550,23
13709,4523,67,2,1386,2772,29
13710,4524,181,1,575,575,47
13711,4525,148,1,5057,5057,14
13712,4525,315,2,5375,10750,40
13713,4525,230,2,1378,2756,27
13714,4525,174,2,5394,10788,12
13715,4525,125,1,4484,4484,48
13716,4526,49,2,4975,9950,8
13717,4526,188,1,1340,1340,49
13718,4526,389,1,8169,8169,1
13719,4527,132,2,4597,9194,30
13720,4527,269,2,8261,16522,30
13721,4527,358,2,876,1752,19
13722,4527,296,2,4832,9664,35
13723,4527,138,2,6011,12022,19
13724,4528,307,2,3734,7468,26
13725,4528,108,2,1845,3690,13
13726,4528,336,2,2077,4154,15
13727,4528,475,2,2596,5192,9
13728,4528,32,1,9159,9159,42
13729,4529,23,1,5151,5151,15
13730,4529,28,1,3348,3348,36
13731,4530,69,2,3379,6758,19
13732,4530,203,1,8865,8865,36
13733,4530,71,1,1979,1979,42
13734,4530,204,1,5332,5332,33
13735,4530,330,1,6169,6169,26
13736,4531,282,1,132,132,33
13737,4531,475,2,2596,5192,1
13738,4531,291,2,2599,5198,13
13739,4531,30,2,7952,15904,33
13740,4531,366,1,3411,3411,30
13741,4532,265,2,445,890,13
13742,4532,61,1,6585,6585,49
13743,4532,34,1,4723,4723,29
13744,4532,416,2,1795,3590,28
13745,4533,98,1,8801,8801,25
13746,4533,61,1,6585,6585,41
13747,4534,90,2,5742,11484,47
13748,4534,118,1,3022,3022,8
13749,4535,2,2,1005,2010,43
13750,4535,138,1,6011,6011,22
13751,4535,353,1,8490,8490,42
13752,4535,474,1,6848,6848,2
13753,4536,80,2,9998,19996,24
13754,4536,85,2,7726,15452,44
13755,4536,244,2,9563,19126,9
13756,4536,482,2,4129,8258,7
13757,4536,336,1,2077,2077,22
13758,4537,225,2,6279,12558,33
13759,4537,303,2,6559,13118,12
13760,4537,369,2,2604,5208,29
13761,4537,236,2,5507,11014,45
13762,4538,24,1,1400,1400,8
13763,4538,442,1,5784,5784,37
13764,4538,388,2,2920,5840,8
13765,4538,46,1,2736,2736,30
13766,4539,352,2,8327,16654,0
13767,4539,174,2,5394,10788,11
13768,4539,91,2,2426,4852,1
13769,4539,499,1,7189,7189,22
13770,4540,414,2,7849,15698,32
13771,4540,169,2,1711,3422,13
13772,4540,129,2,6421,12842,7
13773,4541,439,1,8872,8872,18
13774,4541,453,1,9440,9440,44
13775,4541,380,1,5037,5037,26
13776,4542,255,2,6915,13830,37
13777,4542,73,2,4792,9584,46
13778,4542,5,2,1375,2750,32
13779,4543,104,2,4304,8608,4
13780,4543,196,2,3348,6696,6
13781,4543,252,2,2663,5326,34
13782,4544,333,2,4948,9896,25
13783,4544,294,2,2813,5626,17
13784,4544,176,2,6822,13644,20
13785,4544,457,1,4081,4081,12
13786,4544,50,1,7706,7706,47
13787,4545,304,2,5702,11404,31
13788,4545,382,2,1765,3530,20
13789,4545,265,1,445,445,33
13790,4545,5,1,1375,1375,32
13791,4545,71,2,1979,3958,38
13792,4546,156,2,1080,2160,46
13793,4546,19,1,9031,9031,18
13794,4546,497,1,6071,6071,25
13795,4546,222,2,8997,17994,47
13796,4547,363,1,5692,5692,13
13797,4547,93,2,8858,17716,33
13798,4547,265,2,445,890,14
13799,4548,361,2,1521,3042,18
13800,4548,441,2,5608,11216,15
13801,4548,185,2,9725,19450,20
13802,4548,389,2,8169,16338,43
13803,4549,489,1,4052,4052,0
13804,4549,102,2,7997,15994,3
13805,4549,24,1,1400,1400,20
13806,4549,309,2,5432,10864,39
13807,4549,390,2,2081,4162,32
13808,4550,155,2,3414,6828,11
13809,4550,150,2,179,358,6
13810,4551,269,2,8261,16522,35
13811,4552,205,2,4349,8698,34
13812,4552,168,1,2126,2126,36
13813,4552,277,2,1812,3624,8
13814,4553,275,1,4126,4126,33
13815,4553,108,1,1845,1845,1
13816,4554,442,1,5784,5784,42
13817,4554,81,1,5434,5434,18
13818,4554,436,1,9749,9749,2
13819,4554,460,2,8795,17590,20
13820,4554,405,1,7803,7803,11
13821,4555,486,2,7644,15288,6
13822,4556,312,2,1017,2034,22
13823,4557,243,2,3767,7534,48
13824,4557,301,1,7201,7201,36
13825,4558,39,2,569,1138,47
13826,4558,398,1,6975,6975,35
13827,4558,128,2,1065,2130,46
13828,4558,3,1,810,810,18
13829,4558,82,1,9229,9229,14
13830,4559,282,2,132,264,23
13831,4559,282,2,132,264,10
13832,4559,255,2,6915,13830,34
13833,4559,421,2,1837,3674,10
13834,4559,280,2,598,1196,11
13835,4560,455,1,6367,6367,26
13836,4560,342,1,808,808,41
13837,4560,346,2,8830,17660,44
13838,4561,401,1,2493,2493,31
13839,4562,86,2,3922,7844,13
13840,4562,491,1,7872,7872,22
13841,4563,432,1,5619,5619,14
13842,4564,395,2,4317,8634,49
13843,4564,427,2,7939,15878,30
13844,4564,79,1,7778,7778,7
13845,4564,407,2,5041,10082,38
13846,4565,358,1,876,876,15
13847,4566,79,2,7778,15556,49
13848,4566,123,1,5979,5979,22
13849,4566,28,1,3348,3348,6
13850,4566,332,1,9187,9187,1
13851,4566,434,2,7634,15268,17
13852,4567,119,2,703,1406,5
13853,4567,161,2,8668,17336,19
13854,4568,3,1,810,810,41
13855,4568,384,2,2886,5772,11
13856,4568,226,1,6844,6844,49
13857,4568,227,1,3371,3371,38
13858,4569,194,2,8080,16160,2
13859,4569,9,1,7261,7261,23
13860,4569,194,2,8080,16160,29
13861,4569,290,1,8108,8108,39
13862,4569,453,1,9440,9440,44
13863,4570,315,2,5375,10750,17
13864,4571,108,1,1845,1845,12
13865,4571,88,2,1892,3784,31
13866,4572,168,2,2126,4252,32
13867,4572,53,2,493,986,42
13868,4572,91,2,2426,4852,46
13869,4572,295,2,9489,18978,44
13870,4572,77,2,2932,5864,22
13871,4573,316,1,2025,2025,46
13872,4573,371,2,8364,16728,17
13873,4573,93,2,8858,17716,15
13874,4574,190,2,9154,18308,34
13875,4575,313,1,2105,2105,44
13876,4575,348,1,9864,9864,11
13877,4575,473,2,444,888,8
13878,4575,340,1,6534,6534,24
13879,4576,87,2,5931,11862,46
13880,4576,444,2,9635,19270,23
13881,4576,443,2,1814,3628,47
13882,4576,33,2,2531,5062,10
13883,4577,130,2,8697,17394,20
13884,4577,307,2,3734,7468,12
13885,4577,79,1,7778,7778,14
13886,4578,16,2,6789,13578,21
13887,4579,197,2,1979,3958,38
13888,4579,264,2,2992,5984,46
13889,4580,256,2,8015,16030,27
13890,4581,60,2,8364,16728,17
13891,4582,309,2,5432,10864,2
13892,4582,404,1,5532,5532,32
13893,4582,13,1,2609,2609,9
13894,4582,426,2,3669,7338,45
13895,4583,176,2,6822,13644,24
13896,4583,16,2,6789,13578,0
13897,4584,329,2,6394,12788,17
13898,4584,293,2,3156,6312,47
13899,4585,359,1,134,134,41
13900,4585,57,1,2705,2705,20
13901,4585,298,1,7494,7494,16
13902,4585,130,2,8697,17394,30
13903,4586,89,1,1967,1967,0
13904,4587,471,1,3454,3454,16
13905,4587,232,1,4005,4005,42
13906,4588,202,1,1340,1340,37
13907,4588,322,1,8465,8465,41
13908,4588,415,2,9335,18670,7
13909,4588,374,1,1359,1359,25
13910,4589,334,1,7855,7855,15
13911,4589,264,2,2992,5984,38
13912,4589,371,1,8364,8364,2
13913,4589,348,2,9864,19728,41
13914,4589,87,1,5931,5931,33
13915,4590,167,2,7276,14552,48
13916,4591,207,1,1145,1145,42
13917,4591,100,1,2808,2808,25
13918,4592,258,2,6742,13484,40
13919,4592,146,1,7549,7549,48
13920,4593,340,1,6534,6534,3
13921,4593,157,1,8682,8682,45
13922,4593,28,2,3348,6696,12
13923,4594,171,2,4878,9756,49
13924,4594,469,1,7584,7584,36
13925,4594,81,2,5434,10868,26
13926,4594,301,2,7201,14402,15
13927,4595,408,1,1506,1506,27
13928,4595,175,1,8190,8190,11
13929,4596,232,1,4005,4005,49
13930,4596,11,1,6295,6295,17
13931,4597,440,2,632,1264,11
13932,4597,417,1,5478,5478,18
13933,4598,414,2,7849,15698,4
13934,4598,304,1,5702,5702,22
13935,4598,387,1,9763,9763,8
13936,4598,494,1,7434,7434,27
13937,4599,3,1,810,810,49
13938,4599,489,2,4052,8104,21
13939,4599,158,1,3155,3155,49
13940,4600,340,2,6534,13068,21
13941,4600,26,2,4719,9438,11
13942,4600,398,1,6975,6975,7
13943,4601,75,1,5949,5949,1
13944,4601,133,2,4827,9654,37
13945,4602,467,1,989,989,19
13946,4603,52,2,4381,8762,2
13947,4603,103,2,3003,6006,43
13948,4603,317,1,3598,3598,43
13949,4603,420,2,2612,5224,47
13950,4604,174,1,5394,5394,8
13951,4604,177,1,5567,5567,7
13952,4604,156,2,1080,2160,37
13953,4604,283,1,9977,9977,4
13954,4605,66,1,3514,3514,44
13955,4605,173,1,7111,7111,45
13956,4605,266,1,1413,1413,17
13957,4605,401,1,2493,2493,4
13958,4605,287,2,5220,10440,28
13959,4606,484,1,966,966,36
13960,4606,453,2,9440,18880,5
13961,4606,344,1,7129,7129,9
13962,4607,480,1,802,802,24
13963,4607,7,1,4344,4344,10
13964,4607,413,2,7682,15364,5
13965,4608,408,2,1506,3012,46
13966,4608,48,1,7171,7171,42
13967,4609,471,1,3454,3454,28
13968,4609,8,1,552,552,34
13969,4609,412,2,2577,5154,46
13970,4610,451,2,6416,12832,1
13971,4611,46,1,2736,2736,34
13972,4611,200,1,994,994,43
13973,4612,305,1,6459,6459,10
13974,4612,456,2,8667,17334,32
13975,4612,274,2,514,1028,9
13976,4612,48,2,7171,14342,31
13977,4613,420,2,2612,5224,7
13978,4613,77,2,2932,5864,28
13979,4613,211,2,8936,17872,47
13980,4613,468,2,1895,3790,33
13981,4614,2,2,1005,2010,47
13982,4614,131,2,6426,12852,12
13983,4614,197,2,1979,3958,11
13984,4614,453,2,9440,18880,34
13985,4615,110,1,166,166,10
13986,4615,301,1,7201,7201,26
13987,4615,132,1,4597,4597,2
13988,4615,199,1,9352,9352,4
13989,4615,371,1,8364,8364,6
13990,4616,463,1,8313,8313,22
13991,4616,415,1,9335,9335,19
13992,4616,242,2,959,1918,7
13993,4616,312,2,1017,2034,35
13994,4616,158,1,3155,3155,4
13995,4617,181,1,575,575,21
13996,4617,113,2,8499,16998,18
13997,4617,427,1,7939,7939,26
13998,4617,40,2,8004,16008,37
13999,4617,72,1,4731,4731,44
14000,4618,389,2,8169,16338,28
14001,4619,231,2,6242,12484,38
14002,4619,140,1,7936,7936,22
14003,4620,330,2,6169,12338,34
14004,4620,231,2,6242,12484,5
14005,4620,77,1,2932,2932,43
14006,4620,244,2,9563,19126,42
14007,4620,462,2,2010,4020,20
14008,4621,165,1,2804,2804,36
14009,4621,246,2,7060,14120,38
14010,4622,4,2,3526,7052,7
14011,4622,195,2,527,1054,0
14012,4623,288,1,6709,6709,1
14013,4624,231,1,6242,6242,45
14014,4624,211,2,8936,17872,47
14015,4624,134,2,433,866,5
14016,4625,481,2,6701,13402,47
14017,4625,166,2,1767,3534,13
14018,4625,255,1,6915,6915,29
14019,4625,355,2,3972,7944,7
14020,4626,467,1,989,989,15
14021,4626,131,1,6426,6426,20
14022,4627,20,1,7740,7740,27
14023,4627,34,2,4723,9446,15
14024,4627,318,2,8576,17152,8
14025,4627,91,1,2426,2426,15
14026,4628,229,1,6873,6873,34
14027,4628,106,2,3151,6302,36
14028,4628,273,2,9304,18608,8
14029,4629,223,1,3994,3994,35
14030,4630,237,2,3798,7596,39
14031,4630,47,1,6006,6006,11
14032,4630,347,1,4055,4055,43
14033,4630,410,1,1950,1950,46
14034,4631,418,2,8496,16992,41
14035,4631,35,2,532,1064,46
14036,4631,455,1,6367,6367,40
14037,4631,362,1,9032,9032,27
14038,4632,8,2,552,1104,9
14039,4632,469,1,7584,7584,38
14040,4632,28,2,3348,6696,15
14041,4632,226,2,6844,13688,44
14042,4632,194,1,8080,8080,24
14043,4633,455,1,6367,6367,8
14044,4633,196,2,3348,6696,28
14045,4633,224,2,6082,12164,15
14046,4633,368,1,2023,2023,22
14047,4634,277,1,1812,1812,18
14048,4634,322,1,8465,8465,45
14049,4634,133,2,4827,9654,19
14050,4635,357,1,1901,1901,6
14051,4635,53,2,493,986,30
14052,4635,429,1,9556,9556,4
14053,4635,202,2,1340,2680,44
14054,4636,111,1,4199,4199,36
14055,4636,44,2,7604,15208,5
14056,4636,159,1,5798,5798,46
14057,4637,149,2,6253,12506,12
14058,4637,194,2,8080,16160,9
14059,4637,409,2,3636,7272,46
14060,4638,374,2,1359,2718,12
14061,4639,31,2,6864,13728,21
14062,4639,245,2,6825,13650,24
14063,4639,439,1,8872,8872,40
14064,4640,7,2,4344,8688,18
14065,4640,273,1,9304,9304,21
14066,4640,214,2,9847,19694,1
14067,4640,8,2,552,1104,23
14068,4640,375,1,9583,9583,43
14069,4641,494,2,7434,14868,27
14070,4642,481,2,6701,13402,31
14071,4642,226,2,6844,13688,10
14072,4642,244,2,9563,19126,5
14073,4642,83,2,8065,16130,38
14074,4642,249,1,3076,3076,17
14075,4643,60,1,8364,8364,4
14076,4643,316,2,2025,4050,0
14077,4644,207,2,1145,2290,41
14078,4644,138,2,6011,12022,11
14079,4645,89,1,1967,1967,24
14080,4646,86,2,3922,7844,37
14081,4646,340,2,6534,13068,20
14082,4646,162,1,7997,7997,16
14083,4647,452,1,200,200,33
14084,4648,333,1,4948,4948,45
14085,4648,16,2,6789,13578,39
14086,4648,67,2,1386,2772,28
14087,4648,124,1,4127,4127,31
14088,4648,20,1,7740,7740,2
14089,4649,235,1,931,931,3
14090,4649,248,1,5140,5140,24
14091,4649,85,1,7726,7726,33
14092,4649,118,1,3022,3022,43
14093,4649,397,2,9923,19846,2
14094,4650,231,1,6242,6242,35
14095,4651,41,2,4365,8730,21
14096,4651,375,2,9583,19166,26
14097,4651,160,2,4753,9506,1
14098,4651,121,2,9357,18714,1
14099,4652,477,2,4434,8868,22
14100,4652,479,1,4003,4003,0
14101,4652,196,1,3348,3348,9
14102,4652,155,1,3414,3414,48
14103,4652,184,1,2562,2562,20
14104,4653,18,2,4166,8332,27
14105,4653,75,2,5949,11898,9
14106,4653,354,1,6624,6624,47
14107,4653,239,1,2008,2008,32
14108,4653,378,2,9971,19942,11
14109,4654,83,2,8065,16130,42
14110,4654,186,2,301,602,27
14111,4654,468,1,1895,1895,25
14112,4654,191,2,600,1200,20
14113,4654,301,1,7201,7201,12
14114,4655,149,2,6253,12506,23
14115,4655,324,2,9564,19128,33
14116,4655,301,1,7201,7201,3
14117,4655,137,2,9792,19584,27
14118,4656,319,1,5440,5440,3
14119,4656,368,2,2023,4046,14
14120,4656,134,1,433,433,9
14121,4656,61,1,6585,6585,35
14122,4656,51,1,4970,4970,30
14123,4657,335,1,3595,3595,41
14124,4657,430,2,8207,16414,6
14125,4657,235,2,931,1862,9
14126,4658,95,1,1920,1920,2
14127,4658,472,1,8141,8141,14
14128,4658,468,2,1895,3790,46
14129,4658,196,2,3348,6696,18
14130,4658,318,2,8576,17152,15
14131,4659,199,1,9352,9352,46
14132,4659,394,2,9264,18528,30
14133,4659,493,1,674,674,16
14134,4660,453,1,9440,9440,20
14135,4660,258,1,6742,6742,26
14136,4661,101,2,8481,16962,1
14137,4661,483,2,5769,11538,30
14138,4661,310,1,1023,1023,30
14139,4661,86,1,3922,3922,9
14140,4662,214,2,9847,19694,11
14141,4662,78,1,9614,9614,17
14142,4663,373,1,5255,5255,2
14143,4663,322,1,8465,8465,8
14144,4663,160,2,4753,9506,45
14145,4663,108,1,1845,1845,43
14146,4664,498,1,5376,5376,4
14147,4664,243,2,3767,7534,36
14148,4664,333,2,4948,9896,29
14149,4664,104,1,4304,4304,20
14150,4664,397,1,9923,9923,16
14151,4665,55,2,2603,5206,39
14152,4666,5,1,1375,1375,21
14153,4666,352,1,8327,8327,39
14154,4666,428,2,4566,9132,46
14155,4666,78,2,9614,19228,32
14156,4666,486,2,7644,15288,9
14157,4667,23,2,5151,10302,41
14158,4667,220,2,792,1584,2
14159,4667,15,2,8230,16460,14
14160,4667,262,1,7591,7591,18
14161,4667,216,1,6829,6829,7
14162,4668,172,1,8206,8206,17
14163,4668,24,1,1400,1400,38
14164,4668,456,2,8667,17334,49
14165,4669,396,2,2758,5516,12
14166,4669,55,2,2603,5206,31
14167,4669,124,1,4127,4127,48
14168,4670,365,1,2532,2532,37
14169,4670,55,1,2603,2603,42
14170,4670,188,2,1340,2680,0
14171,4670,492,2,2978,5956,3
14172,4671,141,2,5963,11926,39
14173,4671,14,2,6673,13346,10
14174,4672,469,1,7584,7584,25
14175,4672,265,2,445,890,30
14176,4672,491,2,7872,15744,8
14177,4672,382,1,1765,1765,7
14178,4672,342,2,808,1616,30
14179,4673,349,2,9083,18166,17
14180,4673,293,1,3156,3156,14
14181,4674,458,1,7231,7231,28
14182,4674,376,2,7229,14458,24
14183,4674,302,1,1386,1386,32
14184,4675,8,1,552,552,25
14185,4675,81,1,5434,5434,47
14186,4676,342,2,808,1616,2
14187,4676,408,1,1506,1506,1
14188,4676,178,1,885,885,28
14189,4676,416,1,1795,1795,10
14190,4677,468,1,1895,1895,47
14191,4677,255,1,6915,6915,14
14192,4678,416,2,1795,3590,39
14193,4678,51,2,4970,9940,14
14194,4678,39,1,569,569,15
14195,4678,213,2,1327,2654,20
14196,4679,289,2,6074,12148,40
14197,4679,59,1,3707,3707,42
14198,4679,461,1,9272,9272,39
14199,4680,378,2,9971,19942,2
14200,4680,410,1,1950,1950,35
14201,4680,433,2,1018,2036,28
14202,4680,89,2,1967,3934,21
14203,4681,348,2,9864,19728,43
14204,4681,244,1,9563,9563,19
14205,4681,227,1,3371,3371,26
14206,4681,199,2,9352,18704,11
14207,4681,475,1,2596,2596,29
14208,4682,181,2,575,1150,4
14209,4683,198,1,2082,2082,43
14210,4683,58,1,9175,9175,28
14211,4683,268,2,8452,16904,25
14212,4684,74,2,4264,8528,47
14213,4684,457,2,4081,8162,41
14214,4684,302,1,1386,1386,14
14215,4684,35,1,532,532,2
14216,4684,150,1,179,179,22
14217,4685,188,1,1340,1340,35
14218,4685,19,1,9031,9031,38
14219,4686,240,1,826,826,26
14220,4686,235,1,931,931,34
14221,4686,344,1,7129,7129,30
14222,4686,440,1,632,632,40
14223,4687,92,1,9153,9153,42
14224,4687,480,1,802,802,28
14225,4687,432,1,5619,5619,17
14226,4687,389,2,8169,16338,30
14227,4687,444,2,9635,19270,44
14228,4688,177,1,5567,5567,23
14229,4688,6,2,9079,18158,14
14230,4689,43,2,2257,4514,31
14231,4690,75,2,5949,11898,30
14232,4691,287,2,5220,10440,43
14233,4692,82,2,9229,18458,24
14234,4693,211,1,8936,8936,39
14235,4694,61,1,6585,6585,17
14236,4694,455,2,6367,12734,12
14237,4694,37,1,5974,5974,28
14238,4694,18,1,4166,4166,28
14239,4695,482,2,4129,8258,33
14240,4695,426,2,3669,7338,44
14241,4695,171,2,4878,9756,42
14242,4695,339,2,1062,2124,21
14243,4696,421,2,1837,3674,9
14244,4696,341,2,1233,2466,49
14245,4697,316,1,2025,2025,49
14246,4697,88,2,1892,3784,32
14247,4698,61,1,6585,6585,10
14248,4698,22,2,2507,5014,7
14249,4698,404,2,5532,11064,32
14250,4698,470,1,8803,8803,24
14251,4698,413,1,7682,7682,0
14252,4699,170,2,5243,10486,30
14253,4699,14,1,6673,6673,2
14254,4699,360,2,7936,15872,29
14255,4700,161,2,8668,17336,30
14256,4701,185,2,9725,19450,29
14257,4702,119,2,703,1406,31
14258,4702,285,1,6960,6960,1
14259,4703,192,2,8710,17420,7
14260,4703,273,2,9304,18608,43
14261,4703,458,2,7231,14462,47
14262,4704,287,2,5220,10440,12
14263,4704,187,1,7902,7902,17
14264,4704,486,2,7644,15288,37
14265,4704,218,2,5588,11176,35
14266,4704,66,2,3514,7028,48
14267,4705,420,1,2612,2612,35
14268,4705,374,2,1359,2718,41
14269,4705,439,1,8872,8872,24
14270,4705,7,1,4344,4344,25
14271,4706,208,2,9063,18126,11
14272,4706,386,2,7081,14162,15
14273,4706,8,1,552,552,14
14274,4706,184,2,2562,5124,49
14275,4706,289,1,6074,6074,17
14276,4707,87,1,5931,5931,37
14277,4707,373,1,5255,5255,8
14278,4707,191,1,600,600,11
14279,4707,79,1,7778,7778,45
14280,4707,13,2,2609,5218,9
14281,4708,228,2,3377,6754,42
14282,4708,269,1,8261,8261,15
14283,4709,304,2,5702,11404,24
14284,4710,27,2,4304,8608,13
14285,4711,177,1,5567,5567,37
14286,4711,247,2,5807,11614,44
14287,4711,184,1,2562,2562,1
14288,4712,122,1,8570,8570,19
14289,4712,272,1,9771,9771,45
14290,4712,144,2,952,1904,34
14291,4713,176,1,6822,6822,43
14292,4713,255,1,6915,6915,27
14293,4713,485,2,2932,5864,16
14294,4714,265,1,445,445,13
14295,4714,208,1,9063,9063,2
14296,4715,465,2,1200,2400,45
14297,4715,443,2,1814,3628,2
14298,4716,266,2,1413,2826,34
14299,4717,491,1,7872,7872,31
14300,4717,486,2,7644,15288,48
14301,4717,116,2,6777,13554,5
14302,4717,436,1,9749,9749,6
14303,4718,2,2,1005,2010,8
14304,4718,115,2,901,1802,49
14305,4718,377,2,3078,6156,48
14306,4718,318,2,8576,17152,44
14307,4718,163,2,1089,2178,28
14308,4719,185,1,9725,9725,39
14309,4720,300,2,3824,7648,26
14310,4720,335,2,3595,7190,41
14311,4721,256,2,8015,16030,19
14312,4721,347,2,4055,8110,21
14313,4721,446,2,9384,18768,27
14314,4722,43,2,2257,4514,41
14315,4722,127,2,803,1606,40
14316,4723,71,1,1979,1979,19
14317,4724,410,1,1950,1950,36
14318,4724,339,2,1062,2124,13
14319,4724,355,2,3972,7944,41
14320,4724,467,2,989,1978,4
14321,4725,152,2,8703,17406,10
14322,4725,84,1,3374,3374,21
14323,4725,335,2,3595,7190,1
14324,4725,31,2,6864,13728,4
14325,4725,287,1,5220,5220,34
14326,4726,90,2,5742,11484,17
14327,4727,125,2,4484,8968,9
14328,4727,75,1,5949,5949,37
14329,4727,59,1,3707,3707,47
14330,4728,375,2,9583,19166,46
14331,4728,470,1,8803,8803,0
14332,4728,427,2,7939,15878,37
14333,4728,405,2,7803,15606,7
14334,4728,240,1,826,826,41
14335,4729,92,2,9153,18306,39
14336,4729,408,2,1506,3012,43
14337,4729,310,2,1023,2046,43
14338,4729,437,2,8765,17530,17
14339,4729,59,1,3707,3707,0
14340,4730,25,2,7208,14416,27
14341,4730,116,1,6777,6777,43
14342,4731,442,1,5784,5784,8
14343,4732,363,2,5692,11384,37
14344,4732,13,1,2609,2609,44
14345,4733,19,2,9031,18062,42
14346,4733,368,2,2023,4046,48
14347,4734,448,2,2566,5132,9
14348,4734,29,1,8365,8365,26
14349,4734,313,1,2105,2105,37
14350,4735,221,2,3953,7906,17
14351,4735,315,1,5375,5375,20
14352,4735,194,2,8080,16160,16
14353,4735,158,1,3155,3155,27
14354,4735,330,2,6169,12338,16
14355,4736,284,1,1327,1327,24
14356,4736,144,1,952,952,2
14357,4737,361,1,1521,1521,34
14358,4738,175,2,8190,16380,9
14359,4738,231,1,6242,6242,37
14360,4738,326,2,8014,16028,34
14361,4738,440,1,632,632,10
14362,4739,6,2,9079,18158,19
14363,4739,17,1,3755,3755,8
14364,4739,390,1,2081,2081,45
14365,4739,286,1,1335,1335,24
14366,4740,220,2,792,1584,13
14367,4740,28,1,3348,3348,23
14368,4741,16,1,6789,6789,32
14369,4742,35,2,532,1064,18
14370,4743,215,1,1100,1100,37
14371,4743,98,1,8801,8801,15
14372,4743,1,2,7383,14766,29
14373,4744,414,1,7849,7849,9
14374,4744,272,1,9771,9771,44
14375,4744,39,1,569,569,29
14376,4744,407,2,5041,10082,47
14377,4745,5,1,1375,1375,17
14378,4745,194,2,8080,16160,32
14379,4745,491,1,7872,7872,39
14380,4745,338,1,8558,8558,24
14381,4746,403,2,5297,10594,0
14382,4746,277,1,1812,1812,23
14383,4747,354,1,6624,6624,46
14384,4747,381,2,1186,2372,44
14385,4747,381,2,1186,2372,27
14386,4747,481,1,6701,6701,46
14387,4747,458,1,7231,7231,21
14388,4748,87,1,5931,5931,43
14389,4748,61,2,6585,13170,12
14390,4749,47,2,6006,12012,3
14391,4749,47,1,6006,6006,33
14392,4749,239,2,2008,4016,43
14393,4749,70,2,5334,10668,49
14394,4749,16,2,6789,13578,35
14395,4750,115,2,901,1802,33
14396,4750,433,2,1018,2036,34
14397,4750,39,2,569,1138,32
14398,4751,263,2,7027,14054,3
14399,4751,225,2,6279,12558,19
14400,4751,388,1,2920,2920,15
14401,4752,360,1,7936,7936,33
14402,4752,122,1,8570,8570,7
14403,4752,212,2,2125,4250,16
14404,4752,420,2,2612,5224,44
14405,4753,198,2,2082,4164,37
14406,4753,435,1,1446,1446,34
14407,4753,230,2,1378,2756,15
14408,4754,46,2,2736,5472,43
14409,4754,451,1,6416,6416,1
14410,4754,444,2,9635,19270,7
14411,4754,494,1,7434,7434,49
14412,4755,279,1,8933,8933,35
14413,4755,458,1,7231,7231,3
14414,4755,403,1,5297,5297,26
14415,4755,54,1,5045,5045,2
14416,4756,445,2,2069,4138,35
14417,4756,492,1,2978,2978,20
14418,4756,379,1,288,288,49
14419,4756,233,1,7932,7932,31
14420,4757,245,2,6825,13650,14
14421,4757,397,2,9923,19846,3
14422,4757,35,1,532,532,17
14423,4758,445,2,2069,4138,9
14424,4758,459,1,3610,3610,38
14425,4758,191,2,600,1200,41
14426,4759,360,2,7936,15872,10
14427,4759,343,1,6618,6618,2
14428,4759,435,1,1446,1446,27
14429,4759,485,2,2932,5864,0
14430,4759,315,2,5375,10750,41
14431,4760,478,1,7111,7111,27
14432,4760,14,2,6673,13346,32
14433,4760,226,2,6844,13688,29
14434,4760,207,2,1145,2290,17
14435,4761,128,1,1065,1065,45
14436,4761,112,1,1365,1365,32
14437,4761,270,2,5974,11948,20
14438,4761,24,1,1400,1400,46
14439,4761,206,2,6328,12656,29
14440,4762,343,2,6618,13236,17
14441,4762,255,1,6915,6915,18
14442,4762,456,2,8667,17334,30
14443,4762,244,2,9563,19126,36
14444,4762,477,1,4434,4434,49
14445,4763,73,2,4792,9584,7
14446,4763,53,2,493,986,41
14447,4763,209,1,8256,8256,26
14448,4763,166,2,1767,3534,49
14449,4763,369,2,2604,5208,42
14450,4764,347,1,4055,4055,34
14451,4764,67,1,1386,1386,49
14452,4764,316,2,2025,4050,19
14453,4764,134,1,433,433,18
14454,4765,66,2,3514,7028,35
14455,4765,447,2,2645,5290,14
14456,4765,490,1,2663,2663,2
14457,4766,65,2,1575,3150,36
14458,4766,50,1,7706,7706,8
14459,4766,134,1,433,433,45
14460,4767,420,2,2612,5224,21
14461,4768,497,2,6071,12142,12
14462,4768,408,2,1506,3012,24
14463,4768,135,1,2784,2784,20
14464,4768,55,2,2603,5206,25
14465,4769,289,1,6074,6074,20
14466,4769,378,1,9971,9971,0
14467,4770,499,1,7189,7189,43
14468,4770,185,2,9725,19450,6
14469,4770,296,1,4832,4832,30
14470,4770,222,2,8997,17994,12
14471,4770,367,2,7596,15192,38
14472,4771,414,2,7849,15698,10
14473,4772,388,1,2920,2920,18
14474,4772,260,2,2313,4626,27
14475,4772,105,1,2035,2035,33
14476,4772,341,1,1233,1233,37
14477,4772,473,2,444,888,41
14478,4773,400,2,4939,9878,18
14479,4773,240,1,826,826,20
14480,4774,464,2,626,1252,5
14481,4774,335,2,3595,7190,33
14482,4774,492,2,2978,5956,46
14483,4774,174,1,5394,5394,23
14484,4775,174,2,5394,10788,47
14485,4776,385,1,3416,3416,43
14486,4777,25,2,7208,14416,46
14487,4777,365,2,2532,5064,28
14488,4778,251,2,1127,2254,45
14489,4778,33,2,2531,5062,3
14490,4778,363,2,5692,11384,20
14491,4779,206,1,6328,6328,46
14492,4779,395,1,4317,4317,48
14493,4779,358,1,876,876,5
14494,4780,59,1,3707,3707,47
14495,4780,345,2,6080,12160,34
14496,4780,226,1,6844,6844,16
14497,4780,111,2,4199,8398,3
14498,4780,302,2,1386,2772,12
14499,4781,361,2,1521,3042,20
14500,4781,451,2,6416,12832,10
14501,4781,314,1,3186,3186,29
14502,4781,260,1,2313,2313,29
14503,4781,348,2,9864,19728,14
14504,4782,342,2,808,1616,43
14505,4783,9,2,7261,14522,7
14506,4784,29,1,8365,8365,47
14507,4785,143,1,1092,1092,43
14508,4785,55,2,2603,5206,0
14509,4786,82,2,9229,18458,28
14510,4787,355,1,3972,3972,46
14511,4788,108,2,1845,3690,25
14512,4788,461,1,9272,9272,47
14513,4789,127,1,803,803,32
14514,4789,3,2,810,1620,21
14515,4789,429,1,9556,9556,30
14516,4790,318,2,8576,17152,8
14517,4790,181,1,575,575,21
14518,4791,272,1,9771,9771,22
14519,4791,328,2,1982,3964,2
14520,4792,128,2,1065,2130,23
14521,4793,429,2,9556,19112,14
14522,4793,218,1,5588,5588,35
14523,4793,177,1,5567,5567,41
14524,4793,172,2,8206,16412,41
14525,4794,484,1,966,966,12
14526,4794,336,1,2077,2077,36
14527,4794,207,2,1145,2290,38
14528,4794,361,1,1521,1521,15
14529,4794,5,2,1375,2750,32
14530,4795,323,1,3539,3539,1
14531,4795,151,2,9774,19548,1
14532,4795,336,2,2077,4154,8
14533,4796,321,1,7163,7163,39
14534,4796,105,2,2035,4070,42
14535,4796,3,1,810,810,41
14536,4796,322,2,8465,16930,27
14537,4796,299,1,6735,6735,9
14538,4797,371,1,8364,8364,45
14539,4797,340,1,6534,6534,4
14540,4798,410,1,1950,1950,27
14541,4798,329,2,6394,12788,23
14542,4798,490,2,2663,5326,32
14543,4798,430,2,8207,16414,41
14544,4798,157,1,8682,8682,4
14545,4799,150,1,179,179,24
14546,4799,380,1,5037,5037,17
14547,4799,132,1,4597,4597,39
14548,4799,198,1,2082,2082,5
14549,4799,387,2,9763,19526,7
14550,4800,325,1,4425,4425,9
14551,4800,5,1,1375,1375,48
14552,4800,179,2,7886,15772,4
14553,4801,150,1,179,179,6
14554,4801,197,1,1979,1979,2
14555,4801,143,2,1092,2184,27
14556,4801,471,1,3454,3454,2
14557,4801,411,1,683,683,22
14558,4802,217,1,6416,6416,0
14559,4802,451,1,6416,6416,9
14560,4803,361,1,1521,1521,8
14561,4803,311,1,1370,1370,17
14562,4803,311,1,1370,1370,14
14563,4803,80,2,9998,19996,20
14564,4804,13,1,2609,2609,22
14565,4804,211,2,8936,17872,10
14566,4804,412,2,2577,5154,0
14567,4805,33,1,2531,2531,11
14568,4805,423,2,9274,18548,24
14569,4806,6,2,9079,18158,4
14570,4806,406,1,8666,8666,6
14571,4806,258,2,6742,13484,17
14572,4806,33,1,2531,2531,1
14573,4807,232,1,4005,4005,10
14574,4807,33,1,2531,2531,39
14575,4807,35,2,532,1064,23
14576,4807,80,2,9998,19996,36
14577,4807,67,2,1386,2772,43
14578,4808,358,2,876,1752,25
14579,4808,411,2,683,1366,36
14580,4808,51,2,4970,9940,46
14581,4808,72,1,4731,4731,49
14582,4808,471,1,3454,3454,33
14583,4809,19,2,9031,18062,20
14584,4809,104,1,4304,4304,8
14585,4810,390,2,2081,4162,11
14586,4811,255,1,6915,6915,30
14587,4811,337,2,3014,6028,38
14588,4811,154,2,2254,4508,21
14589,4811,386,1,7081,7081,7
14590,4812,381,1,1186,1186,36
14591,4813,68,1,1393,1393,22
14592,4813,167,1,7276,7276,30
14593,4813,142,2,4451,8902,0
14594,4813,149,1,6253,6253,30
14595,4814,228,2,3377,6754,8
14596,4815,33,2,2531,5062,3
14597,4815,5,2,1375,2750,2
14598,4816,339,2,1062,2124,41
14599,4816,218,2,5588,11176,5
14600,4816,63,1,226,226,19
14601,4816,43,2,2257,4514,44
14602,4816,416,1,1795,1795,35
14603,4817,259,2,4256,8512,21
14604,4817,59,2,3707,7414,33
14605,4818,220,1,792,792,48
14606,4818,173,2,7111,14222,25
14607,4818,373,2,5255,10510,24
14608,4818,186,2,301,602,17
14609,4819,13,2,2609,5218,30
14610,4820,63,2,226,452,18
14611,4820,109,1,7744,7744,11
14612,4820,269,2,8261,16522,19
14613,4820,262,1,7591,7591,16
14614,4820,1,2,7383,14766,43
14615,4821,299,1,6735,6735,45
14616,4821,255,1,6915,6915,47
14617,4821,122,1,8570,8570,37
14618,4822,261,1,8358,8358,25
14619,4822,444,2,9635,19270,31
14620,4822,446,2,9384,18768,17
14621,4822,12,1,2033,2033,3
14622,4823,272,1,9771,9771,9
14623,4824,340,1,6534,6534,12
14624,4824,425,2,6302,12604,23
14625,4824,13,1,2609,2609,35
14626,4825,430,1,8207,8207,6
14627,4825,443,2,1814,3628,49
14628,4826,286,1,1335,1335,38
14629,4826,437,1,8765,8765,0
14630,4826,237,2,3798,7596,15
14631,4826,46,1,2736,2736,45
14632,4827,155,2,3414,6828,28
14633,4827,41,1,4365,4365,26
14634,4827,9,2,7261,14522,24
14635,4828,176,2,6822,13644,46
14636,4828,460,2,8795,17590,46
14637,4828,449,2,1273,2546,46
14638,4829,263,2,7027,14054,31
14639,4829,16,2,6789,13578,1
14640,4829,416,1,1795,1795,15
14641,4829,275,2,4126,8252,29
14642,4830,137,2,9792,19584,26
14643,4830,308,1,9878,9878,22
14644,4830,227,1,3371,3371,26
14645,4831,282,2,132,264,37
14646,4831,224,1,6082,6082,8
14647,4831,249,2,3076,6152,24
14648,4831,5,2,1375,2750,2
14649,4832,71,2,1979,3958,40
14650,4832,246,2,7060,14120,41
14651,4833,321,1,7163,7163,47
14652,4833,29,1,8365,8365,38
14653,4833,333,2,4948,9896,1
14654,4833,68,2,1393,2786,7
14655,4833,84,2,3374,6748,37
14656,4834,139,1,6678,6678,44
14657,4834,7,2,4344,8688,6
14658,4834,298,2,7494,14988,19
14659,4834,220,1,792,792,36
14660,4834,293,1,3156,3156,28
14661,4835,378,2,9971,19942,2
14662,4835,314,1,3186,3186,15
14663,4835,123,1,5979,5979,25
14664,4835,465,2,1200,2400,12
14665,4836,219,2,8550,17100,29
14666,4836,394,1,9264,9264,44
14667,4836,264,2,2992,5984,33
14668,4836,279,1,8933,8933,42
14669,4837,186,1,301,301,33
14670,4837,147,1,4932,4932,11
14671,4838,407,2,5041,10082,13
14672,4838,114,2,8116,16232,15
14673,4838,256,1,8015,8015,27
14674,4839,39,1,569,569,10
14675,4839,447,1,2645,2645,26
14676,4839,8,1,552,552,36
14677,4840,440,2,632,1264,49
14678,4840,153,2,6657,13314,36
14679,4840,394,2,9264,18528,16
14680,4840,324,2,9564,19128,34
14681,4841,12,2,2033,4066,25
14682,4841,422,1,2063,2063,3
14683,4841,285,2,6960,13920,47
14684,4842,244,2,9563,19126,19
14685,4842,427,1,7939,7939,28
14686,4843,464,1,626,626,14
14687,4843,265,1,445,445,42
14688,4843,64,1,3594,3594,42
14689,4843,439,2,8872,17744,40
14690,4844,136,2,3041,6082,10
14691,4844,413,1,7682,7682,33
14692,4845,132,2,4597,9194,20
14693,4845,336,2,2077,4154,6
14694,4846,193,1,2706,2706,31
14695,4846,439,2,8872,17744,45
14696,4846,46,1,2736,2736,20
14697,4847,192,1,8710,8710,45
14698,4847,262,1,7591,7591,6
14699,4848,207,2,1145,2290,21
14700,4848,417,2,5478,10956,33
14701,4848,162,2,7997,15994,17
14702,4849,239,2,2008,4016,37
14703,4849,213,2,1327,2654,40
14704,4849,421,2,1837,3674,7
14705,4849,216,1,6829,6829,4
14706,4850,461,1,9272,9272,12
14707,4850,446,2,9384,18768,13
14708,4850,325,2,4425,8850,28
14709,4850,281,2,8327,16654,24
14710,4851,362,1,9032,9032,11
14711,4851,467,1,989,989,18
14712,4851,253,1,4985,4985,15
14713,4851,305,2,6459,12918,40
14714,4852,474,2,6848,13696,2
14715,4852,372,1,1416,1416,38
14716,4852,327,1,4059,4059,26
14717,4852,42,2,3798,7596,47
14718,4853,197,2,1979,3958,5
14719,4853,414,1,7849,7849,44
14720,4853,83,1,8065,8065,36
14721,4853,148,1,5057,5057,2
14722,4854,119,1,703,703,33
14723,4854,107,2,4996,9992,2
14724,4854,242,1,959,959,15
14725,4855,216,2,6829,13658,39
14726,4855,155,1,3414,3414,10
14727,4855,133,1,4827,4827,49
14728,4855,354,2,6624,13248,18
14729,4856,398,2,6975,13950,33
14730,4857,415,1,9335,9335,43
14731,4857,433,2,1018,2036,24
14732,4858,56,1,3520,3520,28
14733,4858,58,1,9175,9175,41
14734,4859,141,2,5963,11926,49
14735,4859,189,1,7671,7671,6
14736,4859,145,2,303,606,14
14737,4859,371,1,8364,8364,6
14738,4860,76,2,1796,3592,20
14739,4861,216,2,6829,13658,25
14740,4862,308,2,9878,19756,6
14741,4862,463,1,8313,8313,20
14742,4862,197,1,1979,1979,36
14743,4863,214,2,9847,19694,45
14744,4863,69,2,3379,6758,17
14745,4863,79,1,7778,7778,4
14746,4863,423,2,9274,18548,4
14747,4863,160,1,4753,4753,34
14748,4864,307,2,3734,7468,11
14749,4865,489,1,4052,4052,47
14750,4865,164,1,1863,1863,32
14751,4865,495,2,7826,15652,41
14752,4865,234,1,3036,3036,49
14753,4865,386,2,7081,14162,2
14754,4866,233,2,7932,15864,37
14755,4866,464,2,626,1252,10
14756,4866,311,2,1370,2740,45
14757,4866,421,1,1837,1837,14
14758,4867,260,2,2313,4626,17
14759,4867,206,1,6328,6328,35
14760,4867,250,2,4301,8602,15
14761,4868,413,1,7682,7682,14
14762,4869,429,1,9556,9556,46
14763,4869,338,1,8558,8558,15
14764,4869,99,1,7480,7480,21
14765,4869,498,2,5376,10752,0
14766,4869,159,1,5798,5798,43
14767,4870,322,1,8465,8465,21
14768,4870,140,1,7936,7936,4
14769,4870,490,1,2663,2663,4
14770,4870,377,2,3078,6156,26
14771,4871,336,1,2077,2077,0
14772,4871,416,1,1795,1795,22
14773,4871,87,1,5931,5931,9
14774,4872,192,2,8710,17420,25
14775,4872,254,1,8080,8080,26
14776,4872,417,2,5478,10956,27
14777,4873,363,1,5692,5692,19
14778,4874,289,2,6074,12148,37
14779,4875,231,1,6242,6242,24
14780,4875,234,1,3036,3036,16
14781,4875,226,2,6844,13688,18
14782,4875,96,1,7924,7924,31
14783,4876,175,2,8190,16380,28
14784,4876,13,1,2609,2609,48
14785,4877,15,1,8230,8230,7
14786,4878,224,2,6082,12164,15
14787,4878,29,2,8365,16730,22
14788,4879,118,1,3022,3022,8
14789,4879,109,1,7744,7744,20
14790,4879,232,2,4005,8010,36
14791,4879,161,2,8668,17336,41
14792,4879,318,2,8576,17152,11
14793,4880,116,1,6777,6777,48
14794,4880,227,1,3371,3371,10
14795,4880,133,1,4827,4827,4
14796,4880,234,1,3036,3036,1
14797,4880,127,1,803,803,15
14798,4881,380,1,5037,5037,3
14799,4881,60,2,8364,16728,26
14800,4881,407,1,5041,5041,19
14801,4882,145,1,303,303,29
14802,4882,69,2,3379,6758,30
14803,4883,191,2,600,1200,18
14804,4883,50,2,7706,15412,3
14805,4883,377,1,3078,3078,28
14806,4884,441,1,5608,5608,14
14807,4884,240,2,826,1652,40
14808,4884,429,1,9556,9556,43
14809,4884,316,1,2025,2025,22
14810,4884,346,2,8830,17660,42
14811,4885,407,2,5041,10082,8
14812,4885,318,1,8576,8576,37
14813,4885,445,2,2069,4138,24
14814,4886,291,2,2599,5198,34
14815,4886,328,2,1982,3964,47
14816,4886,467,2,989,1978,28
14817,4886,236,2,5507,11014,7
14818,4887,392,1,1069,1069,36
14819,4888,212,1,2125,2125,19
14820,4888,351,2,8394,16788,30
14821,4889,475,2,2596,5192,19
14822,4889,18,2,4166,8332,45
14823,4889,183,2,2684,5368,16
14824,4890,306,2,427,854,27
14825,4891,46,2,2736,5472,35
14826,4891,32,1,9159,9159,16
14827,4891,193,2,2706,5412,42
14828,4891,42,2,3798,7596,18
14829,4892,14,2,6673,13346,25
14830,4892,217,2,6416,12832,13
14831,4893,305,2,6459,12918,26
14832,4893,199,2,9352,18704,4
14833,4893,335,1,3595,3595,7
14834,4894,247,1,5807,5807,28
14835,4895,344,1,7129,7129,32
14836,4895,201,1,1906,1906,26
14837,4895,80,1,9998,9998,25
14838,4895,352,2,8327,16654,47
14839,4896,369,1,2604,2604,19
14840,4897,245,1,6825,6825,49
14841,4897,320,1,4686,4686,0
14842,4898,323,1,3539,3539,11
14843,4898,46,2,2736,5472,6
14844,4898,63,1,226,226,30
14845,4899,464,2,626,1252,32
14846,4899,401,1,2493,2493,10
14847,4899,40,1,8004,8004,38
14848,4900,135,1,2784,2784,38
14849,4900,447,1,2645,2645,7
14850,4900,91,1,2426,2426,13
14851,4900,55,1,2603,2603,27
14852,4901,373,1,5255,5255,3
14853,4902,429,2,9556,19112,2
14854,4902,371,1,8364,8364,39
14855,4903,171,2,4878,9756,18
14856,4904,159,2,5798,11596,49
14857,4904,67,2,1386,2772,14
14858,4905,63,1,226,226,45
14859,4905,202,1,1340,1340,31
14860,4905,128,1,1065,1065,3
14861,4905,455,2,6367,12734,34
14862,4905,35,2,532,1064,48
14863,4906,181,2,575,1150,47
14864,4906,466,1,4450,4450,26
14865,4906,199,1,9352,9352,1
14866,4907,5,2,1375,2750,29
14867,4907,208,1,9063,9063,29
14868,4907,123,2,5979,11958,17
14869,4907,373,1,5255,5255,48
14870,4908,359,2,134,268,22
14871,4908,84,1,3374,3374,21
14872,4908,456,1,8667,8667,46
14873,4908,394,2,9264,18528,39
14874,4908,453,2,9440,18880,7
14875,4909,481,2,6701,13402,18
14876,4909,401,1,2493,2493,40
14877,4909,33,1,2531,2531,5
14878,4909,269,1,8261,8261,22
14879,4910,293,1,3156,3156,41
14880,4910,56,1,3520,3520,22
14881,4910,236,1,5507,5507,3
14882,4910,3,1,810,810,17
14883,4911,364,1,5032,5032,23
14884,4911,107,1,4996,4996,44
14885,4911,193,2,2706,5412,6
14886,4911,378,1,9971,9971,27
14887,4912,413,2,7682,15364,42
14888,4912,50,2,7706,15412,44
14889,4912,63,1,226,226,6
14890,4913,203,2,8865,17730,33
14891,4913,347,1,4055,4055,19
14892,4913,23,1,5151,5151,20
14893,4914,77,2,2932,5864,30
14894,4914,240,2,826,1652,16
14895,4914,271,1,9332,9332,3
14896,4915,143,2,1092,2184,44
14897,4915,260,2,2313,4626,26
14898,4915,385,2,3416,6832,15
14899,4915,3,2,810,1620,20
14900,4916,237,1,3798,3798,43
14901,4916,88,2,1892,3784,2
14902,4916,307,1,3734,3734,40
14903,4916,89,2,1967,3934,28
14904,4916,323,1,3539,3539,3
14905,4917,232,1,4005,4005,32
14906,4917,229,2,6873,13746,20
14907,4918,303,1,6559,6559,22
14908,4918,161,2,8668,17336,47
14909,4918,161,2,8668,17336,8
14910,4918,447,2,2645,5290,46
14911,4918,185,1,9725,9725,7
14912,4919,173,2,7111,14222,9
14913,4919,26,2,4719,9438,18
14914,4919,74,1,4264,4264,47
14915,4919,119,2,703,1406,9
14916,4920,389,1,8169,8169,7
14917,4920,364,2,5032,10064,29
14918,4920,460,1,8795,8795,23
14919,4921,431,2,3477,6954,40
14920,4921,278,2,4446,8892,27
14921,4921,169,1,1711,1711,46
14922,4921,71,1,1979,1979,28
14923,4921,298,2,7494,14988,36
14924,4922,2,1,1005,1005,36
14925,4922,462,2,2010,4020,14
14926,4922,323,2,3539,7078,45
14927,4922,356,2,7623,15246,35
14928,4923,250,1,4301,4301,3
14929,4923,399,2,2348,4696,38
14930,4923,187,2,7902,15804,22
14931,4924,69,2,3379,6758,24
14932,4924,284,1,1327,1327,15
14933,4925,110,2,166,332,14
14934,4925,369,2,2604,5208,49
14935,4926,284,2,1327,2654,38
14936,4927,183,1,2684,2684,3
14937,4928,466,2,4450,8900,22
14938,4928,239,1,2008,2008,21
14939,4928,88,2,1892,3784,12
14940,4928,27,1,4304,4304,40
14941,4929,313,1,2105,2105,7
14942,4930,18,1,4166,4166,41
14943,4931,365,1,2532,2532,29
14944,4932,225,2,6279,12558,7
14945,4932,461,1,9272,9272,36
14946,4933,140,2,7936,15872,18
14947,4934,56,2,3520,7040,29
14948,4935,472,2,8141,16282,25
14949,4935,113,1,8499,8499,9
14950,4935,442,1,5784,5784,20
14951,4936,69,1,3379,3379,48
14952,4936,294,2,2813,5626,48
14953,4936,248,1,5140,5140,4
14954,4936,6,2,9079,18158,26
14955,4936,484,1,966,966,25
14956,4937,212,1,2125,2125,41
14957,4938,215,2,1100,2200,24
14958,4938,80,2,9998,19996,38
14959,4938,39,1,569,569,32
14960,4938,343,1,6618,6618,45
14961,4938,429,1,9556,9556,9
14962,4939,170,1,5243,5243,8
14963,4940,356,1,7623,7623,49
14964,4940,417,2,5478,10956,33
14965,4940,383,1,3997,3997,0
14966,4941,52,1,4381,4381,29
14967,4941,116,2,6777,13554,1
14968,4941,30,2,7952,15904,5
14969,4941,369,1,2604,2604,12
14970,4941,404,1,5532,5532,49
14971,4942,117,1,6431,6431,22
14972,4942,382,1,1765,1765,28
14973,4943,49,2,4975,9950,40
14974,4943,366,1,3411,3411,47
14975,4943,401,2,2493,4986,26
14976,4943,95,1,1920,1920,48
14977,4943,400,2,4939,9878,23
14978,4944,410,2,1950,3900,2
14979,4944,221,1,3953,3953,25
14980,4944,339,2,1062,2124,16
14981,4944,327,1,4059,4059,13
14982,4944,220,1,792,792,40
14983,4945,130,2,8697,17394,37
14984,4945,88,1,1892,1892,23
14985,4945,442,2,5784,11568,36
14986,4945,17,1,3755,3755,17
14987,4946,430,2,8207,16414,19
14988,4946,260,2,2313,4626,44
14989,4946,480,1,802,802,21
14990,4947,309,2,5432,10864,38
14991,4947,295,1,9489,9489,1
14992,4947,322,2,8465,16930,20
14993,4947,274,2,514,1028,43
14994,4948,376,1,7229,7229,18
14995,4948,125,1,4484,4484,4
14996,4948,364,2,5032,10064,37
14997,4949,155,2,3414,6828,46
14998,4950,159,1,5798,5798,44
14999,4951,148,1,5057,5057,29
15000,4952,342,1,808,808,2
15001,4952,299,2,6735,13470,38
15002,4953,194,2,8080,16160,34
15003,4953,390,1,2081,2081,5
15004,4953,440,2,632,1264,1
15005,4953,202,1,1340,1340,28
15006,4953,105,2,2035,4070,31
15007,4954,366,1,3411,3411,22
15008,4955,120,2,458,916,37
15009,4956,186,2,301,602,21
15010,4956,267,1,9802,9802,7
15011,4957,441,1,5608,5608,23
15012,4957,244,1,9563,9563,35
15013,4957,91,2,2426,4852,38
15014,4957,494,2,7434,14868,47
15015,4957,461,1,9272,9272,21
15016,4958,482,1,4129,4129,1
15017,4958,14,2,6673,13346,29
15018,4959,227,1,3371,3371,3
15019,4959,500,2,8459,16918,35
15020,4959,118,1,3022,3022,30
15021,4960,65,2,1575,3150,21
15022,4960,175,2,8190,16380,1
15023,4960,7,2,4344,8688,2
15024,4961,61,1,6585,6585,37
15025,4961,220,2,792,1584,11
15026,4961,58,1,9175,9175,8
15027,4962,433,2,1018,2036,30
15028,4962,364,1,5032,5032,17
15029,4962,194,1,8080,8080,13
15030,4963,77,1,2932,2932,20
15031,4963,422,2,2063,4126,24
15032,4964,62,2,7260,14520,28
15033,4965,90,2,5742,11484,31
15034,4965,288,2,6709,13418,33
15035,4965,404,2,5532,11064,11
15036,4966,480,1,802,802,3
15037,4966,67,2,1386,2772,37
15038,4967,126,1,511,511,31
15039,4968,335,2,3595,7190,8
15040,4968,138,2,6011,12022,21
15041,4968,369,2,2604,5208,41
15042,4968,162,2,7997,15994,40
15043,4969,139,1,6678,6678,26
15044,4969,208,1,9063,9063,25
15045,4970,482,2,4129,8258,0
15046,4970,6,1,9079,9079,26
15047,4970,124,2,4127,8254,3
15048,4970,476,2,1509,3018,19
15049,4971,29,2,8365,16730,25
15050,4971,313,2,2105,4210,20
15051,4971,241,2,6358,12716,21
15052,4971,378,1,9971,9971,24
15053,4971,389,1,8169,8169,20
15054,4972,226,1,6844,6844,21
15055,4973,381,1,1186,1186,38
15056,4973,256,2,8015,16030,8
15057,4974,316,1,2025,2025,23
15058,4974,325,2,4425,8850,25
15059,4974,485,1,2932,2932,13
15060,4975,221,1,3953,3953,29
15061,4975,286,2,1335,2670,35
15062,4975,30,2,7952,15904,1
15063,4975,383,1,3997,3997,17
15064,4976,178,1,885,885,8
15065,4976,471,2,3454,6908,5
15066,4976,487,1,1596,1596,32
15067,4976,209,1,8256,8256,27
15068,4977,104,1,4304,4304,17
15069,4977,215,1,1100,1100,5
15070,4978,471,2,3454,6908,42
15071,4978,435,2,1446,2892,8
15072,4979,151,2,9774,19548,45
15073,4979,23,1,5151,5151,21
15074,4979,35,2,532,1064,8
15075,4979,313,1,2105,2105,6
15076,4979,463,2,8313,16626,43
15077,4980,277,2,1812,3624,40
15078,4980,127,2,803,1606,8
15079,4980,13,1,2609,2609,20
15080,4980,144,1,952,952,0
15081,4980,153,1,6657,6657,35
15082,4981,419,2,6185,12370,22
15083,4981,221,1,3953,3953,45
15084,4981,255,2,6915,13830,0
15085,4981,476,2,1509,3018,1
15086,4982,450,2,2223,4446,36
15087,4983,472,1,8141,8141,13
15088,4983,189,1,7671,7671,48
15089,4984,45,2,6000,12000,12
15090,4985,398,2,6975,13950,10
15091,4985,124,1,4127,4127,45
15092,4986,8,1,552,552,16
15093,4986,145,1,303,303,48
15094,4986,13,2,2609,5218,20
15095,4986,60,1,8364,8364,6
15096,4987,2,1,1005,1005,39
15097,4987,201,2,1906,3812,41
15098,4987,337,1,3014,3014,15
15099,4987,328,2,1982,3964,43
15100,4987,170,1,5243,5243,9
15101,4988,139,2,6678,13356,30
15102,4988,244,1,9563,9563,12
15103,4989,68,1,1393,1393,9
15104,4989,392,1,1069,1069,49
15105,4989,315,1,5375,5375,4
15106,4990,139,2,6678,13356,23
15107,4990,413,2,7682,15364,32
15108,4990,416,1,1795,1795,19
15109,4990,285,2,6960,13920,28
15110,4990,438,2,9722,19444,13
15111,4991,75,2,5949,11898,49
15112,4991,168,2,2126,4252,45
15113,4991,75,1,5949,5949,0
15114,4991,193,1,2706,2706,17
15115,4992,182,1,3502,3502,2
15116,4992,116,2,6777,13554,42
15117,4992,74,1,4264,4264,11
15118,4992,231,1,6242,6242,2
15119,4993,207,2,1145,2290,49
15120,4993,89,1,1967,1967,13
15121,4993,85,1,7726,7726,8
15122,4993,271,1,9332,9332,13
15123,4993,289,1,6074,6074,8
15124,4994,486,2,7644,15288,48
15125,4994,410,2,1950,3900,2
15126,4994,324,2,9564,19128,10
15127,4994,185,1,9725,9725,9
15128,4995,19,1,9031,9031,45
15129,4995,414,2,7849,15698,31
15130,4996,167,1,7276,7276,21
15131,4996,257,2,1515,3030,30
15132,4996,258,2,6742,13484,16
15133,4996,232,1,4005,4005,26
15134,4996,185,1,9725,9725,33
15135,4997,155,2,3414,6828,46
15136,4997,470,1,8803,8803,42
15137,4998,155,2,3414,6828,29
15138,4998,398,2,6975,13950,35
15139,4999,376,1,7229,7229,43
15140,4999,457,2,4081,8162,5
15141,4999,59,2,3707,7414,12
15142,5000,331,1,8327,8327,16
15143,5000,262,2,7591,15182,21
15144,5000,223,1,3994,3994,33
15145,5000,333,1,4948,4948,41
