order_id,customer_id,seller_id,order_date,total_items,total_amount,payment_method,order_status
1,374,29,2024-02-28,4,13292,UPI,Delivered
2,114,45,2024-05-05,3,627,UPI,Delivered
3,944,3,2024-08-05,3,14816,Wallet,Cancelled
4,172,2,2024-12-18,2,21575,UPI,Cancelled
5,167,40,2024-11-12,4,38007,Wallet,Delivered
6,601,31,2024-05-30,5,27366,Wallet,Delivered
7,837,15,2024-07-21,1,10651,UPI,Cancelled
8,534,24,2024-02-18,4,43343,UPI,Delivered
9,299,35,2024-12-12,2,7279,Wallet,Cancelled
10,352,47,2024-07-28,4,20071,UPI,Delivered
11,652,36,2024-01-17,5,6573,UPI,Returned
12,277,2,2024-08-27,3,10889,Credit Card,Returned
13,62,11,2024-02-16,5,20515,COD,Delivered
14,908,45,2024-06-14,1,44399,COD,Delivered
15,123,33,2024-04-19,1,16328,UPI,Delivered
16,609,6,2024-04-10,1,4309,Credit Card,Delivered
17,654,28,2024-09-20,1,16983,Credit Card,Cancelled
18,107,24,2024-04-20,3,8059,Credit Card,Delivered
19,422,44,2024-08-31,3,32697,UPI,Returned
20,702,28,2024-06-29,5,9863,Wallet,Returned
21,959,17,2024-07-15,1,49222,COD,Returned
22,65,30,2024-05-02,1,31940,COD,Returned
23,219,16,2024-05-13,2,26836,UPI,Cancelled
24,918,50,2024-10-22,1,32950,Credit Card,Delivered
25,644,50,2024-02-14,3,3016,Wallet,Returned
26,101,15,2024-07-22,3,26458,Credit Card,Returned
27,188,48,2024-07-05,1,17821,Credit Card,Cancelled
28,202,30,2024-05-10,2,3337,UPI,Delivered
29,180,34,2024-12-05,3,7561,Credit Card,Cancelled
30,710,2,2024-07-07,2,13248,Wallet,Cancelled
31,436,37,2024-02-26,2,37767,Credit Card,Returned
32,365,7,2024-04-06,3,7138,Wallet,Cancelled
33,251,38,2024-01-22,1,43011,Credit Card,Delivered
34,964,14,2024-02-06,4,38664,Credit Card,Delivered
35,798,37,2024-11-08,3,28574,UPI,Delivered
36,122,10,2024-01-07,2,2177,COD,Returned
37,197,13,2024-12-02,5,48749,UPI,Returned
38,681,19,2024-03-06,4,13976,Credit Card,Returned
39,820,15,2024-01-30,3,35944,Wallet,Delivered
40,231,43,2024-02-07,1,38545,UPI,Delivered
41,743,12,2024-08-18,5,21002,UPI,Cancelled
42,93,10,2024-12-15,5,39714,Credit Card,Cancelled
43,870,37,2024-04-21,1,5072,Credit Card,Returned
44,356,49,2024-06-06,4,2860,Credit Card,Delivered
45,917,17,2024-11-29,4,42044,COD,Cancelled
46,299,42,2024-08-13,4,36393,COD,Delivered
47,185,27,2024-03-03,3,33970,UPI,Returned
48,299,43,2024-06-23,1,4923,Credit Card,Returned
49,816,16,2024-07-29,2,3580,COD,Returned
50,538,47,2024-11-17,3,22432,UPI,Returned
51,28,34,2024-09-29,1,5124,Wallet,Delivered
52,643,26,2024-03-18,4,26480,UPI,Returned
53,468,13,2024-04-11,1,6716,UPI,Cancelled
54,791,22,2024-01-09,5,4396,Credit Card,Delivered
55,156,24,2024-04-25,4,32949,Wallet,Returned
56,464,18,2024-05-27,3,47175,COD,Returned
57,102,27,2024-08-15,4,23083,Wallet,Delivered
58,310,26,2024-03-27,4,29142,Credit Card,Delivered
59,2,39,2024-04-07,1,5573,Wallet,Returned
60,946,40,2024-01-23,5,9129,Credit Card,Delivered
61,35,30,2024-07-06,2,42493,Credit Card,Cancelled
62,568,20,2024-12-23,3,28731,Credit Card,Returned
63,132,17,2024-12-19,4,19733,UPI,Delivered
64,969,27,2024-03-23,2,46403,Wallet,Delivered
65,380,25,2024-06-25,5,18536,Credit Card,Cancelled
66,142,24,2024-01-12,2,38534,Credit Card,Returned
67,156,12,2024-09-07,1,14624,UPI,Delivered
68,270,12,2024-05-07,2,20990,Credit Card,Delivered
69,496,29,2024-02-12,3,34440,Wallet,Delivered
70,329,30,2024-09-03,5,27316,COD,Cancelled
71,673,2,2024-12-13,4,8338,Wallet,Returned
72,103,35,2024-03-02,4,9632,UPI,Returned
73,710,10,2024-09-11,4,10023,Wallet,Delivered
74,868,36,2024-01-02,3,48491,Credit Card,Cancelled
75,577,7,2024-01-22,2,29423,Wallet,Delivered
76,401,25,2024-09-19,5,1543,Credit Card,Delivered
77,97,10,2024-11-03,1,41291,UPI,Delivered
78,918,38,2024-07-19,3,17932,Credit Card,Returned
79,247,42,2024-03-14,5,47490,COD,Returned
80,723,40,2024-11-14,1,16758,UPI,Returned
81,671,2,2024-12-23,2,24508,Wallet,Delivered
82,201,34,2024-06-13,3,40036,Wallet,Delivered
83,157,3,2024-08-06,1,8741,COD,Returned
84,979,11,2024-08-31,4,30977,COD,Delivered
85,895,24,2024-04-14,3,11577,Wallet,Cancelled
86,760,49,2024-08-23,2,28578,Credit Card,Delivered
87,364,17,2024-11-01,1,39834,Wallet,Delivered
88,934,22,2024-02-04,3,37929,COD,Returned
89,868,14,2024-08-15,1,25935,Credit Card,Cancelled
90,444,24,2024-04-19,5,32105,UPI,Cancelled
91,843,31,2024-08-10,2,46781,Wallet,Cancelled
92,974,22,2024-02-29,5,846,COD,Delivered
93,463,24,2024-03-31,4,14479,Credit Card,Cancelled
94,822,22,2024-02-10,4,6030,COD,Delivered
95,828,33,2024-06-28,1,40142,UPI,Delivered
96,921,46,2024-09-01,4,47832,Wallet,Returned
97,904,1,2024-02-11,5,8763,Credit Card,Returned
98,981,27,2024-06-08,3,22680,COD,Delivered
99,188,36,2024-07-03,5,8088,Wallet,Cancelled
100,794,37,2024-04-26,4,40745,UPI,Cancelled
101,673,8,2024-03-21,2,26563,Credit Card,Cancelled
102,782,1,2024-05-29,1,5905,Credit Card,Returned
103,301,36,2024-11-27,4,44826,Credit Card,Delivered
104,400,2,2024-03-20,1,36349,Wallet,Returned
105,263,30,2024-05-27,1,578,UPI,Cancelled
106,128,48,2024-03-04,1,34075,COD,Returned
107,818,19,2024-09-18,5,26142,Credit Card,Delivered
108,925,39,2024-10-21,3,16280,Wallet,Delivered
109,963,46,2024-12-12,3,19277,UPI,Cancelled
110,216,37,2024-02-11,3,25424,Credit Card,Returned
111,795,24,2024-12-04,4,18029,Wallet,Delivered
112,477,19,2024-03-20,3,10528,Credit Card,Delivered
113,303,10,2024-07-19,1,28137,Wallet,Delivered
114,746,8,2024-02-21,5,23799,Wallet,Returned
115,904,38,2024-03-24,1,42566,Credit Card,Cancelled
116,846,32,2024-09-11,1,34654,Wallet,Returned
117,645,29,2024-05-10,1,36857,Wallet,Returned
118,193,50,2024-03-24,3,37184,Credit Card,Returned
119,302,12,2024-03-06,3,22737,Wallet,Cancelled
120,702,18,2024-09-13,4,22213,Credit Card,Delivered
121,102,17,2024-06-11,4,5570,Wallet,Returned
122,42,41,2024-02-12,1,39006,Wallet,Delivered
123,485,24,2024-01-24,2,43929,COD,Returned
124,515,13,2024-11-13,4,23927,UPI,Delivered
125,442,14,2024-02-26,1,35247,Wallet,Delivered
126,710,36,2024-10-22,2,38718,COD,Returned
127,907,36,2024-12-26,5,18556,Credit Card,Returned
128,186,32,2024-01-16,4,8358,Credit Card,Cancelled
129,28,22,2024-12-22,3,5244,UPI,Returned
130,384,26,2024-04-26,5,49453,Wallet,Delivered
131,385,7,2024-05-23,2,27491,Wallet,Returned
132,744,1,2024-12-03,1,35042,Wallet,Returned
133,243,28,2024-09-17,4,15371,Credit Card,Returned
134,557,3,2024-02-27,1,17167,COD,Delivered
135,536,43,2024-09-04,3,19543,Credit Card,Returned
136,496,16,2024-08-09,5,22998,Wallet,Delivered
137,207,50,2024-07-12,4,30627,Wallet,Delivered
138,57,49,2024-12-22,1,15642,Wallet,Cancelled
139,483,20,2024-06-01,5,31918,COD,Cancelled
140,721,35,2024-07-21,4,1356,Wallet,Delivered
141,857,47,2024-09-25,2,46956,Credit Card,Returned
142,733,38,2024-07-06,4,43831,Wallet,Returned
143,26,33,2024-03-09,5,30223,UPI,Cancelled
144,118,18,2024-04-15,5,3413,Credit Card,Returned
145,518,46,2024-03-23,2,40863,UPI,Returned
146,461,46,2024-01-20,3,47969,Wallet,Cancelled
147,434,5,2024-02-04,2,32319,UPI,Returned
148,954,35,2024-01-30,2,3159,UPI,Returned
149,350,20,2024-04-19,5,17441,COD,Returned
150,580,30,2024-02-04,3,9851,COD,Returned
151,658,46,2024-10-26,1,9338,Credit Card,Cancelled
152,109,22,2024-07-12,1,46532,Credit Card,Cancelled
153,534,50,2024-06-06,5,39533,Wallet,Returned
154,314,6,2024-03-10,3,43290,Credit Card,Returned
155,885,36,2024-09-09,3,4055,Wallet,Returned
156,100,27,2024-04-18,4,8976,Credit Card,Cancelled
157,532,22,2024-01-11,2,20101,COD,Delivered
158,562,9,2024-05-03,3,14028,UPI,Delivered
159,623,12,2024-01-05,3,24894,Wallet,Returned
160,891,34,2024-04-18,3,16977,Wallet,Cancelled
161,296,21,2024-10-24,2,13855,Credit Card,Returned
162,622,38,2024-07-15,4,6713,Wallet,Cancelled
163,324,50,2024-07-18,2,25102,Credit Card,Returned
164,651,46,2024-09-08,2,20793,COD,Cancelled
165,745,39,2024-05-20,3,42233,COD,Returned
166,260,10,2024-01-26,2,42552,COD,Returned
167,424,18,2024-09-19,4,37651,Wallet,Returned
168,416,19,2024-02-09,3,47757,COD,Cancelled
169,346,29,2024-12-04,2,36100,UPI,Returned
170,989,41,2024-09-07,5,15019,Wallet,Returned
171,756,13,2024-05-28,1,1546,Wallet,Returned
172,779,17,2024-06-30,2,28030,UPI,Delivered
173,841,25,2024-01-18,1,36170,COD,Delivered
174,870,22,2024-09-05,4,21572,UPI,Cancelled
175,788,25,2024-05-14,4,19608,Wallet,Returned
176,529,33,2024-01-18,1,20011,UPI,Cancelled
177,114,6,2024-06-06,1,24202,COD,Returned
178,224,49,2024-10-18,4,42595,Wallet,Delivered
179,90,30,2024-11-21,4,43203,COD,Returned
180,356,31,2024-09-02,5,37980,COD,Returned
181,619,14,2024-12-02,3,48041,Wallet,Delivered
182,284,42,2024-06-03,2,32901,Wallet,Returned
183,349,21,2024-11-04,3,9507,Credit Card,Delivered
184,198,34,2024-03-06,3,19038,Credit Card,Returned
185,395,36,2024-10-20,1,24585,Credit Card,Cancelled
186,962,36,2024-10-29,4,7117,UPI,Delivered
187,794,30,2024-04-29,1,36743,Credit Card,Returned
188,394,27,2024-06-04,5,17971,COD,Returned
189,323,7,2024-03-21,4,36877,UPI,Returned
190,274,49,2024-09-01,3,16503,UPI,Returned
191,757,2,2024-11-14,3,16406,UPI,Delivered
192,90,45,2024-05-21,4,25475,COD,Delivered
193,776,31,2024-01-20,3,6295,UPI,Delivered
194,221,17,2024-12-02,4,40567,UPI,Delivered
195,886,15,2024-03-21,5,45146,UPI,Delivered
196,215,5,2024-03-26,3,15826,COD,Delivered
197,94,33,2024-03-28,2,39983,Credit Card,Returned
198,300,1,2024-03-10,1,45755,Wallet,Delivered
199,287,15,2024-05-20,3,38827,COD,Delivered
200,876,9,2024-02-15,2,23886,Credit Card,Delivered
201,63,45,2024-01-06,3,37439,COD,Delivered
202,342,33,2024-10-20,3,36348,Credit Card,Cancelled
203,748,42,2024-07-15,2,45490,COD,Delivered
204,612,2,2024-05-06,3,48735,Credit Card,Cancelled
205,456,44,2024-10-08,4,46649,UPI,Cancelled
206,561,5,2024-12-17,5,27160,UPI,Returned
207,499,2,2024-01-20,3,40028,COD,Cancelled
208,198,10,2024-08-15,5,2395,Credit Card,Returned
209,954,11,2024-02-15,1,42149,UPI,Cancelled
210,938,12,2024-04-10,4,38367,Wallet,Returned
211,34,16,2024-06-19,3,35807,Credit Card,Cancelled
212,662,14,2024-05-09,4,42686,Wallet,Delivered
213,102,2,2024-07-17,4,41707,UPI,Returned
214,978,48,2024-07-08,4,32632,COD,Cancelled
215,965,9,2024-06-24,4,10459,Credit Card,Cancelled
216,620,8,2024-11-01,2,45243,Credit Card,Returned
217,725,28,2024-11-25,4,48143,Credit Card,Returned
218,370,23,2024-03-06,2,25899,UPI,Cancelled
219,112,17,2024-09-23,2,25645,Credit Card,Delivered
220,207,24,2024-09-21,4,42231,Wallet,Cancelled
221,455,42,2024-07-13,1,46629,Credit Card,Cancelled
222,592,24,2024-11-16,5,5962,UPI,Cancelled
223,614,21,2024-01-18,4,816,Credit Card,Delivered
224,216,21,2024-11-01,5,27710,COD,Cancelled
225,389,33,2024-04-01,5,47021,Wallet,Cancelled
226,993,25,2024-04-30,1,24059,Wallet,Cancelled
227,302,27,2024-11-26,3,25653,UPI,Cancelled
228,377,1,2024-03-20,3,46750,Wallet,Delivered
229,191,8,2024-09-12,5,48817,UPI,Cancelled
230,294,22,2024-05-16,2,32693,COD,Cancelled
231,799,24,2024-01-04,2,38876,COD,Returned
232,181,32,2024-06-30,3,36803,Wallet,Cancelled
233,402,33,2024-02-16,5,35525,Credit Card,Returned
234,697,38,2024-06-19,2,8445,UPI,Cancelled
235,547,13,2024-03-30,1,38431,Wallet,Cancelled
236,144,6,2024-10-18,2,12179,COD,Cancelled
237,807,25,2024-01-29,4,9404,Wallet,Cancelled
238,289,23,2024-12-24,3,33109,Wallet,Cancelled
239,247,17,2024-04-05,3,24970,Credit Card,Delivered
240,281,37,2024-05-14,3,16951,Credit Card,Delivered
241,77,19,2024-11-25,3,26776,COD,Returned
242,491,5,2024-01-18,3,44934,COD,Returned
243,891,31,2024-11-30,4,6128,Wallet,Cancelled
244,194,21,2024-04-29,3,43833,COD,Delivered
245,170,44,2024-03-03,2,28594,UPI,Delivered
246,772,45,2024-04-28,1,2704,Wallet,Cancelled
247,762,32,2024-08-04,2,12673,UPI,Delivered
248,189,30,2024-05-04,2,2854,Wallet,Returned
249,955,28,2024-07-10,5,6562,UPI,Delivered
250,66,8,2024-03-16,3,4615,UPI,Returned
251,874,42,2024-03-22,3,46618,COD,Delivered
252,756,31,2024-03-21,1,3353,COD,Cancelled
253,917,45,2024-08-09,1,16994,Credit Card,Cancelled
254,64,21,2024-04-08,4,36536,Credit Card,Delivered
255,970,24,2024-03-23,3,44265,Wallet,Cancelled
256,970,44,2024-01-02,3,7362,COD,Delivered
257,306,48,2024-09-05,4,30997,COD,Delivered
258,778,5,2024-08-22,3,29353,UPI,Cancelled
259,177,7,2024-01-10,1,19070,COD,Delivered
260,501,42,2024-02-21,2,8368,Wallet,Returned
261,129,20,2024-01-14,1,38306,Credit Card,Delivered
262,879,38,2024-02-11,1,42915,COD,Cancelled
263,430,31,2024-09-05,5,13174,Credit Card,Delivered
264,168,17,2024-02-15,4,32057,Wallet,Cancelled
265,372,32,2024-03-08,2,4688,Wallet,Delivered
266,719,43,2024-09-22,5,24600,COD,Delivered
267,900,48,2024-06-17,2,42289,Credit Card,Cancelled
268,921,34,2024-02-12,5,15866,Wallet,Returned
269,791,47,2024-08-20,5,32406,Wallet,Delivered
270,23,19,2024-11-04,4,48460,UPI,Cancelled
271,83,23,2024-07-17,2,36457,Credit Card,Cancelled
272,107,5,2024-07-11,1,35795,COD,Cancelled
273,256,47,2024-05-14,1,25197,Wallet,Returned
274,27,30,2024-12-22,5,4655,Credit Card,Delivered
275,416,14,2024-10-10,5,12363,COD,Delivered
276,69,28,2024-10-31,2,4320,Credit Card,Returned
277,546,41,2024-05-07,4,8458,Wallet,Delivered
278,219,50,2024-08-09,3,29995,Wallet,Returned
279,368,49,2024-05-09,5,44619,Credit Card,Delivered
280,384,2,2024-10-26,5,35329,Credit Card,Returned
281,973,24,2024-11-16,1,12407,Credit Card,Cancelled
282,476,9,2024-11-01,2,27952,UPI,Delivered
283,524,50,2024-10-19,4,8347,UPI,Delivered
284,510,34,2024-02-22,4,10438,COD,Delivered
285,248,24,2024-04-01,5,48303,COD,Delivered
286,663,6,2024-12-05,5,27196,Credit Card,Cancelled
287,797,11,2024-03-26,1,21276,Credit Card,Returned
288,858,17,2024-12-18,3,42794,COD,Cancelled
289,32,33,2024-01-04,1,23470,Credit Card,Cancelled
290,337,39,2024-02-19,3,27216,Wallet,Cancelled
291,491,5,2024-06-23,5,28757,Wallet,Returned
292,990,22,2024-05-22,2,17497,Wallet,Cancelled
293,841,34,2024-08-17,1,23633,Wallet,Delivered
294,696,13,2024-09-21,5,46812,UPI,Returned
295,856,29,2024-01-17,4,43865,Credit Card,Delivered
296,119,47,2024-02-20,4,3782,COD,Cancelled
297,297,38,2024-06-24,5,25979,COD,Cancelled
298,925,32,2024-05-21,1,13800,Credit Card,Cancelled
299,722,38,2024-06-19,4,23569,COD,Returned
300,699,31,2024-10-08,5,20390,UPI,Returned
301,16,34,2024-06-26,5,4102,UPI,Returned
302,735,20,2024-04-27,1,15685,Credit Card,Cancelled
303,162,13,2024-09-23,2,13043,UPI,Returned
304,976,13,2024-04-03,2,43663,Credit Card,Returned
305,453,36,2024-09-08,1,43114,Wallet,Delivered
306,44,34,2024-02-19,4,24790,Wallet,Cancelled
307,478,5,2024-08-05,1,38149,UPI,Delivered
308,195,28,2024-06-19,3,34909,Wallet,Returned
309,520,10,2024-10-23,5,737,Wallet,Returned
310,737,33,2024-07-07,4,36944,UPI,Delivered
311,415,32,2024-02-23,1,13643,COD,Cancelled
312,16,4,2024-04-09,2,19092,Credit Card,Returned
313,36,13,2024-07-20,2,18654,Credit Card,Cancelled
314,338,25,2024-12-15,4,44999,Wallet,Returned
315,785,9,2024-09-04,4,24074,UPI,Cancelled
316,706,50,2024-02-13,1,46834,Credit Card,Returned
317,854,12,2024-12-16,1,10301,COD,Cancelled
318,541,8,2024-03-19,3,49476,Wallet,Returned
319,824,34,2024-12-19,1,20458,COD,Cancelled
320,152,33,2024-06-09,3,41257,Credit Card,Cancelled
321,693,39,2024-05-24,1,33448,UPI,Returned
322,665,36,2024-02-20,3,49553,Credit Card,Cancelled
323,59,36,2024-09-18,3,10595,Credit Card,Returned
324,93,47,2024-11-22,1,18224,UPI,Returned
325,63,18,2024-11-21,2,24429,Wallet,Cancelled
326,216,24,2024-05-17,5,49606,Wallet,Delivered
327,569,50,2024-10-03,4,21055,Credit Card,Cancelled
328,632,29,2024-04-23,4,26662,Wallet,Returned
329,491,6,2024-03-20,5,17068,COD,Returned
330,588,19,2024-05-08,4,26955,COD,Cancelled
331,145,16,2024-11-01,2,9112,Wallet,Returned
332,312,23,2024-02-29,4,49277,Wallet,Returned
333,20,9,2024-07-17,4,43868,Wallet,Cancelled
334,636,4,2024-09-30,4,19782,COD,Cancelled
335,970,40,2024-07-08,4,31304,UPI,Cancelled
336,533,35,2024-12-17,3,8871,COD,Cancelled
337,642,11,2024-05-03,3,32727,Wallet,Returned
338,827,37,2024-04-20,1,8762,Credit Card,Delivered
339,701,4,2024-11-09,2,47250,COD,Returned
340,584,32,2024-01-06,2,41115,Wallet,Returned
341,280,46,2024-03-02,1,30133,Credit Card,Cancelled
342,176,49,2024-12-07,4,23309,Wallet,Delivered
343,679,30,2024-07-25,4,36650,Wallet,Cancelled
344,132,17,2024-04-16,5,36337,UPI,Delivered
345,998,9,2024-05-02,5,27002,UPI,Returned
346,716,11,2024-11-17,1,24589,Wallet,Delivered
347,85,23,2024-10-19,2,48471,UPI,Returned
348,335,30,2024-03-18,2,42645,UPI,Returned
349,824,9,2024-12-22,5,34811,COD,Returned
350,554,30,2024-06-21,1,14613,UPI,Delivered
351,416,47,2024-02-16,5,42994,Credit Card,Cancelled
352,701,21,2024-12-01,3,8834,UPI,Cancelled
353,335,14,2024-12-12,3,29291,UPI,Cancelled
354,701,31,2024-12-10,5,22817,COD,Delivered
355,132,13,2024-11-02,2,9384,Wallet,Delivered
356,551,31,2024-02-17,4,28175,Credit Card,Returned
357,521,23,2024-12-13,4,1111,COD,Delivered
358,566,14,2024-07-12,3,2905,COD,Cancelled
359,724,38,2024-07-01,1,20946,COD,Cancelled
360,186,6,2024-12-20,4,43830,Credit Card,Returned
361,100,42,2024-12-26,1,28778,Wallet,Delivered
362,862,7,2024-06-09,4,19408,Credit Card,Delivered
363,46,2,2024-06-19,2,42179,Credit Card,Delivered
364,997,26,2024-03-21,3,8667,UPI,Delivered
365,834,45,2024-01-23,4,4347,COD,Returned
366,896,9,2024-05-09,2,17286,Wallet,Returned
367,668,10,2024-11-05,5,24028,Credit Card,Delivered
368,460,6,2024-06-29,3,28643,COD,Cancelled
369,947,42,2024-09-13,2,3919,UPI,Returned
370,594,13,2024-09-24,3,13638,Wallet,Cancelled
371,887,10,2024-06-04,2,34556,Credit Card,Delivered
372,123,24,2024-11-20,5,13116,COD,Delivered
373,681,31,2024-02-01,4,30596,Wallet,Returned
374,935,50,2024-09-28,2,32826,UPI,Delivered
375,898,7,2024-12-10,4,3613,Wallet,Cancelled
376,553,49,2024-08-04,2,49066,Wallet,Cancelled
377,519,15,2024-05-21,5,14122,UPI,Cancelled
378,255,28,2024-07-31,5,5250,COD,Returned
379,489,14,2024-11-02,3,38253,Wallet,Delivered
380,207,24,2024-01-29,5,37288,UPI,Returned
381,448,24,2024-01-02,4,931,Wallet,Cancelled
382,922,49,2024-02-09,3,8819,UPI,Cancelled
383,171,22,2024-03-26,2,29180,COD,Delivered
384,129,24,2024-09-30,5,31807,Credit Card,Returned
385,925,27,2024-03-08,3,34107,UPI,Delivered
386,11,36,2024-04-12,1,33414,Wallet,Cancelled
387,786,33,2024-01-15,4,11431,UPI,Returned
388,126,37,2024-07-12,3,19347,Wallet,Returned
389,870,45,2024-01-20,5,49430,Wallet,Returned
390,177,42,2024-05-26,3,48929,Credit Card,Cancelled
391,281,34,2024-09-27,4,41425,COD,Delivered
392,911,48,2024-05-21,1,22136,Credit Card,Cancelled
393,32,29,2024-05-27,2,26994,COD,Returned
394,49,31,2024-02-24,1,20498,Wallet,Returned
395,73,9,2024-04-26,4,2964,UPI,Returned
396,450,28,2024-05-28,3,21272,Wallet,Cancelled
397,492,14,2024-10-30,3,44919,UPI,Returned
398,410,6,2024-07-26,3,28757,UPI,Returned
399,808,46,2024-07-27,3,2885,COD,Delivered
400,127,17,2024-04-25,5,30403,UPI,Returned
401,316,24,2024-02-23,5,29641,COD,Returned
402,182,33,2024-07-23,3,16540,COD,Cancelled
403,115,31,2024-08-09,4,27876,Credit Card,Returned
404,261,39,2024-08-05,5,19229,COD,Cancelled
405,8,27,2024-09-27,5,20077,Wallet,Returned
406,526,5,2024-02-29,4,7051,Wallet,Cancelled
407,841,24,2024-05-03,5,19439,Wallet,Returned
408,759,37,2024-03-19,4,28123,Credit Card,Cancelled
409,330,39,2024-07-22,2,4307,Credit Card,Cancelled
410,806,38,2024-12-18,3,38065,COD,Cancelled
411,552,15,2024-01-06,4,39915,Wallet,Delivered
412,61,3,2024-01-06,1,31149,Credit Card,Delivered
413,865,9,2024-05-31,5,17660,COD,Returned
414,9,30,2024-07-23,2,22993,Credit Card,Returned
415,141,1,2024-09-09,2,30871,Wallet,Delivered
416,994,17,2024-04-30,3,1108,UPI,Delivered
417,973,4,2024-07-14,2,14507,UPI,Delivered
418,242,48,2024-08-14,5,42172,UPI,Delivered
419,937,41,2024-05-22,2,12661,COD,Cancelled
420,88,34,2024-01-08,1,45848,Wallet,Delivered
421,463,46,2024-08-03,1,29997,COD,Returned
422,683,41,2024-10-20,1,41626,Credit Card,Delivered
423,190,49,2024-04-09,2,10349,COD,Cancelled
424,883,8,2024-08-19,5,27292,Wallet,Cancelled
425,262,40,2024-08-29,4,10208,Credit Card,Returned
426,880,27,2024-01-03,4,23659,Credit Card,Cancelled
427,395,27,2024-01-31,5,27367,UPI,Delivered
428,398,17,2024-05-02,4,10931,Wallet,Delivered
429,116,1,2024-08-21,4,23269,Credit Card,Cancelled
430,30,17,2024-09-14,3,40787,UPI,Delivered
431,771,30,2024-02-15,4,10733,Credit Card,Delivered
432,300,32,2024-08-16,2,48802,Wallet,Cancelled
433,616,2,2024-12-10,2,3645,Wallet,Returned
434,939,6,2024-12-31,3,15698,UPI,Cancelled
435,693,16,2024-01-05,2,29272,UPI,Delivered
436,472,15,2024-08-14,1,48519,COD,Cancelled
437,858,41,2024-10-07,4,35869,COD,Cancelled
438,707,41,2024-12-09,3,13222,COD,Returned
439,3,43,2024-07-06,5,30318,UPI,Cancelled
440,242,19,2024-11-20,4,11818,UPI,Cancelled
441,845,41,2024-03-28,3,38030,Wallet,Cancelled
442,458,16,2024-08-10,2,595,Credit Card,Returned
443,492,23,2024-11-05,2,15518,COD,Delivered
444,411,11,2024-04-08,2,7479,COD,Cancelled
445,938,43,2024-10-20,2,20287,Credit Card,Cancelled
446,943,16,2024-05-27,4,29892,Wallet,Returned
447,301,9,2024-11-25,3,41026,Wallet,Cancelled
448,632,3,2024-11-06,5,19451,Wallet,Returned
449,138,26,2024-01-06,4,44501,Wallet,Returned
450,396,34,2024-01-11,4,17106,Credit Card,Returned
451,499,35,2024-02-15,1,26395,COD,Cancelled
452,83,49,2024-11-09,4,3030,Wallet,Returned
453,48,22,2024-05-22,3,30703,UPI,Returned
454,233,4,2024-11-15,4,40513,Credit Card,Delivered
455,833,39,2024-03-21,4,30082,COD,Delivered
456,717,46,2024-09-21,1,30028,Credit Card,Delivered
457,554,15,2024-06-03,1,15616,UPI,Cancelled
458,550,6,2024-05-18,2,48451,Credit Card,Delivered
459,386,9,2024-05-23,3,11463,UPI,Cancelled
460,855,19,2024-07-09,3,14817,UPI,Delivered
461,942,37,2024-08-03,1,23830,Credit Card,Cancelled
462,918,36,2024-09-10,1,44060,COD,Cancelled
463,111,1,2024-03-15,4,11599,Wallet,Delivered
464,56,25,2024-11-10,2,46718,Wallet,Delivered
465,89,6,2024-05-22,4,42822,Wallet,Delivered
466,877,33,2024-02-20,3,14563,COD,Returned
467,871,40,2024-10-28,5,34448,UPI,Returned
468,394,3,2024-05-12,3,45870,COD,Delivered
469,456,19,2024-08-12,5,3944,UPI,Cancelled
470,618,49,2024-11-17,1,46697,COD,Cancelled
471,551,20,2024-06-30,5,18403,Credit Card,Returned
472,333,15,2024-11-08,4,11751,Wallet,Cancelled
473,154,46,2024-04-28,5,27136,COD,Delivered
474,173,48,2024-03-28,5,6597,UPI,Cancelled
475,776,23,2024-02-23,2,10558,Credit Card,Delivered
476,190,14,2024-05-15,1,32637,Credit Card,Cancelled
477,328,13,2024-03-13,3,26697,UPI,Delivered
478,395,40,2024-01-24,4,9353,UPI,Cancelled
479,465,18,2024-05-05,1,4574,COD,Delivered
480,369,50,2024-08-25,4,6052,Wallet,Returned
481,96,50,2024-02-16,2,47722,COD,Returned
482,645,40,2024-04-20,5,32949,Wallet,Cancelled
483,339,13,2024-09-17,4,14623,UPI,Returned
484,508,41,2024-11-06,1,9685,Wallet,Cancelled
485,715,1,2024-05-25,2,34242,COD,Delivered
486,176,3,2024-12-25,1,34959,COD,Delivered
487,456,45,2024-12-12,2,36271,Credit Card,Cancelled
488,443,37,2024-08-03,4,33108,UPI,Returned
489,207,29,2024-10-18,2,7455,Credit Card,Delivered
490,759,43,2024-05-16,1,1666,UPI,Delivered
491,909,23,2024-12-01,3,17218,UPI,Delivered
492,591,48,2024-09-16,4,48028,Credit Card,Returned
493,997,35,2024-01-22,3,44211,UPI,Delivered
494,197,21,2024-01-08,2,15644,UPI,Delivered
495,932,14,2024-05-10,1,17554,UPI,Returned
496,761,25,2024-05-18,3,34930,COD,Delivered
497,824,39,2024-04-25,5,12545,COD,Delivered
498,817,16,2024-08-04,3,2081,Wallet,Cancelled
499,332,28,2024-12-28,2,17774,Wallet,Cancelled
500,69,19,2024-01-27,1,32369,Wallet,Returned
501,298,14,2024-06-15,1,28204,Credit Card,Delivered
502,174,12,2024-06-02,5,33115,COD,Cancelled
503,904,35,2024-04-18,1,13216,COD,Cancelled
504,609,49,2024-02-08,2,41542,Wallet,Returned
505,802,37,2024-03-08,3,23200,Credit Card,Cancelled
506,157,40,2024-12-30,2,44598,UPI,Delivered
507,341,50,2024-11-30,3,42673,UPI,Cancelled
508,244,11,2024-02-16,5,19455,Credit Card,Delivered
509,246,16,2024-02-08,4,36255,COD,Returned
510,462,4,2024-01-15,4,29634,Wallet,Returned
511,914,19,2024-02-20,5,15584,Credit Card,Cancelled
512,766,23,2024-12-01,2,48748,Wallet,Cancelled
513,734,43,2024-09-20,4,26001,Wallet,Cancelled
514,778,45,2024-04-29,1,4784,UPI,Returned
515,296,39,2024-04-07,3,47912,Credit Card,Cancelled
516,489,46,2024-08-05,4,9575,Wallet,Cancelled
517,557,34,2024-08-30,1,29453,COD,Returned
518,568,22,2024-12-19,1,9466,COD,Cancelled
519,788,2,2024-04-13,5,21914,Wallet,Cancelled
520,330,48,2024-03-07,1,46973,Wallet,Returned
521,135,26,2024-07-29,2,5735,UPI,Returned
522,972,19,2024-03-03,5,49677,Wallet,Delivered
523,552,49,2024-09-30,3,44544,Credit Card,Returned
524,331,46,2024-03-10,3,16879,COD,Returned
525,980,5,2024-08-10,3,15179,Credit Card,Returned
526,170,9,2024-01-25,4,1756,Credit Card,Delivered
527,670,46,2024-07-21,2,780,UPI,Delivered
528,889,9,2024-02-21,2,1245,COD,Returned
529,153,37,2024-04-20,5,16025,COD,Delivered
530,601,28,2024-04-07,3,30882,UPI,Returned
531,572,26,2024-01-04,1,1786,UPI,Returned
532,448,36,2024-04-18,2,43985,Wallet,Cancelled
533,932,29,2024-04-12,3,18205,Wallet,Delivered
534,87,28,2024-01-16,5,22081,COD,Delivered
535,240,30,2024-01-18,2,32665,Wallet,Cancelled
536,131,5,2024-08-21,3,39427,Wallet,Returned
537,13,45,2024-06-27,5,6240,Wallet,Delivered
538,144,43,2024-05-19,4,19448,Wallet,Returned
539,477,30,2024-09-05,4,28193,Credit Card,Delivered
540,758,19,2024-07-31,1,34248,UPI,Delivered
541,871,31,2024-11-26,5,49474,COD,Delivered
542,214,19,2024-02-13,5,19777,UPI,Delivered
543,518,8,2024-03-14,1,38945,COD,Returned
544,922,2,2024-11-22,1,45419,COD,Cancelled
545,906,6,2024-10-06,4,34169,COD,Delivered
546,785,50,2024-05-09,5,13605,COD,Delivered
547,94,7,2024-10-20,3,31793,UPI,Cancelled
548,497,31,2024-01-18,3,28598,UPI,Cancelled
549,318,2,2024-06-05,4,30593,Wallet,Returned
550,454,16,2024-03-03,3,26812,COD,Cancelled
551,799,20,2024-04-11,5,45171,COD,Cancelled
552,360,47,2024-01-02,4,42982,Credit Card,Delivered
553,207,22,2024-09-21,4,42431,Credit Card,Delivered
554,26,11,2024-04-06,1,22740,Wallet,Cancelled
555,346,25,2024-06-15,3,21835,Credit Card,Returned
556,176,30,2024-03-20,1,40239,Wallet,Delivered
557,577,5,2024-05-21,4,21708,Wallet,Delivered
558,180,47,2024-03-15,2,29677,COD,Cancelled
559,408,2,2024-12-27,3,7644,Wallet,Cancelled
560,983,31,2024-12-30,1,7460,Wallet,Delivered
561,3,41,2024-08-26,2,3527,Credit Card,Returned
562,8,23,2024-05-24,5,41180,Wallet,Delivered
563,745,33,2024-02-02,2,30298,Credit Card,Cancelled
564,293,9,2024-07-17,4,21967,Credit Card,Cancelled
565,989,11,2024-02-21,2,24240,UPI,Cancelled
566,720,12,2024-10-09,2,23189,UPI,Cancelled
567,727,11,2024-10-14,5,36183,Credit Card,Cancelled
568,624,38,2024-07-14,3,33257,UPI,Delivered
569,296,18,2024-05-13,2,33919,COD,Cancelled
570,698,40,2024-03-21,4,47380,COD,Returned
571,240,17,2024-07-08,4,22448,Wallet,Delivered
572,582,6,2024-09-26,5,31889,UPI,Returned
573,262,37,2024-08-02,3,26667,UPI,Delivered
574,987,21,2024-09-18,1,9312,COD,Returned
575,980,5,2024-06-19,5,36019,Credit Card,Delivered
576,536,13,2024-08-26,3,6524,Wallet,Returned
577,216,4,2024-07-08,1,9830,UPI,Cancelled
578,143,18,2024-12-05,2,32117,Wallet,Delivered
579,61,39,2024-12-14,4,17809,Wallet,Returned
580,138,34,2024-10-21,5,3109,Credit Card,Delivered
581,890,32,2024-02-20,1,26788,Wallet,Delivered
582,885,42,2024-07-09,3,6504,COD,Cancelled
583,218,50,2024-09-29,4,24149,COD,Delivered
584,127,5,2024-03-15,5,36186,UPI,Cancelled
585,143,1,2024-04-28,5,25768,Wallet,Delivered
586,302,42,2024-12-02,2,30408,UPI,Delivered
587,721,43,2024-07-06,2,22716,Wallet,Returned
588,853,19,2024-12-10,1,43002,COD,Returned
589,56,32,2024-07-21,4,1962,UPI,Delivered
590,675,28,2024-09-06,1,9648,Credit Card,Cancelled
591,741,33,2024-05-24,1,1828,UPI,Cancelled
592,500,50,2024-06-13,5,13819,UPI,Returned
593,382,29,2024-05-02,5,16431,Credit Card,Returned
594,907,20,2024-01-18,4,13035,UPI,Cancelled
595,405,27,2024-02-07,5,33614,Credit Card,Cancelled
596,286,31,2024-03-03,4,19589,UPI,Returned
597,709,14,2024-02-14,2,35135,COD,Cancelled
598,123,45,2024-05-29,5,9300,COD,Returned
599,4,42,2024-11-05,2,28101,COD,Delivered
600,29,29,2024-08-25,2,39821,Wallet,Delivered
601,156,30,2024-09-12,2,15470,Credit Card,Cancelled
602,85,44,2024-04-22,4,27384,Credit Card,Returned
603,458,21,2024-04-27,2,29889,Wallet,Cancelled
604,766,50,2024-11-28,5,18406,Wallet,Delivered
605,441,15,2024-05-14,5,5126,COD,Cancelled
606,900,32,2024-10-27,1,16284,COD,Delivered
607,819,15,2024-04-24,4,31084,Credit Card,Cancelled
608,124,7,2024-09-14,4,28760,COD,Returned
609,269,6,2024-01-01,5,22872,UPI,Delivered
610,544,26,2024-09-27,3,25736,Credit Card,Delivered
611,341,44,2024-03-26,3,30996,UPI,Cancelled
612,668,6,2024-06-28,1,48284,COD,Returned
613,33,13,2024-07-29,5,43842,UPI,Cancelled
614,294,11,2024-07-22,3,20426,Wallet,Returned
615,130,23,2024-05-03,5,4185,UPI,Cancelled
616,644,24,2024-10-10,4,33087,UPI,Delivered
617,120,45,2024-05-15,5,33596,Wallet,Delivered
618,708,9,2024-03-02,3,4677,Wallet,Cancelled
619,447,45,2024-11-02,3,44384,Wallet,Delivered
620,57,36,2024-09-29,1,11679,COD,Delivered
621,711,19,2024-07-28,3,49686,Credit Card,Returned
622,161,23,2024-03-14,2,36215,COD,Delivered
623,62,48,2024-01-20,1,39564,Wallet,Delivered
624,293,5,2024-07-20,2,4183,Credit Card,Delivered
625,255,13,2024-09-17,5,18233,Credit Card,Delivered
626,65,25,2024-05-20,5,3126,Wallet,Delivered
627,290,43,2024-02-16,2,36379,Wallet,Cancelled
628,286,44,2024-06-30,4,33999,UPI,Delivered
629,744,39,2024-05-17,4,17613,COD,Delivered
630,528,1,2024-09-14,5,27179,Wallet,Returned
631,480,13,2024-02-09,3,27250,Credit Card,Cancelled
632,269,29,2024-07-23,5,9487,Wallet,Returned
633,658,28,2024-01-23,2,22600,Wallet,Cancelled
634,639,48,2024-07-02,2,28294,COD,Cancelled
635,638,7,2024-03-20,1,35112,Credit Card,Delivered
636,209,19,2024-08-07,4,14898,COD,Cancelled
637,311,34,2024-04-22,4,15431,Wallet,Cancelled
638,814,40,2024-04-05,5,48261,Wallet,Returned
639,89,31,2024-07-16,3,34943,Credit Card,Cancelled
640,725,26,2024-11-29,4,29905,COD,Delivered
641,597,33,2024-07-21,5,41519,Credit Card,Returned
642,479,32,2024-12-07,1,48274,Wallet,Cancelled
643,754,41,2024-03-13,5,34497,Wallet,Cancelled
644,581,38,2024-12-20,3,16404,Credit Card,Cancelled
645,854,48,2024-03-15,3,31347,UPI,Cancelled
646,815,30,2024-03-12,2,35763,COD,Delivered
647,519,18,2024-12-30,5,49896,Wallet,Returned
648,935,42,2024-05-27,5,1796,Wallet,Returned
649,405,10,2024-03-31,4,8129,COD,Cancelled
650,299,1,2024-02-01,2,35921,COD,Returned
651,504,6,2024-05-27,1,47552,UPI,Cancelled
652,347,42,2024-04-13,5,36956,Wallet,Cancelled
653,464,23,2024-10-26,4,46607,Credit Card,Cancelled
654,611,15,2024-09-29,1,11033,Credit Card,Cancelled
655,810,10,2024-11-29,1,26856,UPI,Delivered
656,392,20,2024-10-24,1,3475,Wallet,Returned
657,669,19,2024-06-19,3,38387,COD,Cancelled
658,192,37,2024-08-21,3,38234,Wallet,Cancelled
659,334,19,2024-12-08,3,24552,COD,Returned
660,186,7,2024-03-10,4,35307,Credit Card,Delivered
661,809,3,2024-02-17,3,19776,COD,Delivered
662,600,50,2024-10-22,4,42272,COD,Returned
663,800,23,2024-01-16,5,3707,Credit Card,Returned
664,905,1,2024-05-15,2,38628,Credit Card,Returned
665,992,29,2024-06-04,5,2701,UPI,Returned
666,123,6,2024-10-29,2,2736,Wallet,Returned
667,404,43,2024-08-23,2,19804,UPI,Cancelled
668,519,31,2024-02-20,4,1598,Wallet,Delivered
669,414,4,2024-12-09,3,15604,UPI,Returned
670,233,5,2024-07-29,2,28287,COD,Delivered
671,308,34,2024-06-25,3,34971,COD,Cancelled
672,929,40,2024-04-10,1,13874,UPI,Returned
673,415,43,2024-09-08,5,27808,UPI,Returned
674,987,27,2024-07-03,2,12855,Credit Card,Returned
675,872,15,2024-12-20,5,10221,Wallet,Returned
676,559,9,2024-10-25,5,18406,UPI,Returned
677,430,42,2024-04-08,2,29168,Wallet,Returned
678,508,34,2024-03-30,4,16026,UPI,Returned
679,538,32,2024-04-11,1,38317,COD,Delivered
680,434,36,2024-06-18,2,12632,COD,Returned
681,145,7,2024-10-26,3,19139,COD,Returned
682,13,34,2024-07-08,1,34268,Credit Card,Delivered
683,553,37,2024-05-31,3,49856,COD,Returned
684,1,7,2024-10-21,2,36405,UPI,Cancelled
685,611,41,2024-08-01,4,14261,Wallet,Delivered
686,965,7,2024-09-28,4,49630,COD,Delivered
687,973,49,2024-11-10,4,1117,UPI,Delivered
688,56,31,2024-04-06,1,16461,Wallet,Returned
689,187,29,2024-10-24,2,2556,Wallet,Returned
690,433,2,2024-04-16,2,44180,UPI,Delivered
691,637,30,2024-12-27,3,6879,UPI,Cancelled
692,532,13,2024-05-11,4,34141,COD,Cancelled
693,510,33,2024-06-08,4,48651,Wallet,Delivered
694,717,33,2024-06-15,1,44273,UPI,Cancelled
695,900,23,2024-01-20,5,47909,Wallet,Cancelled
696,731,22,2024-10-12,2,14264,Credit Card,Cancelled
697,717,47,2024-01-31,4,10039,COD,Returned
698,963,48,2024-05-30,4,5577,Credit Card,Returned
699,893,49,2024-05-06,4,38351,COD,Delivered
700,171,43,2024-04-16,1,16156,COD,Cancelled
701,697,36,2024-04-17,5,21856,Wallet,Delivered
702,384,21,2024-06-24,2,13653,Wallet,Cancelled
703,69,40,2024-08-07,4,38956,COD,Returned
704,490,5,2024-07-18,5,9386,COD,Cancelled
705,710,48,2024-05-05,4,38491,Wallet,Returned
706,416,38,2024-08-16,4,12741,Wallet,Returned
707,228,50,2024-07-30,4,6199,UPI,Cancelled
708,635,42,2024-07-13,3,33830,COD,Returned
709,686,1,2024-05-31,2,8296,UPI,Returned
710,619,38,2024-08-05,4,42344,COD,Delivered
711,257,37,2024-05-06,3,47670,COD,Returned
712,984,11,2024-03-02,5,11052,Wallet,Returned
713,82,16,2024-05-27,1,8256,Wallet,Returned
714,243,40,2024-09-28,3,29349,Credit Card,Delivered
715,798,10,2024-02-28,1,29818,UPI,Cancelled
716,747,47,2024-08-10,2,34394,UPI,Delivered
717,98,11,2024-01-03,4,32116,COD,Delivered
718,196,12,2024-03-02,5,26861,COD,Cancelled
719,16,38,2024-04-14,4,37731,Credit Card,Returned
720,348,48,2024-08-07,5,32477,Credit Card,Delivered
721,568,26,2024-06-11,2,41243,COD,Returned
722,391,1,2024-08-08,5,24884,UPI,Delivered
723,606,11,2024-10-18,3,32141,COD,Returned
724,54,21,2024-07-12,4,43748,Wallet,Delivered
725,516,25,2024-12-27,2,37858,Credit Card,Cancelled
726,305,29,2024-05-09,5,14187,COD,Cancelled
727,677,50,2024-03-29,1,21106,Wallet,Returned
728,52,26,2024-12-11,5,20723,UPI,Returned
729,67,18,2024-09-07,2,41524,COD,Delivered
730,216,29,2024-05-20,5,29069,UPI,Delivered
731,479,8,2024-01-09,3,35771,Wallet,Delivered
732,823,37,2024-11-04,1,14410,UPI,Delivered
733,423,35,2024-02-02,1,30074,UPI,Delivered
734,475,3,2024-08-04,2,5039,UPI,Delivered
735,32,15,2024-05-20,5,23696,UPI,Delivered
736,125,47,2024-12-04,2,25482,COD,Cancelled
737,655,9,2024-09-26,3,38055,UPI,Delivered
738,154,10,2024-03-26,5,36268,UPI,Returned
739,494,30,2024-08-20,2,47869,COD,Cancelled
740,589,15,2024-06-09,4,44615,Credit Card,Delivered
741,764,18,2024-11-21,2,36376,Credit Card,Delivered
742,241,19,2024-03-28,1,25792,Wallet,Cancelled
743,694,20,2024-10-29,3,42488,UPI,Returned
744,639,8,2024-07-08,4,27230,UPI,Delivered
745,360,26,2024-07-05,1,6589,UPI,Returned
746,849,31,2024-04-22,2,36848,Wallet,Returned
747,76,26,2024-11-29,5,10539,Wallet,Returned
748,856,17,2024-04-10,4,34906,UPI,Cancelled
749,105,30,2024-04-20,3,22692,Credit Card,Returned
750,856,50,2024-08-27,4,9573,COD,Returned
751,25,23,2024-05-25,4,7110,UPI,Cancelled
752,364,34,2024-10-17,2,20745,Credit Card,Returned
753,169,4,2024-12-02,4,33545,Wallet,Delivered
754,209,46,2024-01-30,3,24275,COD,Delivered
755,677,34,2024-04-14,1,16240,Wallet,Cancelled
756,963,24,2024-09-28,2,12195,COD,Returned
757,383,27,2024-07-08,5,25938,COD,Cancelled
758,171,31,2024-06-24,4,49069,Credit Card,Cancelled
759,524,7,2024-09-25,1,19739,UPI,Returned
760,982,28,2024-03-14,3,4469,Credit Card,Delivered
761,273,18,2024-07-07,5,2250,COD,Delivered
762,438,23,2024-04-12,3,49677,COD,Cancelled
763,492,7,2024-05-10,4,24848,Wallet,Returned
764,686,18,2024-06-06,2,22255,UPI,Returned
765,111,47,2024-07-05,2,31202,COD,Returned
766,381,12,2024-01-28,5,14975,UPI,Delivered
767,183,39,2024-11-05,2,34426,Credit Card,Delivered
768,828,37,2024-12-09,3,48233,COD,Returned
769,413,49,2024-08-22,1,33774,COD,Delivered
770,400,41,2024-10-01,3,13474,COD,Delivered
771,113,15,2024-04-27,1,6551,Wallet,Cancelled
772,632,23,2024-06-02,2,26896,COD,Returned
773,641,43,2024-07-06,5,17728,UPI,Returned
774,899,35,2024-08-06,4,30562,Wallet,Delivered
775,95,22,2024-06-20,3,23893,COD,Delivered
776,433,41,2024-11-01,4,45622,Credit Card,Returned
777,473,41,2024-02-20,5,3836,COD,Returned
778,539,17,2024-11-06,2,29380,Wallet,Returned
779,291,41,2024-10-09,1,4127,COD,Delivered
780,208,6,2024-05-14,1,23508,COD,Delivered
781,831,48,2024-06-12,2,18108,Wallet,Delivered
782,348,32,2024-11-22,4,35244,COD,Delivered
783,111,40,2024-04-19,2,23373,COD,Cancelled
784,774,38,2024-08-04,3,36707,Wallet,Cancelled
785,963,30,2024-03-23,1,45574,Wallet,Delivered
786,24,16,2024-10-20,3,5280,COD,Delivered
787,699,16,2024-04-19,3,37080,COD,Cancelled
788,744,9,2024-09-19,3,23776,UPI,Returned
789,586,50,2024-07-18,5,32996,UPI,Returned
790,818,11,2024-07-17,3,46045,UPI,Returned
791,157,7,2024-04-10,4,48424,Credit Card,Returned
792,508,4,2024-10-02,1,6904,UPI,Cancelled
793,955,30,2024-10-29,5,45856,UPI,Delivered
794,672,26,2024-12-16,4,3871,UPI,Cancelled
795,233,17,2024-09-20,5,20293,Credit Card,Cancelled
796,509,24,2024-04-01,2,45871,Wallet,Returned
797,62,28,2024-01-21,3,6168,UPI,Cancelled
798,815,48,2024-02-24,4,32067,Wallet,Delivered
799,667,7,2024-03-08,5,15921,Credit Card,Returned
800,717,3,2024-10-15,4,40479,COD,Delivered
801,923,47,2024-06-21,3,11121,Credit Card,Delivered
802,892,19,2024-09-21,3,25354,Wallet,Cancelled
803,151,30,2024-09-16,2,30871,UPI,Cancelled
804,248,8,2024-09-01,3,2375,Wallet,Returned
805,844,48,2024-04-20,5,4307,Credit Card,Returned
806,515,26,2024-12-25,2,16511,UPI,Returned
807,753,45,2024-01-13,1,15726,UPI,Returned
808,262,46,2024-02-01,1,42736,COD,Cancelled
809,376,48,2024-11-27,4,44796,Credit Card,Delivered
810,829,29,2024-06-16,4,6713,Credit Card,Delivered
811,629,9,2024-09-24,1,40988,COD,Delivered
812,447,44,2024-05-31,1,6549,Wallet,Returned
813,220,27,2024-12-12,4,29921,Credit Card,Cancelled
814,812,27,2024-03-04,1,13465,Wallet,Cancelled
815,519,17,2024-04-03,3,6015,Credit Card,Cancelled
816,579,3,2024-06-29,2,41897,Wallet,Cancelled
817,789,2,2024-07-04,5,11878,UPI,Delivered
818,933,11,2024-12-06,4,47962,UPI,Delivered
819,525,7,2024-04-17,3,8904,UPI,Cancelled
820,740,12,2024-01-06,4,8914,COD,Returned
821,201,37,2024-07-23,4,8068,UPI,Delivered
822,860,27,2024-09-20,5,37973,UPI,Cancelled
823,357,8,2024-09-02,1,40763,Wallet,Returned
824,153,45,2024-05-30,1,16225,UPI,Delivered
825,306,31,2024-06-07,5,18062,Credit Card,Cancelled
826,229,45,2024-07-07,5,25518,Credit Card,Cancelled
827,227,40,2024-01-10,4,30830,COD,Returned
828,65,44,2024-02-21,5,45274,Wallet,Returned
829,825,41,2024-12-02,5,8090,Wallet,Returned
830,1,39,2024-06-08,4,31282,Credit Card,Delivered
831,805,31,2024-10-26,4,25302,Wallet,Cancelled
832,505,34,2024-09-02,2,26795,Credit Card,Returned
833,464,20,2024-12-22,1,49339,Credit Card,Delivered
834,209,33,2024-07-25,5,49248,Wallet,Cancelled
835,990,47,2024-12-06,3,47254,Wallet,Cancelled
836,43,41,2024-02-02,5,41673,Wallet,Cancelled
837,579,8,2024-08-29,4,49398,Credit Card,Delivered
838,447,37,2024-12-02,1,43440,COD,Cancelled
839,292,39,2024-05-18,4,38000,COD,Cancelled
840,998,45,2024-08-06,3,5105,Credit Card,Delivered
841,305,12,2024-07-11,2,16804,Credit Card,Cancelled
842,533,43,2024-01-27,2,31721,Credit Card,Delivered
843,253,49,2024-12-02,3,18376,Credit Card,Delivered
844,143,19,2024-05-10,3,42149,Credit Card,Cancelled
845,681,4,2024-01-30,5,13693,Wallet,Delivered
846,910,8,2024-02-01,4,35178,Wallet,Delivered
847,638,15,2024-08-26,1,23277,COD,Returned
848,492,25,2024-10-26,2,12120,UPI,Returned
849,446,40,2024-06-13,1,39412,COD,Delivered
850,966,12,2024-05-12,5,4949,COD,Returned
851,806,46,2024-09-20,5,26944,Credit Card,Delivered
852,773,26,2024-08-23,2,19271,Credit Card,Delivered
853,575,48,2024-10-02,5,41223,COD,Cancelled
854,681,15,2024-07-24,2,1658,COD,Cancelled
855,498,37,2024-05-31,2,33258,COD,Cancelled
856,517,34,2024-04-23,3,14268,COD,Cancelled
857,30,28,2024-04-03,1,39870,Wallet,Cancelled
858,152,37,2024-06-21,5,7315,UPI,Cancelled
859,302,37,2024-12-24,2,46266,Wallet,Returned
860,556,29,2024-10-05,2,11718,Credit Card,Returned
861,487,34,2024-03-09,4,41374,Wallet,Cancelled
862,70,45,2024-03-06,1,18174,COD,Cancelled
863,999,30,2024-06-09,1,27631,Credit Card,Returned
864,469,31,2024-02-13,4,44153,COD,Returned
865,490,1,2024-02-07,2,22393,COD,Delivered
866,38,48,2024-06-11,4,19288,COD,Delivered
867,579,21,2024-08-02,2,20123,Credit Card,Returned
868,134,49,2024-06-21,4,36972,UPI,Delivered
869,330,46,2024-07-09,3,42685,Wallet,Returned
870,207,23,2024-08-16,5,31545,Credit Card,Cancelled
871,930,18,2024-09-02,3,19376,COD,Delivered
872,717,41,2024-06-17,1,29401,Credit Card,Delivered
873,833,29,2024-03-28,2,20296,UPI,Returned
874,272,32,2024-03-28,2,39791,COD,Delivered
875,493,28,2024-03-08,2,48040,COD,Cancelled
876,368,15,2024-01-08,3,6373,UPI,Delivered
877,286,49,2024-07-20,1,44344,Wallet,Returned
878,588,48,2024-04-04,4,25201,Wallet,Cancelled
879,713,9,2024-06-20,4,30946,Credit Card,Delivered
880,664,1,2024-10-31,1,31914,Credit Card,Returned
881,417,39,2024-03-17,4,28465,Credit Card,Returned
882,951,48,2024-07-25,3,43712,UPI,Returned
883,403,5,2024-09-09,5,5892,Wallet,Cancelled
884,127,3,2024-02-03,5,8462,Credit Card,Cancelled
885,162,4,2024-04-25,1,29193,Credit Card,Cancelled
886,6,4,2024-01-03,2,29111,Wallet,Cancelled
887,127,29,2024-06-24,2,34356,Wallet,Returned
888,959,29,2024-05-19,4,8416,COD,Delivered
889,449,43,2024-07-13,3,38963,Credit Card,Returned
890,614,8,2024-10-20,1,7232,Credit Card,Delivered
891,772,30,2024-06-30,1,31223,Wallet,Cancelled
892,489,12,2024-04-13,1,33022,Credit Card,Returned
893,262,21,2024-06-08,3,15049,Credit Card,Returned
894,527,24,2024-11-29,4,29136,UPI,Cancelled
895,414,45,2024-09-01,4,45746,COD,Cancelled
896,955,25,2024-01-02,4,9042,Credit Card,Returned
897,897,35,2024-02-02,5,10465,COD,Delivered
898,660,37,2024-01-27,1,44341,COD,Cancelled
899,489,30,2024-09-25,2,49725,COD,Cancelled
900,703,17,2024-10-08,4,18339,Credit Card,Cancelled
901,645,15,2024-02-17,3,24951,UPI,Cancelled
902,908,19,2024-09-11,2,42229,COD,Cancelled
903,494,32,2024-05-07,4,8067,COD,Delivered
904,243,48,2024-08-20,4,37181,Credit Card,Delivered
905,573,20,2024-09-05,1,46012,Wallet,Delivered
906,879,22,2024-02-27,5,3609,Credit Card,Cancelled
907,718,33,2024-03-23,3,19052,UPI,Cancelled
908,846,36,2024-07-01,1,16372,COD,Cancelled
909,232,8,2024-01-30,5,10120,COD,Delivered
910,212,47,2024-08-07,2,12105,COD,Cancelled
911,793,40,2024-09-30,4,19770,COD,Delivered
912,255,9,2024-02-12,1,4960,Credit Card,Delivered
913,504,17,2024-02-19,4,7521,UPI,Returned
914,415,19,2024-09-03,1,41112,UPI,Delivered
915,77,26,2024-04-16,3,31575,UPI,Returned
916,705,16,2024-10-07,1,35354,COD,Cancelled
917,411,13,2024-01-18,2,1256,Wallet,Cancelled
918,135,4,2024-12-07,5,8314,Credit Card,Returned
919,731,11,2024-02-17,4,15312,Credit Card,Returned
920,812,45,2024-10-21,1,22178,Credit Card,Delivered
921,662,27,2024-08-11,4,37438,Credit Card,Cancelled
922,280,28,2024-10-06,4,5857,UPI,Returned
923,641,19,2024-08-01,1,24864,Credit Card,Cancelled
924,384,1,2024-05-13,2,41757,Wallet,Returned
925,477,20,2024-03-04,2,40559,Wallet,Returned
926,9,23,2024-10-17,3,11734,COD,Delivered
927,429,12,2024-09-15,2,29010,UPI,Cancelled
928,397,16,2024-08-12,4,42365,Credit Card,Returned
929,777,23,2024-06-20,1,8317,Wallet,Delivered
930,81,41,2024-04-09,5,10551,COD,Returned
931,776,39,2024-07-09,4,35415,Wallet,Delivered
932,693,31,2024-07-05,4,14521,COD,Returned
933,87,30,2024-12-09,1,43353,COD,Returned
934,604,29,2024-02-10,1,594,COD,Cancelled
935,831,10,2024-11-20,2,1929,COD,Cancelled
936,879,22,2024-02-03,3,41561,Credit Card,Cancelled
937,622,46,2024-07-25,2,8031,Wallet,Delivered
938,408,25,2024-05-07,4,14911,COD,Returned
939,324,1,2024-11-14,4,4505,Wallet,Returned
940,83,42,2024-11-29,1,32928,Wallet,Cancelled
941,733,50,2024-04-04,2,39376,UPI,Returned
942,52,12,2024-09-12,1,41620,Credit Card,Delivered
943,607,36,2024-11-04,2,38495,COD,Delivered
944,272,21,2024-09-28,1,4655,COD,Delivered
945,730,45,2024-08-21,4,3675,UPI,Returned
946,883,17,2024-12-04,5,10271,COD,Returned
947,948,36,2024-08-29,1,28115,UPI,Delivered
948,996,20,2024-03-26,2,41012,Wallet,Returned
949,269,30,2024-11-06,5,19434,UPI,Cancelled
950,61,29,2024-01-18,4,42356,UPI,Delivered
951,567,42,2024-08-10,4,33564,Wallet,Cancelled
952,661,1,2024-12-07,1,13915,COD,Delivered
953,294,18,2024-02-14,1,38206,UPI,Returned
954,177,29,2024-06-29,1,37696,COD,Cancelled
955,401,16,2024-12-14,2,31932,Credit Card,Returned
956,581,48,2024-12-06,5,49935,UPI,Returned
957,272,40,2024-09-29,1,16190,UPI,Cancelled
958,767,35,2024-05-12,1,10307,UPI,Cancelled
959,503,29,2024-04-07,3,27054,UPI,Returned
960,583,26,2024-10-20,2,44605,Credit Card,Returned
961,574,49,2024-03-13,4,47894,COD,Returned
962,688,16,2024-04-18,2,11034,UPI,Returned
963,187,19,2024-03-10,1,35212,COD,Returned
964,681,40,2024-10-23,4,23785,COD,Cancelled
965,492,29,2024-08-14,3,31716,COD,Cancelled
966,406,38,2024-10-06,1,26302,COD,Cancelled
967,192,28,2024-09-04,4,24910,UPI,Cancelled
968,975,30,2024-07-09,5,41358,Wallet,Returned
969,158,32,2024-05-05,5,4782,Credit Card,Returned
970,985,17,2024-03-07,3,3547,COD,Returned
971,252,6,2024-06-04,5,26033,Credit Card,Cancelled
972,165,32,2024-02-10,3,14624,COD,Returned
973,986,45,2024-03-09,3,19294,Credit Card,Delivered
974,254,45,2024-01-13,4,11297,COD,Cancelled
975,733,23,2024-08-14,3,22525,UPI,Returned
976,831,27,2024-12-03,2,12623,COD,Delivered
977,587,14,2024-11-13,2,14819,UPI,Delivered
978,906,38,2024-04-06,5,12231,COD,Cancelled
979,691,27,2024-11-10,5,39859,Wallet,Cancelled
980,746,2,2024-02-04,2,21942,Wallet,Delivered
981,924,15,2024-07-14,5,2204,UPI,Returned
982,666,29,2024-12-25,2,20571,Wallet,Returned
983,597,21,2024-03-13,2,29407,Wallet,Delivered
984,308,46,2024-11-09,4,32369,Wallet,Cancelled
985,76,22,2024-01-23,4,24542,UPI,Delivered
986,936,43,2024-04-17,2,37911,UPI,Returned
987,801,15,2024-09-25,4,39269,COD,Returned
988,45,17,2024-12-04,1,5526,Credit Card,Cancelled
989,476,31,2024-01-22,1,25888,UPI,Cancelled
990,984,16,2024-02-02,1,14880,Wallet,Cancelled
991,23,35,2024-09-26,3,22177,UPI,Cancelled
992,478,49,2024-02-07,1,6676,COD,Cancelled
993,97,46,2024-01-13,1,29227,UPI,Delivered
994,167,41,2024-03-18,3,21531,COD,Cancelled
995,444,45,2024-07-22,4,41726,Wallet,Cancelled
996,636,32,2024-11-16,3,29861,UPI,Delivered
997,86,24,2024-12-24,4,49222,UPI,Returned
998,933,6,2024-01-28,4,49809,COD,Cancelled
999,585,11,2024-06-04,5,42066,Wallet,Cancelled
1000,806,6,2024-05-05,3,39594,Credit Card,Returned
1001,735,17,2024-02-06,5,11909,UPI,Cancelled
1002,405,20,2024-11-23,1,30286,Wallet,Returned
1003,617,10,2024-04-27,1,8141,Credit Card,Cancelled
1004,501,23,2024-11-19,1,45413,UPI,Cancelled
1005,564,17,2024-01-18,4,42378,Wallet,Delivered
1006,497,22,2024-07-29,1,12127,Credit Card,Delivered
1007,326,47,2024-10-18,2,17785,Credit Card,Delivered
1008,31,13,2024-11-24,4,25757,UPI,Delivered
1009,197,40,2024-10-24,5,21355,Wallet,Cancelled
1010,192,8,2024-09-23,2,43263,COD,Delivered
1011,548,32,2024-02-24,4,45057,Wallet,Returned
1012,769,21,2024-07-03,1,28250,UPI,Delivered
1013,947,38,2024-07-07,2,27936,COD,Returned
1014,711,29,2024-11-13,1,28225,COD,Cancelled
1015,289,35,2024-06-07,1,46131,UPI,Returned
1016,19,12,2024-08-02,4,20841,Credit Card,Returned
1017,215,35,2024-11-14,1,29102,Credit Card,Delivered
1018,428,48,2024-11-21,3,42178,COD,Delivered
1019,235,39,2024-07-31,1,30335,COD,Cancelled
1020,616,33,2024-09-14,3,36306,COD,Returned
1021,650,9,2024-07-20,5,42827,Credit Card,Cancelled
1022,119,42,2024-01-09,2,24085,Wallet,Returned
1023,768,27,2024-09-10,4,30726,COD,Delivered
1024,183,30,2024-03-14,3,45166,Credit Card,Delivered
1025,612,33,2024-11-09,5,20861,Wallet,Cancelled
1026,276,34,2024-06-25,2,12853,UPI,Cancelled
1027,277,45,2024-06-26,2,35863,Credit Card,Delivered
1028,935,5,2024-04-28,5,4577,Credit Card,Delivered
1029,815,50,2024-05-28,3,35478,Wallet,Delivered
1030,51,36,2024-08-02,4,25823,Credit Card,Returned
1031,553,1,2024-01-05,2,46950,Wallet,Delivered
1032,244,16,2024-12-21,4,37739,Wallet,Cancelled
1033,928,32,2024-02-18,4,5581,Credit Card,Returned
1034,265,16,2024-08-16,5,34531,UPI,Cancelled
1035,625,13,2024-05-02,1,43991,Credit Card,Returned
1036,140,4,2024-03-14,1,4018,Credit Card,Returned
1037,935,31,2024-10-04,2,38496,Wallet,Returned
1038,677,43,2024-07-20,5,44696,Credit Card,Delivered
1039,100,13,2024-08-16,2,27686,Credit Card,Cancelled
1040,475,23,2024-01-02,3,19757,Wallet,Returned
1041,29,49,2024-02-23,3,27993,COD,Returned
1042,397,27,2024-05-13,4,13933,UPI,Cancelled
1043,148,34,2024-05-02,4,2241,COD,Cancelled
1044,508,47,2024-12-27,3,29119,COD,Returned
1045,203,16,2024-12-02,4,27111,COD,Cancelled
1046,358,35,2024-02-11,4,16656,UPI,Cancelled
1047,806,38,2024-02-12,4,44484,Wallet,Delivered
1048,987,8,2024-12-02,1,41704,UPI,Cancelled
1049,811,26,2024-11-30,5,27056,Wallet,Delivered
1050,132,10,2024-11-05,5,49741,COD,Delivered
1051,343,7,2024-11-28,1,4163,UPI,Returned
1052,694,4,2024-02-07,1,23429,COD,Delivered
1053,93,46,2024-02-12,2,2437,UPI,Returned
1054,618,47,2024-08-10,2,49204,Credit Card,Delivered
1055,708,24,2024-03-22,1,36022,COD,Returned
1056,95,2,2024-04-28,1,16260,COD,Cancelled
1057,809,8,2024-05-01,1,15433,Wallet,Cancelled
1058,371,44,2024-07-04,2,11558,Wallet,Returned
1059,783,7,2024-10-01,3,38665,COD,Cancelled
1060,35,27,2024-04-09,3,20773,Wallet,Cancelled
1061,27,31,2024-09-14,1,45713,UPI,Cancelled
1062,321,8,2024-02-06,5,3771,Wallet,Delivered
1063,218,35,2024-08-01,3,21102,Wallet,Returned
1064,872,27,2024-01-26,1,32672,UPI,Delivered
1065,667,43,2024-09-03,1,14161,COD,Delivered
1066,900,41,2024-01-25,4,4376,UPI,Delivered
1067,379,7,2024-11-24,1,11342,UPI,Returned
1068,219,3,2024-03-05,5,44761,Credit Card,Cancelled
1069,556,14,2024-10-15,4,10332,Wallet,Cancelled
1070,20,4,2024-07-05,2,20879,UPI,Delivered
1071,236,8,2024-02-26,4,35495,COD,Delivered
1072,131,43,2024-04-16,2,10468,COD,Delivered
1073,238,8,2024-12-22,5,25618,Credit Card,Cancelled
1074,466,8,2024-05-15,5,14743,UPI,Cancelled
1075,679,15,2024-07-13,5,43838,UPI,Returned
1076,811,6,2024-03-03,2,8581,COD,Delivered
1077,805,36,2024-03-16,5,10977,COD,Returned
1078,898,11,2024-12-04,1,16127,Credit Card,Delivered
1079,19,47,2024-06-09,4,20136,COD,Returned
1080,509,2,2024-08-04,1,6118,Credit Card,Cancelled
1081,240,11,2024-10-09,5,41335,Wallet,Delivered
1082,192,16,2024-06-07,2,32643,UPI,Delivered
1083,630,45,2024-02-03,4,45599,COD,Delivered
1084,148,9,2024-03-26,4,23664,COD,Cancelled
1085,244,29,2024-05-10,4,22681,Credit Card,Delivered
1086,909,18,2024-06-18,1,2748,UPI,Delivered
1087,16,39,2024-11-21,2,9418,Wallet,Delivered
1088,874,50,2024-10-17,4,33463,Wallet,Delivered
1089,569,6,2024-07-06,2,25823,Credit Card,Delivered
1090,573,45,2024-11-22,5,19394,Credit Card,Returned
1091,714,49,2024-04-19,5,18780,UPI,Returned
1092,170,12,2024-08-06,4,6679,Credit Card,Cancelled
1093,465,10,2024-09-14,1,9588,Wallet,Delivered
1094,740,18,2024-07-15,1,4187,Credit Card,Returned
1095,351,1,2024-11-11,2,38967,UPI,Cancelled
1096,865,21,2024-06-24,4,39042,Wallet,Delivered
1097,370,6,2024-08-30,3,29747,UPI,Returned
1098,235,16,2024-05-03,1,38757,COD,Returned
1099,418,48,2024-01-27,3,18669,Wallet,Cancelled
1100,635,7,2024-02-15,5,17084,COD,Cancelled
1101,352,8,2024-02-08,3,7993,COD,Returned
1102,34,6,2024-04-22,4,45170,COD,Delivered
1103,292,44,2024-05-16,1,38375,Wallet,Cancelled
1104,895,46,2024-08-26,3,24697,UPI,Returned
1105,70,3,2024-10-21,2,45585,UPI,Returned
1106,603,34,2024-07-20,5,29114,Wallet,Cancelled
1107,402,15,2024-01-25,4,47380,UPI,Returned
1108,259,1,2024-11-28,1,48351,Credit Card,Returned
1109,105,43,2024-08-09,5,16885,Wallet,Delivered
1110,850,19,2024-02-23,2,46344,COD,Delivered
1111,358,9,2024-04-09,2,26707,COD,Cancelled
1112,550,19,2024-12-28,2,43626,UPI,Returned
1113,707,1,2024-03-01,5,28166,Wallet,Returned
1114,760,2,2024-10-30,5,22460,UPI,Returned
1115,692,3,2024-01-04,5,18712,Wallet,Returned
1116,183,5,2024-11-05,4,48110,Credit Card,Cancelled
1117,962,27,2024-02-08,3,8083,UPI,Returned
1118,855,7,2024-12-24,4,13132,UPI,Cancelled
1119,25,47,2024-03-01,5,1857,COD,Delivered
1120,685,46,2024-03-10,4,21118,COD,Cancelled
1121,679,40,2024-01-12,5,14567,Credit Card,Returned
1122,898,24,2024-11-02,1,23879,COD,Returned
1123,544,14,2024-08-30,3,17124,Wallet,Delivered
1124,937,38,2024-04-24,5,45770,Credit Card,Delivered
1125,949,35,2024-08-05,4,14167,Wallet,Returned
1126,799,22,2024-10-19,2,9244,Wallet,Returned
1127,417,8,2024-08-14,4,44942,Wallet,Cancelled
1128,876,22,2024-04-19,4,31939,Credit Card,Returned
1129,873,4,2024-11-21,5,7077,UPI,Cancelled
1130,145,20,2024-06-18,3,39999,COD,Returned
1131,12,48,2024-04-13,1,4414,Wallet,Cancelled
1132,455,27,2024-09-09,4,37268,Wallet,Delivered
1133,974,43,2024-12-27,5,13641,COD,Delivered
1134,819,43,2024-07-06,4,43072,Wallet,Delivered
1135,847,16,2024-01-02,1,33929,Wallet,Cancelled
1136,989,19,2024-11-05,5,39864,UPI,Returned
1137,197,4,2024-04-08,5,15689,COD,Delivered
1138,427,23,2024-02-01,1,5889,UPI,Delivered
1139,238,39,2024-11-20,2,12036,UPI,Cancelled
1140,494,29,2024-12-12,1,13167,COD,Returned
1141,164,15,2024-09-05,3,27921,UPI,Returned
1142,466,47,2024-10-25,1,11170,COD,Cancelled
1143,151,25,2024-01-30,4,48451,UPI,Cancelled
1144,742,3,2024-04-02,4,10321,Credit Card,Cancelled
1145,160,32,2024-12-07,3,7021,COD,Delivered
1146,68,49,2024-04-14,4,29674,Wallet,Returned
1147,333,12,2024-07-15,5,28364,UPI,Delivered
1148,164,9,2024-02-16,1,8761,Wallet,Delivered
1149,950,45,2024-02-09,5,1633,UPI,Returned
1150,756,22,2024-09-09,3,2176,COD,Delivered
1151,535,32,2024-09-20,2,35694,Credit Card,Delivered
1152,688,14,2024-01-23,1,45260,Wallet,Delivered
1153,807,4,2024-07-26,5,31735,UPI,Cancelled
1154,317,34,2024-07-10,3,22144,UPI,Delivered
1155,889,36,2024-08-19,2,1960,UPI,Delivered
1156,600,21,2024-04-02,3,22562,COD,Delivered
1157,673,36,2024-09-25,3,16561,UPI,Cancelled
1158,496,10,2024-05-09,5,38193,UPI,Cancelled
1159,850,13,2024-09-12,2,14838,UPI,Delivered
1160,166,13,2024-08-13,5,46693,Wallet,Delivered
1161,577,32,2024-06-28,4,41747,COD,Cancelled
1162,934,50,2024-06-29,3,19201,COD,Cancelled
1163,135,21,2024-12-25,2,48091,COD,Returned
1164,33,7,2024-09-05,3,3864,COD,Delivered
1165,772,35,2024-01-04,3,38340,Credit Card,Returned
1166,382,3,2024-12-29,5,7401,COD,Delivered
1167,167,28,2024-05-27,2,33095,Credit Card,Cancelled
1168,563,34,2024-12-15,1,13510,COD,Delivered
1169,838,6,2024-03-04,3,5863,COD,Delivered
1170,667,42,2024-03-05,1,32759,Wallet,Cancelled
1171,988,41,2024-04-11,2,33266,Credit Card,Cancelled
1172,519,19,2024-06-03,2,32623,Credit Card,Returned
1173,371,22,2024-04-05,2,14506,Credit Card,Cancelled
1174,947,41,2024-05-17,3,21690,Credit Card,Delivered
1175,768,48,2024-06-20,2,46254,UPI,Cancelled
1176,515,20,2024-11-09,3,33313,Wallet,Cancelled
1177,338,20,2024-10-28,1,14479,Credit Card,Cancelled
1178,264,23,2024-11-26,4,2582,Wallet,Cancelled
1179,197,17,2024-12-24,4,44190,COD,Delivered
1180,692,36,2024-05-12,2,30760,UPI,Returned
1181,885,14,2024-12-17,1,9736,Wallet,Returned
1182,254,21,2024-12-11,2,35795,COD,Delivered
1183,185,29,2024-02-25,4,22344,Credit Card,Returned
1184,808,27,2024-06-15,1,40160,Credit Card,Cancelled
1185,668,7,2024-04-04,3,40407,UPI,Returned
1186,137,9,2024-04-03,2,25857,UPI,Delivered
1187,933,13,2024-12-12,4,10522,COD,Cancelled
1188,94,19,2024-08-02,3,30212,UPI,Delivered
1189,719,42,2024-12-21,2,38128,COD,Returned
1190,720,23,2024-04-23,5,6608,Wallet,Returned
1191,183,21,2024-04-01,3,15339,Credit Card,Delivered
1192,943,33,2024-04-28,2,29893,Wallet,Cancelled
1193,174,5,2024-06-03,1,44565,Wallet,Returned
1194,995,48,2024-09-13,1,9348,COD,Delivered
1195,413,33,2024-02-03,1,48977,Wallet,Returned
1196,526,29,2024-10-06,4,30304,UPI,Delivered
1197,287,22,2024-12-02,1,2405,UPI,Cancelled
1198,760,28,2024-12-02,3,15926,COD,Delivered
1199,997,18,2024-11-29,5,27752,Wallet,Returned
1200,539,24,2024-05-15,1,14480,Wallet,Cancelled
1201,661,47,2024-05-13,4,29105,UPI,Cancelled
1202,756,40,2024-05-06,1,19390,Wallet,Cancelled
1203,644,32,2024-07-04,1,6032,Wallet,Cancelled
1204,497,21,2024-01-01,2,5915,Wallet,Cancelled
1205,149,9,2024-06-10,5,11742,COD,Returned
1206,144,27,2024-10-27,2,20464,Credit Card,Returned
1207,358,10,2024-05-26,3,2910,Credit Card,Returned
1208,273,31,2024-11-12,2,6549,COD,Cancelled
1209,468,18,2024-07-29,1,5189,Credit Card,Returned
1210,410,31,2024-01-14,1,46181,Wallet,Returned
1211,173,44,2024-11-15,5,24100,COD,Returned
1212,383,30,2024-03-20,2,27000,UPI,Cancelled
1213,269,33,2024-01-19,4,46214,Credit Card,Delivered
1214,550,41,2024-06-12,1,33290,UPI,Delivered
1215,979,38,2024-03-12,5,39439,COD,Returned
1216,375,9,2024-11-25,3,48668,COD,Cancelled
1217,232,16,2024-01-28,1,6095,Wallet,Cancelled
1218,789,25,2024-04-14,5,20396,Credit Card,Cancelled
1219,496,33,2024-09-02,1,37219,Wallet,Cancelled
1220,901,26,2024-09-08,2,47779,UPI,Returned
1221,405,27,2024-06-19,5,27320,UPI,Cancelled
1222,197,34,2024-12-28,2,5436,Wallet,Returned
1223,966,41,2024-06-29,3,38638,UPI,Delivered
1224,723,6,2024-07-11,5,1443,COD,Returned
1225,759,9,2024-05-19,4,26966,UPI,Delivered
1226,16,29,2024-08-08,5,15193,UPI,Returned
1227,270,4,2024-05-03,2,44593,Wallet,Cancelled
1228,342,12,2024-03-21,2,20957,Wallet,Returned
1229,736,4,2024-05-31,4,21838,COD,Returned
1230,335,17,2024-01-26,1,9942,Credit Card,Delivered
1231,933,17,2024-10-06,1,24573,Credit Card,Delivered
1232,342,6,2024-07-21,2,13103,UPI,Delivered
1233,190,23,2024-09-05,3,6133,Wallet,Returned
1234,755,25,2024-07-17,3,44264,Credit Card,Returned
1235,420,23,2024-06-26,4,21035,UPI,Returned
1236,995,41,2024-07-31,2,30348,Credit Card,Delivered
1237,408,41,2024-12-04,5,18255,COD,Cancelled
1238,558,4,2024-04-14,4,36078,Credit Card,Returned
1239,785,22,2024-09-04,4,36759,Wallet,Cancelled
1240,436,38,2024-01-06,1,3314,COD,Returned
1241,571,5,2024-11-08,2,5431,Wallet,Cancelled
1242,598,19,2024-10-10,4,46348,COD,Delivered
1243,830,3,2024-03-18,2,36209,Wallet,Cancelled
1244,515,4,2024-08-27,3,2551,UPI,Delivered
1245,99,45,2024-11-21,4,47890,Wallet,Delivered
1246,931,18,2024-04-04,3,32736,Credit Card,Cancelled
1247,809,44,2024-08-15,1,5337,Credit Card,Delivered
1248,903,25,2024-01-27,5,13622,COD,Returned
1249,654,13,2024-03-08,2,22561,UPI,Cancelled
1250,78,28,2024-05-27,4,9998,UPI,Delivered
1251,508,35,2024-02-04,5,44455,COD,Returned
1252,393,45,2024-11-13,2,41155,UPI,Returned
1253,842,46,2024-06-21,4,29687,Credit Card,Cancelled
1254,63,10,2024-04-28,1,1864,Credit Card,Returned
1255,759,35,2024-04-15,3,30868,Credit Card,Cancelled
1256,378,24,2024-01-16,4,1615,COD,Returned
1257,462,47,2024-02-18,3,27220,Wallet,Returned
1258,469,38,2024-06-21,2,40971,Credit Card,Returned
1259,268,29,2024-09-04,2,48193,Credit Card,Returned
1260,793,39,2024-10-12,5,36128,COD,Cancelled
1261,451,32,2024-07-02,1,42250,Credit Card,Delivered
1262,308,37,2024-11-21,2,25597,UPI,Delivered
1263,121,50,2024-08-06,5,45919,Credit Card,Cancelled
1264,923,47,2024-08-16,3,23632,COD,Cancelled
1265,774,24,2024-02-22,4,46342,Credit Card,Cancelled
1266,452,39,2024-10-24,2,1735,Wallet,Cancelled
1267,904,37,2024-10-31,1,2728,UPI,Delivered
1268,385,18,2024-12-06,5,46956,COD,Returned
1269,628,46,2024-02-05,2,14916,Wallet,Cancelled
1270,134,27,2024-12-06,1,9405,Credit Card,Returned
1271,302,28,2024-01-21,3,24711,Credit Card,Cancelled
1272,920,46,2024-01-16,5,28623,COD,Returned
1273,455,20,2024-08-29,2,2790,Wallet,Cancelled
1274,193,50,2024-08-10,3,36993,Wallet,Delivered
1275,606,16,2024-01-19,4,26780,UPI,Delivered
1276,962,16,2024-11-29,3,2148,UPI,Cancelled
1277,691,41,2024-02-04,5,23258,UPI,Delivered
1278,891,48,2024-08-05,4,8527,UPI,Delivered
1279,52,44,2024-02-15,3,23983,COD,Delivered
1280,176,21,2024-09-16,5,28401,COD,Delivered
1281,440,35,2024-02-26,2,4300,COD,Delivered
1282,496,1,2024-07-29,2,4848,Credit Card,Cancelled
1283,822,46,2024-03-11,4,44478,Wallet,Returned
1284,144,40,2024-05-08,3,5140,UPI,Cancelled
1285,677,44,2024-01-31,1,28917,Wallet,Cancelled
1286,983,48,2024-01-31,5,44425,Wallet,Cancelled
1287,976,8,2024-12-27,5,15390,Credit Card,Delivered
1288,418,20,2024-10-21,5,35539,Credit Card,Cancelled
1289,20,26,2024-10-10,2,48501,UPI,Returned
1290,985,6,2024-05-10,3,20233,Credit Card,Cancelled
1291,119,2,2024-07-10,2,19867,Wallet,Delivered
1292,750,39,2024-01-16,5,46944,Credit Card,Cancelled
1293,921,44,2024-09-30,3,3206,Wallet,Delivered
1294,646,26,2024-06-06,4,3120,Wallet,Returned
1295,933,14,2024-10-12,2,38130,UPI,Delivered
1296,3,41,2024-07-03,2,25369,UPI,Returned
1297,357,35,2024-11-21,3,45256,UPI,Cancelled
1298,649,46,2024-06-26,1,13456,UPI,Returned
1299,802,37,2024-03-14,1,19305,Wallet,Cancelled
1300,817,10,2024-02-04,2,37141,Credit Card,Cancelled
1301,312,47,2024-05-04,2,48083,Credit Card,Delivered
1302,317,36,2024-05-17,1,12686,Credit Card,Returned
1303,937,12,2024-08-20,4,23802,Credit Card,Delivered
1304,173,30,2024-03-02,3,11738,Credit Card,Returned
1305,594,3,2024-09-24,5,39753,UPI,Cancelled
1306,557,40,2024-10-16,1,22482,Credit Card,Returned
1307,359,45,2024-06-21,5,44198,Credit Card,Delivered
1308,951,21,2024-02-01,2,41370,COD,Delivered
1309,831,9,2024-05-23,4,16846,COD,Cancelled
1310,294,16,2024-08-18,4,34412,UPI,Delivered
1311,186,29,2024-08-16,4,36482,Credit Card,Delivered
1312,995,2,2024-05-20,3,48265,COD,Returned
1313,41,24,2024-08-29,4,16683,COD,Delivered
1314,853,29,2024-10-11,2,22217,Credit Card,Delivered
1315,19,42,2024-11-22,5,43884,UPI,Delivered
1316,186,14,2024-12-20,1,3562,Credit Card,Returned
1317,527,17,2024-10-01,2,36211,COD,Returned
1318,230,34,2024-06-17,3,48623,Credit Card,Delivered
1319,73,17,2024-11-17,2,28900,UPI,Cancelled
1320,189,44,2024-02-25,5,43295,COD,Cancelled
1321,796,41,2024-12-25,4,5707,COD,Returned
1322,122,10,2024-02-13,1,20444,COD,Cancelled
1323,673,5,2024-12-12,3,40799,Wallet,Cancelled
1324,153,35,2024-06-07,5,10597,UPI,Returned
1325,25,19,2024-04-24,2,26127,UPI,Delivered
1326,185,40,2024-11-19,2,43217,UPI,Returned
1327,351,21,2024-07-13,5,43539,Wallet,Delivered
1328,434,50,2024-05-05,5,45920,COD,Cancelled
1329,149,1,2024-10-24,3,16144,Wallet,Delivered
1330,561,35,2024-09-15,5,14779,UPI,Returned
1331,27,2,2024-12-05,4,45561,COD,Delivered
1332,104,13,2024-03-15,1,17032,Credit Card,Cancelled
1333,2,6,2024-11-15,4,18744,Credit Card,Cancelled
1334,61,27,2024-06-23,3,46576,COD,Returned
1335,993,36,2024-10-17,3,13508,Wallet,Returned
1336,411,4,2024-02-01,5,35193,Credit Card,Returned
1337,379,36,2024-10-04,1,12734,UPI,Returned
1338,658,36,2024-02-12,4,29700,UPI,Cancelled
1339,732,49,2024-02-22,1,6332,UPI,Cancelled
1340,730,20,2024-12-29,1,36235,COD,Returned
1341,560,30,2024-07-29,2,40667,UPI,Cancelled
1342,536,21,2024-01-12,2,21180,Credit Card,Delivered
1343,77,7,2024-09-17,3,7156,UPI,Returned
1344,718,8,2024-06-23,5,26367,Credit Card,Returned
1345,431,41,2024-11-19,4,28293,COD,Returned
1346,669,18,2024-07-07,4,38855,Credit Card,Returned
1347,851,15,2024-03-21,1,14283,COD,Returned
1348,457,7,2024-08-07,1,30692,UPI,Returned
1349,534,26,2024-12-07,1,34124,COD,Delivered
1350,587,42,2024-08-13,4,45518,Credit Card,Delivered
1351,582,24,2024-05-17,2,29388,Credit Card,Returned
1352,200,11,2024-03-30,2,43938,Wallet,Returned
1353,633,37,2024-04-10,2,832,Credit Card,Returned
1354,554,15,2024-04-04,2,17905,COD,Delivered
1355,211,19,2024-10-01,3,49141,COD,Delivered
1356,570,38,2024-03-08,1,46535,UPI,Returned
1357,278,49,2024-10-31,4,35742,Credit Card,Delivered
1358,845,11,2024-02-23,5,42214,UPI,Returned
1359,568,31,2024-07-13,3,5912,UPI,Cancelled
1360,969,47,2024-08-11,1,19640,UPI,Delivered
1361,645,24,2024-01-22,5,25643,UPI,Returned
1362,701,45,2024-12-14,2,49321,UPI,Returned
1363,188,14,2024-11-10,2,34650,UPI,Delivered
1364,955,23,2024-09-30,2,19317,UPI,Cancelled
1365,301,47,2024-05-28,1,43673,COD,Cancelled
1366,832,11,2024-11-16,3,18875,UPI,Returned
1367,8,32,2024-03-26,4,8548,COD,Cancelled
1368,354,36,2024-11-28,5,29253,COD,Cancelled
1369,585,9,2024-06-21,5,2658,Wallet,Cancelled
1370,757,11,2024-04-17,4,45833,Wallet,Cancelled
1371,847,37,2024-10-04,5,7458,UPI,Returned
1372,912,15,2024-06-30,4,31033,Credit Card,Delivered
1373,145,20,2024-04-25,5,29580,Credit Card,Returned
1374,881,7,2024-04-16,5,29736,Wallet,Cancelled
1375,220,5,2024-06-22,2,46884,COD,Cancelled
1376,968,18,2024-01-15,3,9014,Credit Card,Delivered
1377,232,8,2024-10-04,5,21806,UPI,Delivered
1378,954,41,2024-02-16,5,47266,Credit Card,Cancelled
1379,609,11,2024-02-02,3,43495,COD,Delivered
1380,150,44,2024-04-09,4,1976,Credit Card,Cancelled
1381,5,27,2024-09-05,5,17637,UPI,Returned
1382,310,34,2024-05-22,2,36209,Wallet,Returned
1383,229,23,2024-06-26,4,18810,COD,Returned
1384,579,44,2024-01-08,5,20111,Credit Card,Returned
1385,214,9,2024-04-06,2,19797,Wallet,Cancelled
1386,534,4,2024-11-22,1,13815,Wallet,Delivered
1387,111,11,2024-11-19,5,688,UPI,Cancelled
1388,581,11,2024-09-06,2,47728,UPI,Delivered
1389,154,49,2024-08-18,2,49560,COD,Delivered
1390,476,13,2024-05-10,2,20704,COD,Cancelled
1391,808,2,2024-08-06,5,46786,Credit Card,Returned
1392,426,7,2024-06-21,5,28349,Wallet,Delivered
1393,720,19,2024-09-15,1,23013,Wallet,Cancelled
1394,480,22,2024-07-08,1,18986,Wallet,Delivered
1395,580,43,2024-11-22,5,46245,Wallet,Delivered
1396,838,26,2024-03-03,4,2575,Wallet,Cancelled
1397,4,29,2024-06-04,1,27793,Credit Card,Returned
1398,135,41,2024-01-19,4,49417,Wallet,Delivered
1399,350,23,2024-12-17,1,33723,COD,Returned
1400,458,42,2024-05-28,5,32869,Wallet,Cancelled
1401,712,13,2024-10-31,4,7530,Wallet,Returned
1402,17,33,2024-05-23,5,18010,COD,Delivered
1403,141,31,2024-05-25,3,4580,Wallet,Returned
1404,462,42,2024-04-24,4,13837,Credit Card,Cancelled
1405,165,39,2024-01-26,1,854,Credit Card,Returned
1406,121,39,2024-01-07,5,43313,UPI,Delivered
1407,850,25,2024-05-15,5,5991,Credit Card,Cancelled
1408,817,26,2024-10-26,1,41168,Credit Card,Returned
1409,346,22,2024-05-22,3,34563,UPI,Returned
1410,786,15,2024-01-01,1,22299,Wallet,Cancelled
1411,519,18,2024-08-07,1,17978,Wallet,Delivered
1412,962,22,2024-12-16,1,26356,Credit Card,Cancelled
1413,33,19,2024-12-19,1,45770,Wallet,Cancelled
1414,798,27,2024-07-11,2,28195,UPI,Returned
1415,397,46,2024-04-30,2,13424,UPI,Cancelled
1416,108,36,2024-04-14,2,28923,Wallet,Returned
1417,536,36,2024-05-28,5,3273,Credit Card,Returned
1418,916,28,2024-11-07,3,48290,Wallet,Delivered
1419,359,2,2024-10-14,4,20381,COD,Delivered
1420,981,4,2024-09-23,2,32490,UPI,Cancelled
1421,495,23,2024-09-29,3,33720,COD,Cancelled
1422,419,37,2024-08-20,1,21680,Credit Card,Returned
1423,70,46,2024-11-28,1,24860,Credit Card,Returned
1424,709,12,2024-02-04,3,9503,Wallet,Returned
1425,910,14,2024-02-05,1,4739,UPI,Cancelled
1426,963,18,2024-10-03,4,20843,UPI,Returned
1427,958,9,2024-05-19,1,6068,Credit Card,Delivered
1428,641,21,2024-10-24,3,44468,Credit Card,Delivered
1429,94,43,2024-01-06,1,39242,Credit Card,Returned
1430,605,20,2024-05-08,5,32614,COD,Returned
1431,919,31,2024-08-29,5,25685,UPI,Returned
1432,510,1,2024-10-17,3,49290,Wallet,Returned
1433,520,33,2024-10-04,5,38219,COD,Returned
1434,716,33,2024-07-05,3,37936,Wallet,Returned
1435,768,35,2024-01-06,4,25659,UPI,Delivered
1436,904,5,2024-01-06,4,18347,UPI,Cancelled
1437,244,31,2024-04-02,3,47457,COD,Returned
1438,408,29,2024-05-21,4,48185,COD,Returned
1439,353,49,2024-08-15,3,32691,UPI,Delivered
1440,811,19,2024-06-03,2,26774,Credit Card,Returned
1441,794,29,2024-11-29,4,44652,Credit Card,Cancelled
1442,394,17,2024-06-25,3,29733,COD,Delivered
1443,848,30,2024-02-24,1,11661,COD,Cancelled
1444,36,24,2024-07-13,5,21706,COD,Returned
1445,128,19,2024-04-02,5,18053,COD,Cancelled
1446,483,37,2024-01-28,3,39872,Credit Card,Delivered
1447,72,38,2024-09-08,3,14410,COD,Cancelled
1448,823,41,2024-08-28,3,16425,COD,Returned
1449,196,36,2024-08-03,1,48102,UPI,Cancelled
1450,480,23,2024-10-23,5,24598,Wallet,Delivered
1451,720,21,2024-10-03,1,2134,Wallet,Delivered
1452,840,22,2024-08-12,4,24968,COD,Delivered
1453,17,35,2024-03-27,5,5125,Wallet,Cancelled
1454,427,4,2024-10-02,5,23292,Credit Card,Cancelled
1455,375,6,2024-04-12,1,44906,Wallet,Returned
1456,295,9,2024-11-24,5,28423,Credit Card,Returned
1457,648,27,2024-06-06,2,19414,Wallet,Cancelled
1458,397,37,2024-07-15,5,33520,UPI,Returned
1459,707,42,2024-10-07,5,42685,COD,Returned
1460,704,14,2024-01-13,4,21941,UPI,Delivered
1461,26,35,2024-04-09,2,15866,Credit Card,Delivered
1462,447,17,2024-08-13,2,26419,Credit Card,Delivered
1463,581,22,2024-12-06,4,7672,UPI,Returned
1464,379,44,2024-03-10,3,18464,COD,Cancelled
1465,119,39,2024-09-04,2,32650,Credit Card,Delivered
1466,68,7,2024-05-06,1,35161,COD,Cancelled
1467,865,31,2024-03-23,3,35087,Credit Card,Returned
1468,99,41,2024-04-05,1,10925,COD,Delivered
1469,937,48,2024-09-11,3,8500,Wallet,Delivered
1470,891,26,2024-01-18,5,49814,COD,Delivered
1471,874,35,2024-01-05,4,35234,COD,Delivered
1472,720,50,2024-08-13,1,15137,Wallet,Returned
1473,302,13,2024-01-11,5,25126,UPI,Returned
1474,605,43,2024-05-16,4,35540,Wallet,Delivered
1475,280,42,2024-02-16,4,29212,Credit Card,Cancelled
1476,159,38,2024-07-16,2,39527,COD,Cancelled
1477,149,47,2024-11-01,4,35838,UPI,Delivered
1478,189,40,2024-02-27,5,23243,Wallet,Cancelled
1479,108,43,2024-03-07,4,23368,Wallet,Cancelled
1480,74,10,2024-01-17,5,18510,Credit Card,Delivered
1481,416,45,2024-01-23,5,33665,COD,Returned
1482,370,18,2024-03-31,3,27773,COD,Cancelled
1483,366,28,2024-12-14,4,37323,UPI,Returned
1484,293,47,2024-10-19,3,45602,COD,Delivered
1485,703,19,2024-09-12,4,11962,COD,Delivered
1486,651,32,2024-06-30,4,40316,Wallet,Returned
1487,776,12,2024-05-04,4,33056,COD,Delivered
1488,96,28,2024-10-10,5,29612,UPI,Delivered
1489,347,9,2024-09-28,5,33891,Wallet,Returned
1490,154,2,2024-04-11,3,23708,Wallet,Returned
1491,419,35,2024-12-22,5,1301,Wallet,Cancelled
1492,749,15,2024-01-29,1,11269,COD,Returned
1493,566,50,2024-01-30,1,39757,Credit Card,Returned
1494,180,22,2024-04-05,4,38318,Credit Card,Delivered
1495,273,41,2024-11-09,2,24779,Wallet,Returned
1496,387,12,2024-07-10,1,24619,COD,Delivered
1497,189,3,2024-02-02,4,5465,COD,Delivered
1498,560,25,2024-06-13,4,33973,Wallet,Returned
1499,348,11,2024-01-17,1,8532,UPI,Delivered
1500,707,32,2024-06-26,1,49826,Credit Card,Delivered
1501,19,49,2024-07-29,2,30803,UPI,Cancelled
1502,852,18,2024-11-29,2,43088,Credit Card,Delivered
1503,330,16,2024-06-08,2,23757,COD,Cancelled
1504,46,18,2024-08-19,3,30359,Credit Card,Cancelled
1505,969,15,2024-03-31,2,1177,COD,Cancelled
1506,806,49,2024-05-05,5,47812,COD,Cancelled
1507,244,7,2024-04-10,3,24497,COD,Delivered
1508,183,27,2024-10-31,4,42385,UPI,Delivered
1509,869,26,2024-12-31,4,26947,UPI,Cancelled
1510,469,17,2024-05-14,3,2690,COD,Returned
1511,839,10,2024-08-24,3,9723,Wallet,Delivered
1512,306,23,2024-07-06,2,42151,COD,Cancelled
1513,852,48,2024-10-11,2,13585,UPI,Delivered
1514,653,34,2024-02-11,4,21215,UPI,Returned
1515,393,22,2024-09-08,1,10106,Credit Card,Delivered
1516,855,48,2024-03-29,3,2013,Credit Card,Delivered
1517,88,28,2024-06-10,3,46679,Wallet,Returned
1518,754,10,2024-07-13,3,11912,UPI,Returned
1519,946,12,2024-10-04,5,34548,Credit Card,Delivered
1520,242,45,2024-03-02,2,28252,Wallet,Delivered
1521,798,18,2024-11-02,1,32644,UPI,Returned
1522,429,16,2024-05-15,2,41765,COD,Returned
1523,583,29,2024-02-21,1,41167,COD,Delivered
1524,887,46,2024-06-18,5,20499,Wallet,Cancelled
1525,727,18,2024-11-24,4,13837,Wallet,Delivered
1526,197,3,2024-12-29,2,44359,Wallet,Delivered
1527,166,45,2024-03-17,5,5018,Wallet,Returned
1528,345,19,2024-01-12,3,2101,Credit Card,Delivered
1529,348,47,2024-03-12,4,34412,COD,Delivered
1530,695,14,2024-03-24,4,5873,UPI,Cancelled
1531,311,35,2024-08-31,4,23860,Credit Card,Cancelled
1532,593,30,2024-05-20,4,40826,Wallet,Delivered
1533,600,28,2024-08-29,4,26861,Wallet,Delivered
1534,352,37,2024-08-03,2,12231,UPI,Cancelled
1535,420,26,2024-08-19,1,37630,COD,Cancelled
1536,369,16,2024-09-25,4,41253,Wallet,Returned
1537,411,33,2024-09-02,5,544,Credit Card,Cancelled
1538,859,41,2024-11-28,5,7276,COD,Delivered
1539,109,50,2024-03-26,2,39123,Wallet,Returned
1540,487,44,2024-02-14,4,20557,UPI,Returned
1541,258,4,2024-07-25,1,20084,Credit Card,Delivered
1542,803,32,2024-08-21,4,21958,Credit Card,Delivered
1543,204,15,2024-01-20,2,10037,Credit Card,Delivered
1544,992,41,2024-03-24,1,42241,UPI,Cancelled
1545,744,34,2024-12-06,1,29819,UPI,Cancelled
1546,655,1,2024-01-21,5,15149,Credit Card,Returned
1547,24,13,2024-09-18,2,14937,COD,Cancelled
1548,428,10,2024-06-08,3,17846,Wallet,Cancelled
1549,579,5,2024-11-06,5,46538,Wallet,Returned
1550,226,33,2024-06-05,2,42048,Credit Card,Returned
1551,198,44,2024-02-24,3,30892,UPI,Cancelled
1552,674,10,2024-04-14,3,1825,Wallet,Delivered
1553,258,8,2024-08-19,5,36900,COD,Cancelled
1554,41,18,2024-02-27,2,3553,UPI,Returned
1555,757,28,2024-04-01,4,29132,UPI,Cancelled
1556,960,22,2024-12-14,2,36439,Credit Card,Delivered
1557,600,11,2024-12-27,4,47035,UPI,Cancelled
1558,72,29,2024-07-09,2,32117,Wallet,Returned
1559,877,48,2024-12-25,4,2293,Wallet,Returned
1560,595,36,2024-09-26,1,43975,Credit Card,Delivered
1561,918,34,2024-09-17,1,43476,UPI,Delivered
1562,892,22,2024-07-27,4,19099,Credit Card,Delivered
1563,871,26,2024-01-11,3,17568,UPI,Cancelled
1564,345,7,2024-07-01,2,42966,UPI,Delivered
1565,279,17,2024-02-01,4,43110,Credit Card,Delivered
1566,155,28,2024-04-02,3,5566,UPI,Returned
1567,788,22,2024-12-04,3,37846,Wallet,Returned
1568,38,17,2024-03-29,3,40626,Credit Card,Returned
1569,722,27,2024-06-13,2,45222,Credit Card,Delivered
1570,462,23,2024-12-01,4,27480,Credit Card,Returned
1571,410,31,2024-02-17,2,38691,UPI,Returned
1572,443,48,2024-04-05,2,40383,UPI,Delivered
1573,287,41,2024-02-17,5,33334,COD,Cancelled
1574,332,13,2024-10-12,1,15260,COD,Delivered
1575,792,19,2024-11-26,5,43517,Credit Card,Delivered
1576,959,8,2024-07-26,5,14847,Credit Card,Cancelled
1577,11,11,2024-08-29,5,25394,UPI,Cancelled
1578,231,23,2024-08-31,3,4761,Credit Card,Cancelled
1579,175,17,2024-03-10,4,13917,Wallet,Returned
1580,994,50,2024-09-11,2,30082,Credit Card,Returned
1581,789,37,2024-11-21,5,2931,Wallet,Returned
1582,176,25,2024-04-23,2,34302,Wallet,Delivered
1583,886,22,2024-03-18,1,38270,Credit Card,Cancelled
1584,910,17,2024-04-22,5,28138,COD,Cancelled
1585,524,43,2024-07-05,3,23378,COD,Cancelled
1586,347,6,2024-01-05,3,12434,Wallet,Cancelled
1587,258,13,2024-02-16,5,27526,Credit Card,Delivered
1588,221,12,2024-09-16,3,39617,COD,Returned
1589,606,30,2024-02-11,5,3068,Credit Card,Returned
1590,816,29,2024-04-12,3,46468,Credit Card,Returned
1591,900,34,2024-04-17,1,43823,UPI,Delivered
1592,555,24,2024-09-09,2,9051,UPI,Delivered
1593,209,30,2024-03-31,2,2249,Wallet,Returned
1594,441,50,2024-05-10,1,14187,COD,Delivered
1595,340,10,2024-12-05,3,10634,Credit Card,Delivered
1596,857,11,2024-02-27,4,9428,Credit Card,Returned
1597,89,37,2024-07-04,5,23361,Wallet,Delivered
1598,679,11,2024-09-10,1,37396,Credit Card,Cancelled
1599,206,15,2024-02-11,5,46837,UPI,Returned
1600,786,42,2024-06-12,3,7069,Credit Card,Cancelled
1601,452,32,2024-04-02,5,45083,Credit Card,Cancelled
1602,850,24,2024-04-19,3,13712,Wallet,Returned
1603,104,14,2024-02-14,5,36094,UPI,Returned
1604,281,38,2024-06-01,3,3552,Wallet,Returned
1605,96,35,2024-08-05,2,6771,Wallet,Returned
1606,77,11,2024-02-09,3,19062,COD,Cancelled
1607,115,26,2024-08-12,4,12452,Credit Card,Delivered
1608,434,24,2024-09-19,3,15900,Credit Card,Delivered
1609,692,37,2024-02-04,3,33791,UPI,Returned
1610,381,38,2024-04-20,3,42894,UPI,Delivered
1611,192,24,2024-05-07,3,24966,Wallet,Returned
1612,906,24,2024-02-15,2,19312,Wallet,Returned
1613,240,10,2024-10-26,4,13120,Wallet,Cancelled
1614,538,1,2024-08-20,3,42397,UPI,Cancelled
1615,570,5,2024-05-03,4,42568,Credit Card,Delivered
1616,184,18,2024-12-04,5,45338,UPI,Cancelled
1617,567,29,2024-09-19,3,17302,UPI,Returned
1618,815,11,2024-05-09,3,43497,Credit Card,Returned
1619,230,29,2024-06-07,3,38821,COD,Cancelled
1620,19,2,2024-02-08,4,19076,COD,Cancelled
1621,540,15,2024-01-23,3,30413,Credit Card,Cancelled
1622,566,1,2024-03-22,2,25492,UPI,Returned
1623,52,40,2024-08-12,5,6914,Wallet,Delivered
1624,747,41,2024-03-16,3,21272,Wallet,Delivered
1625,767,27,2024-03-24,4,5206,COD,Cancelled
1626,424,48,2024-08-14,3,5305,COD,Delivered
1627,739,7,2024-08-18,3,18970,UPI,Delivered
1628,597,1,2024-11-21,1,36326,Credit Card,Delivered
1629,553,19,2024-07-01,5,40742,Credit Card,Delivered
1630,598,21,2024-08-28,4,16569,UPI,Returned
1631,864,49,2024-09-06,2,30307,Credit Card,Cancelled
1632,610,40,2024-09-26,5,45453,Credit Card,Returned
1633,2,16,2024-11-12,2,43594,COD,Cancelled
1634,867,26,2024-11-15,1,34042,Credit Card,Delivered
1635,724,43,2024-09-28,3,22515,COD,Cancelled
1636,397,19,2024-12-08,4,36324,UPI,Returned
1637,618,26,2024-03-07,1,34849,COD,Returned
1638,977,24,2024-11-13,3,11477,UPI,Returned
1639,560,16,2024-03-05,2,18490,Credit Card,Returned
1640,706,15,2024-05-13,4,43991,Wallet,Cancelled
1641,305,45,2024-06-08,3,38380,COD,Returned
1642,779,17,2024-01-16,5,44859,Wallet,Cancelled
1643,471,13,2024-11-27,4,6403,COD,Returned
1644,341,31,2024-08-22,3,42236,UPI,Delivered
1645,978,13,2024-10-06,3,44625,COD,Delivered
1646,67,31,2024-12-12,1,38002,Credit Card,Delivered
1647,424,2,2024-03-31,3,8620,Wallet,Delivered
1648,271,1,2024-04-17,3,5110,Wallet,Returned
1649,298,22,2024-01-29,5,44545,Credit Card,Cancelled
1650,750,44,2024-05-09,2,41915,UPI,Delivered
1651,288,47,2024-02-13,2,12465,Wallet,Delivered
1652,91,34,2024-06-09,2,27875,Credit Card,Cancelled
1653,121,42,2024-11-06,2,39812,UPI,Delivered
1654,941,31,2024-12-16,1,17348,UPI,Cancelled
1655,145,48,2024-10-16,5,35919,Credit Card,Delivered
1656,536,15,2024-06-17,3,611,Wallet,Returned
1657,159,43,2024-12-05,5,45458,Credit Card,Returned
1658,409,28,2024-04-24,2,12768,UPI,Cancelled
1659,652,47,2024-05-30,3,10809,UPI,Returned
1660,881,11,2024-04-05,2,5882,UPI,Delivered
1661,835,13,2024-07-14,4,24214,COD,Cancelled
1662,581,20,2024-08-21,2,49176,Wallet,Returned
1663,785,31,2024-10-19,4,10919,Credit Card,Delivered
1664,522,45,2024-09-12,1,42682,Credit Card,Delivered
1665,966,13,2024-02-25,5,17409,UPI,Delivered
1666,162,12,2024-01-12,1,36565,COD,Cancelled
1667,831,24,2024-09-07,1,37846,Credit Card,Delivered
1668,301,9,2024-10-23,2,29442,Wallet,Cancelled
1669,159,26,2024-05-19,2,18570,Wallet,Cancelled
1670,844,48,2024-12-15,5,43209,Credit Card,Delivered
1671,949,28,2024-11-27,3,2262,UPI,Delivered
1672,440,36,2024-07-03,5,11522,Wallet,Cancelled
1673,130,36,2024-12-22,5,26053,Wallet,Delivered
1674,210,12,2024-04-13,3,9410,Wallet,Returned
1675,392,39,2024-07-16,3,8526,Wallet,Cancelled
1676,739,47,2024-03-29,3,35399,UPI,Returned
1677,55,21,2024-04-24,2,37607,COD,Returned
1678,446,12,2024-01-29,3,25472,Credit Card,Delivered
1679,361,47,2024-08-18,4,10294,Credit Card,Returned
1680,765,10,2024-10-27,4,13256,Credit Card,Cancelled
1681,470,25,2024-02-16,3,41257,COD,Delivered
1682,679,30,2024-09-18,2,44039,COD,Delivered
1683,79,4,2024-10-15,5,32561,COD,Delivered
1684,128,43,2024-01-08,4,49368,UPI,Cancelled
1685,719,19,2024-05-30,2,22809,Wallet,Returned
1686,656,36,2024-01-11,4,17920,COD,Cancelled
1687,490,46,2024-07-09,2,26036,Credit Card,Delivered
1688,687,15,2024-08-09,5,17185,Credit Card,Delivered
1689,760,33,2024-11-18,2,34210,COD,Delivered
1690,543,5,2024-09-29,3,11067,COD,Delivered
1691,77,10,2024-08-27,3,15848,UPI,Returned
1692,797,32,2024-09-12,5,40102,UPI,Delivered
1693,168,28,2024-09-20,1,44070,Wallet,Delivered
1694,890,47,2024-08-28,5,22564,Credit Card,Cancelled
1695,99,37,2024-10-27,3,38147,Credit Card,Cancelled
1696,847,37,2024-03-24,4,17537,Credit Card,Delivered
1697,269,2,2024-02-14,5,22738,Credit Card,Delivered
1698,584,49,2024-01-06,2,20435,UPI,Returned
1699,414,7,2024-12-26,3,23441,Wallet,Returned
1700,716,6,2024-07-21,1,44316,Credit Card,Returned
1701,168,3,2024-04-07,5,12599,COD,Returned
1702,627,35,2024-07-14,3,30695,Credit Card,Returned
1703,829,31,2024-01-29,2,3496,Wallet,Delivered
1704,278,26,2024-05-27,5,37328,UPI,Cancelled
1705,137,23,2024-01-24,3,10799,UPI,Returned
1706,425,22,2024-01-12,3,40797,COD,Cancelled
1707,293,35,2024-10-13,5,920,Wallet,Cancelled
1708,466,30,2024-11-25,4,45056,Credit Card,Cancelled
1709,490,23,2024-10-07,1,36177,Credit Card,Cancelled
1710,45,14,2024-03-05,2,33575,Credit Card,Cancelled
1711,156,43,2024-05-15,1,20970,Credit Card,Cancelled
1712,783,38,2024-12-01,3,4213,COD,Delivered
1713,331,27,2024-04-01,5,35398,Credit Card,Delivered
1714,951,19,2024-03-19,5,14728,UPI,Cancelled
1715,882,21,2024-02-18,1,28251,Credit Card,Cancelled
1716,496,20,2024-11-23,3,9995,Credit Card,Returned
1717,794,22,2024-12-08,5,41618,UPI,Returned
1718,468,8,2024-06-02,1,44814,UPI,Returned
1719,814,3,2024-10-05,5,49245,Credit Card,Delivered
1720,662,49,2024-05-11,1,20897,Credit Card,Returned
1721,174,26,2024-04-13,1,21389,Credit Card,Cancelled
1722,997,30,2024-09-18,3,4388,Credit Card,Cancelled
1723,569,2,2024-03-28,3,28670,Wallet,Returned
1724,467,2,2024-08-08,2,11169,Wallet,Returned
1725,112,41,2024-01-10,1,9891,COD,Delivered
1726,746,1,2024-05-08,5,13578,Credit Card,Returned
1727,848,27,2024-10-26,3,42076,Credit Card,Returned
1728,290,8,2024-02-29,2,30366,UPI,Returned
1729,578,40,2024-02-12,5,9580,COD,Delivered
1730,151,44,2024-01-28,4,13677,COD,Cancelled
1731,365,47,2024-05-07,2,20732,Wallet,Returned
1732,28,20,2024-11-17,1,40426,Wallet,Returned
1733,96,35,2024-06-12,4,18339,Wallet,Delivered
1734,107,13,2024-12-02,4,16954,Credit Card,Delivered
1735,305,46,2024-01-30,3,8532,Wallet,Cancelled
1736,444,31,2024-12-26,3,35795,Wallet,Returned
1737,360,21,2024-02-07,5,17886,Wallet,Cancelled
1738,525,19,2024-01-12,3,24842,COD,Returned
1739,819,45,2024-09-22,3,48794,UPI,Returned
1740,103,50,2024-04-08,3,41236,Credit Card,Cancelled
1741,575,18,2024-01-17,1,41588,COD,Returned
1742,773,31,2024-05-03,3,45297,UPI,Returned
1743,699,9,2024-02-20,1,11750,COD,Cancelled
1744,634,7,2024-09-06,1,37620,Credit Card,Returned
1745,710,24,2024-11-10,1,12036,Wallet,Returned
1746,58,12,2024-09-22,2,27391,Wallet,Delivered
1747,479,14,2024-05-25,5,31766,Credit Card,Delivered
1748,356,11,2024-02-28,2,22130,COD,Cancelled
1749,149,4,2024-01-17,4,4958,COD,Cancelled
1750,903,15,2024-05-07,4,12810,COD,Returned
1751,271,48,2024-02-15,3,46034,Credit Card,Returned
1752,952,17,2024-09-05,3,37065,COD,Delivered
1753,161,35,2024-11-29,3,24756,Credit Card,Cancelled
1754,553,11,2024-07-29,2,3894,Wallet,Delivered
1755,979,35,2024-05-07,2,38597,UPI,Delivered
1756,800,40,2024-12-13,1,26491,COD,Returned
1757,275,28,2024-09-21,1,42804,Wallet,Returned
1758,114,35,2024-11-13,4,47972,UPI,Cancelled
1759,754,3,2024-06-18,1,29068,UPI,Delivered
1760,661,32,2024-05-21,4,1931,COD,Cancelled
1761,664,3,2024-11-28,2,13058,UPI,Cancelled
1762,385,1,2024-07-11,1,13424,Credit Card,Cancelled
1763,520,31,2024-01-12,3,7968,Wallet,Cancelled
1764,335,36,2024-02-25,3,775,Credit Card,Cancelled
1765,798,14,2024-09-12,3,9208,Wallet,Delivered
1766,790,22,2024-10-22,5,19185,Wallet,Delivered
1767,72,14,2024-04-29,3,7944,Wallet,Cancelled
1768,159,20,2024-06-11,1,13962,Wallet,Cancelled
1769,606,42,2024-07-11,1,44281,Credit Card,Delivered
1770,73,33,2024-09-09,4,29635,UPI,Cancelled
1771,708,37,2024-05-05,3,28895,Credit Card,Cancelled
1772,93,19,2024-04-25,2,18624,Credit Card,Delivered
1773,80,34,2024-04-14,5,29999,Credit Card,Delivered
1774,119,35,2024-11-19,1,30005,COD,Cancelled
1775,855,49,2024-07-28,3,29105,UPI,Delivered
1776,821,47,2024-09-25,3,24882,Wallet,Cancelled
1777,362,39,2024-07-29,3,9192,UPI,Delivered
1778,51,27,2024-12-31,5,30826,Credit Card,Returned
1779,291,47,2024-12-08,5,30314,Credit Card,Delivered
1780,387,28,2024-09-19,1,12968,COD,Delivered
1781,182,25,2024-03-28,5,34580,UPI,Delivered
1782,500,32,2024-01-22,3,35832,COD,Cancelled
1783,309,28,2024-02-15,4,8958,COD,Returned
1784,963,14,2024-04-08,5,27067,UPI,Cancelled
1785,768,14,2024-02-05,5,15248,UPI,Cancelled
1786,891,6,2024-05-25,4,29278,UPI,Returned
1787,249,12,2024-06-11,5,21992,Wallet,Delivered
1788,177,28,2024-03-19,2,7134,Wallet,Returned
1789,542,16,2024-06-05,2,1064,Credit Card,Delivered
1790,215,13,2024-08-30,2,31583,Credit Card,Cancelled
1791,853,43,2024-07-05,2,30287,COD,Cancelled
1792,794,4,2024-09-30,1,11917,Wallet,Cancelled
1793,960,44,2024-08-30,3,16765,Wallet,Returned
1794,630,12,2024-02-29,3,21820,COD,Returned
1795,112,34,2024-03-12,2,39280,Credit Card,Cancelled
1796,180,6,2024-11-05,3,38832,UPI,Cancelled
1797,517,16,2024-04-30,4,19894,UPI,Returned
1798,510,25,2024-11-03,3,44984,Credit Card,Returned
1799,74,41,2024-06-29,5,41344,COD,Returned
1800,178,17,2024-04-23,2,49946,Credit Card,Returned
1801,86,46,2024-01-31,4,30674,UPI,Delivered
1802,625,50,2024-05-01,3,16683,COD,Returned
1803,733,17,2024-04-08,5,19384,COD,Delivered
1804,581,23,2024-07-26,5,11269,Credit Card,Delivered
1805,986,40,2024-12-11,2,9835,Credit Card,Cancelled
1806,764,13,2024-05-22,2,48121,Credit Card,Returned
1807,782,33,2024-04-16,3,7606,UPI,Delivered
1808,924,48,2024-03-04,4,3920,Credit Card,Delivered
1809,535,7,2024-05-22,1,35158,Wallet,Returned
1810,991,18,2024-03-13,2,34561,COD,Returned
1811,548,10,2024-03-10,1,20065,COD,Returned
1812,574,16,2024-02-26,4,33759,Credit Card,Cancelled
1813,390,19,2024-10-28,5,9519,COD,Cancelled
1814,774,30,2024-01-13,4,22453,COD,Delivered
1815,767,29,2024-03-14,2,32440,UPI,Cancelled
1816,239,25,2024-10-01,5,25605,Wallet,Delivered
1817,45,41,2024-01-25,1,18247,UPI,Cancelled
1818,113,5,2024-01-27,1,46258,Wallet,Delivered
1819,177,42,2024-06-12,5,40146,Credit Card,Cancelled
1820,147,5,2024-07-26,1,34139,COD,Delivered
1821,513,2,2024-12-18,2,31815,Credit Card,Returned
1822,92,23,2024-09-30,3,33947,Wallet,Delivered
1823,444,43,2024-12-25,3,31871,UPI,Cancelled
1824,207,2,2024-02-12,2,14004,Credit Card,Cancelled
1825,742,42,2024-02-11,3,7267,UPI,Cancelled
1826,152,3,2024-06-25,3,11666,UPI,Delivered
1827,979,2,2024-04-06,3,1227,UPI,Cancelled
1828,111,30,2024-12-16,2,13229,Wallet,Cancelled
1829,35,36,2024-07-31,5,1174,Credit Card,Returned
1830,330,50,2024-03-25,3,47385,UPI,Cancelled
1831,726,7,2024-06-18,2,38933,UPI,Delivered
1832,663,41,2024-04-15,4,25585,UPI,Delivered
1833,726,48,2024-08-05,5,10881,Credit Card,Delivered
1834,826,37,2024-05-16,5,28048,Credit Card,Cancelled
1835,557,20,2024-03-23,3,43208,COD,Returned
1836,803,6,2024-12-30,3,1805,Credit Card,Delivered
1837,136,36,2024-03-28,1,24395,Wallet,Cancelled
1838,616,5,2024-11-13,4,29813,Wallet,Returned
1839,240,26,2024-03-06,3,26641,Wallet,Delivered
1840,763,1,2024-05-28,3,47150,Credit Card,Delivered
1841,165,20,2024-04-18,1,17624,Wallet,Delivered
1842,599,18,2024-10-14,4,49172,Wallet,Cancelled
1843,987,32,2024-12-30,5,12284,UPI,Cancelled
1844,327,20,2024-12-16,1,22303,UPI,Delivered
1845,708,4,2024-03-26,5,7162,COD,Returned
1846,331,22,2024-10-07,1,6335,Credit Card,Delivered
1847,59,33,2024-07-15,2,14686,Credit Card,Returned
1848,891,6,2024-11-26,1,41414,COD,Returned
1849,390,32,2024-02-23,4,47404,UPI,Returned
1850,765,6,2024-08-05,4,36399,Wallet,Returned
1851,61,38,2024-07-20,3,33958,UPI,Delivered
1852,231,23,2024-04-09,4,39757,Credit Card,Returned
1853,517,11,2024-10-16,4,16045,Wallet,Delivered
1854,547,26,2024-04-05,4,47948,Credit Card,Delivered
1855,16,27,2024-01-03,3,37475,Credit Card,Returned
1856,106,27,2024-04-09,3,31158,Credit Card,Cancelled
1857,474,17,2024-08-15,2,36570,UPI,Delivered
1858,374,18,2024-06-19,4,21428,Credit Card,Returned
1859,191,18,2024-11-05,2,27147,Credit Card,Returned
1860,735,39,2024-09-08,1,17303,Credit Card,Cancelled
1861,939,38,2024-11-28,1,45643,Wallet,Returned
1862,342,36,2024-01-20,4,44617,UPI,Cancelled
1863,525,38,2024-06-26,1,17250,COD,Returned
1864,103,28,2024-03-30,2,25093,COD,Cancelled
1865,313,30,2024-07-26,4,33156,COD,Cancelled
1866,638,32,2024-04-13,1,16696,Credit Card,Cancelled
1867,265,31,2024-05-21,1,6153,Wallet,Cancelled
1868,643,22,2024-11-05,1,4920,COD,Delivered
1869,702,24,2024-04-15,3,16040,Wallet,Delivered
1870,950,29,2024-04-27,3,9094,Wallet,Delivered
1871,327,48,2024-08-10,4,28694,Wallet,Cancelled
1872,664,8,2024-02-27,5,8358,Wallet,Delivered
1873,322,35,2024-05-28,1,39845,Credit Card,Cancelled
1874,808,12,2024-06-25,4,6348,UPI,Returned
1875,978,7,2024-10-10,2,34246,UPI,Cancelled
1876,607,29,2024-06-20,5,45923,Wallet,Cancelled
1877,855,21,2024-02-09,3,11579,Wallet,Delivered
1878,8,36,2024-04-24,1,44469,Credit Card,Returned
1879,989,19,2024-10-09,4,18407,UPI,Returned
1880,830,36,2024-01-23,4,28387,Wallet,Delivered
1881,424,12,2024-04-16,4,962,Wallet,Returned
1882,504,33,2024-07-01,4,10951,Credit Card,Returned
1883,103,24,2024-07-14,4,45636,Wallet,Delivered
1884,229,17,2024-03-10,4,9097,UPI,Cancelled
1885,158,38,2024-04-03,1,47219,Wallet,Delivered
1886,132,46,2024-02-17,3,14472,UPI,Cancelled
1887,317,23,2024-02-18,2,39882,Credit Card,Delivered
1888,103,17,2024-06-10,2,49928,Wallet,Delivered
1889,659,15,2024-09-18,1,2734,COD,Delivered
1890,465,47,2024-09-29,3,44976,UPI,Delivered
1891,418,31,2024-01-30,1,25040,COD,Returned
1892,424,27,2024-12-30,4,37359,UPI,Returned
1893,671,35,2024-11-12,2,30114,UPI,Delivered
1894,567,42,2024-07-05,1,13285,Credit Card,Delivered
1895,70,42,2024-01-28,4,42791,UPI,Returned
1896,491,28,2024-12-02,3,26011,UPI,Returned
1897,962,5,2024-07-17,4,4157,UPI,Returned
1898,25,33,2024-01-03,4,31626,UPI,Cancelled
1899,853,43,2024-10-09,3,6468,Wallet,Returned
1900,812,20,2024-04-12,5,8723,Credit Card,Cancelled
1901,120,18,2024-10-14,5,11649,UPI,Returned
1902,161,25,2024-11-13,1,20228,COD,Delivered
1903,569,21,2024-08-27,4,1020,UPI,Cancelled
1904,591,8,2024-10-27,4,28946,COD,Cancelled
1905,659,23,2024-05-09,4,33124,Credit Card,Cancelled
1906,842,31,2024-10-24,1,19368,Credit Card,Delivered
1907,448,23,2024-12-14,2,35021,Credit Card,Delivered
1908,423,28,2024-04-28,1,43287,COD,Cancelled
1909,323,40,2024-09-11,3,24273,COD,Returned
1910,416,41,2024-08-13,4,9170,Wallet,Cancelled
1911,967,16,2024-06-02,5,20606,COD,Delivered
1912,648,26,2024-06-05,1,24372,UPI,Returned
1913,683,35,2024-07-17,1,46059,COD,Cancelled
1914,687,17,2024-12-01,3,3908,Credit Card,Cancelled
1915,92,35,2024-04-23,4,7784,Credit Card,Delivered
1916,616,37,2024-06-27,2,28979,UPI,Returned
1917,64,6,2024-04-25,1,32790,Wallet,Cancelled
1918,27,23,2024-06-23,2,11033,Wallet,Returned
1919,699,12,2024-03-10,4,19002,Wallet,Delivered
1920,892,24,2024-12-11,5,1419,Wallet,Cancelled
1921,229,22,2024-04-28,3,49224,Wallet,Cancelled
1922,305,28,2024-04-04,2,21128,COD,Delivered
1923,801,3,2024-07-26,1,17169,Wallet,Returned
1924,272,46,2024-11-27,2,7174,UPI,Delivered
1925,93,43,2024-09-11,2,48586,UPI,Cancelled
1926,642,7,2024-05-07,4,41811,Wallet,Cancelled
1927,620,18,2024-08-12,5,36328,UPI,Delivered
1928,620,7,2024-02-08,4,18322,COD,Returned
1929,717,5,2024-06-03,1,18399,Wallet,Returned
1930,581,14,2024-05-10,2,42757,Wallet,Cancelled
1931,554,43,2024-05-06,3,35639,COD,Delivered
1932,631,21,2024-06-12,4,22762,Wallet,Cancelled
1933,375,45,2024-04-30,5,26769,Credit Card,Delivered
1934,243,7,2024-03-14,1,49901,COD,Delivered
1935,701,15,2024-10-02,5,11951,Wallet,Delivered
1936,814,6,2024-08-16,4,44150,COD,Returned
1937,614,3,2024-02-02,5,27293,UPI,Returned
1938,114,26,2024-05-02,2,38683,Wallet,Returned
1939,548,9,2024-12-13,3,13014,Credit Card,Returned
1940,671,5,2024-03-06,1,21969,Credit Card,Returned
1941,835,26,2024-11-05,3,41422,UPI,Cancelled
1942,214,18,2024-04-13,2,7166,UPI,Delivered
1943,592,19,2024-08-19,5,14441,Wallet,Returned
1944,431,47,2024-05-07,4,45244,UPI,Returned
1945,277,49,2024-05-30,4,11958,Credit Card,Cancelled
1946,431,33,2024-12-17,5,23899,UPI,Returned
1947,98,42,2024-04-29,1,13898,Credit Card,Cancelled
1948,6,36,2024-06-22,5,4875,Credit Card,Delivered
1949,113,30,2024-07-23,4,10176,Credit Card,Delivered
1950,568,16,2024-07-27,3,29882,UPI,Returned
1951,960,23,2024-04-16,5,42652,COD,Returned
1952,296,41,2024-07-21,5,39023,Wallet,Returned
1953,640,37,2024-03-17,5,40524,Credit Card,Cancelled
1954,546,30,2024-11-01,1,11306,UPI,Delivered
1955,365,16,2024-01-25,3,30734,UPI,Delivered
1956,945,21,2024-08-02,5,4278,Wallet,Returned
1957,399,50,2024-08-19,5,4330,Wallet,Delivered
1958,140,16,2024-01-28,5,48119,COD,Returned
1959,804,31,2024-11-15,2,18031,UPI,Cancelled
1960,684,46,2024-05-31,1,43986,UPI,Delivered
1961,769,32,2024-02-27,4,20128,COD,Returned
1962,82,28,2024-11-09,3,44110,COD,Cancelled
1963,83,4,2024-01-29,1,21617,COD,Returned
1964,306,20,2024-03-05,2,10654,UPI,Delivered
1965,59,45,2024-05-03,4,27270,COD,Cancelled
1966,501,34,2024-09-29,2,36153,COD,Delivered
1967,488,9,2024-07-09,2,2882,Credit Card,Cancelled
1968,501,45,2024-08-30,5,23274,Wallet,Cancelled
1969,265,34,2024-09-22,2,30676,UPI,Returned
1970,905,10,2024-04-08,2,13118,Wallet,Delivered
1971,977,45,2024-10-07,3,47495,UPI,Delivered
1972,465,26,2024-09-02,1,48836,UPI,Returned
1973,438,10,2024-08-27,5,49041,UPI,Returned
1974,247,26,2024-08-14,2,11088,UPI,Delivered
1975,710,47,2024-03-15,5,41822,Credit Card,Returned
1976,333,4,2024-06-07,4,8165,Credit Card,Returned
1977,521,6,2024-03-08,3,9332,Wallet,Delivered
1978,529,9,2024-05-30,3,3839,Credit Card,Delivered
1979,602,12,2024-05-15,1,33975,Wallet,Delivered
1980,870,46,2024-02-09,5,8120,Wallet,Returned
1981,911,49,2024-02-07,1,19441,Wallet,Cancelled
1982,495,11,2024-06-18,4,836,COD,Delivered
1983,60,3,2024-07-05,4,34483,COD,Returned
1984,436,48,2024-06-20,5,36782,COD,Cancelled
1985,753,40,2024-03-20,3,35453,UPI,Cancelled
1986,701,5,2024-09-17,5,32462,COD,Returned
1987,375,6,2024-10-25,2,41333,Wallet,Delivered
1988,489,18,2024-07-22,4,29618,Wallet,Returned
1989,98,50,2024-05-29,3,35960,Wallet,Cancelled
1990,362,14,2024-12-26,2,19047,Wallet,Cancelled
1991,269,48,2024-09-19,1,35760,COD,Returned
1992,218,14,2024-07-13,2,13630,Credit Card,Returned
1993,480,20,2024-02-08,3,19687,UPI,Cancelled
1994,738,14,2024-03-24,5,8462,Wallet,Returned
1995,689,34,2024-11-09,1,25470,Wallet,Cancelled
1996,987,50,2024-05-05,1,13594,COD,Returned
1997,942,7,2024-05-06,5,24103,Credit Card,Cancelled
1998,122,8,2024-10-06,1,35323,Wallet,Returned
1999,706,28,2024-12-16,4,4792,Credit Card,Delivered
2000,119,28,2024-07-28,4,1011,Credit Card,Cancelled
2001,658,50,2024-06-15,1,15990,Wallet,Cancelled
2002,841,15,2024-06-11,3,12281,COD,Returned
2003,488,49,2024-04-12,4,30587,Wallet,Delivered
2004,620,37,2024-06-21,4,16578,COD,Delivered
2005,411,28,2024-04-09,1,21350,COD,Cancelled
2006,631,35,2024-01-25,3,11376,UPI,Returned
2007,137,4,2024-04-07,3,11966,UPI,Cancelled
2008,1000,22,2024-10-21,3,36325,UPI,Returned
2009,708,49,2024-04-20,4,32779,Credit Card,Returned
2010,303,4,2024-05-10,5,38701,Wallet,Returned
2011,287,34,2024-06-20,5,2020,COD,Returned
2012,454,30,2024-05-17,2,39975,UPI,Cancelled
2013,616,34,2024-12-10,3,30350,Wallet,Cancelled
2014,989,1,2024-05-06,1,3979,Credit Card,Cancelled
2015,33,2,2024-01-04,5,46025,Wallet,Returned
2016,675,5,2024-01-06,5,34067,COD,Returned
2017,282,41,2024-01-29,5,1842,COD,Cancelled
2018,224,44,2024-02-01,2,38200,Credit Card,Cancelled
2019,945,13,2024-04-25,1,11877,Wallet,Cancelled
2020,876,18,2024-02-20,1,46148,UPI,Delivered
2021,597,40,2024-11-30,4,7153,COD,Delivered
2022,677,48,2024-09-03,2,41718,Wallet,Returned
2023,852,31,2024-12-30,2,13873,Credit Card,Cancelled
2024,606,27,2024-03-28,4,15822,UPI,Returned
2025,210,3,2024-12-01,2,42346,Credit Card,Returned
2026,24,28,2024-12-09,3,40779,UPI,Cancelled
2027,903,1,2024-04-08,5,32764,Wallet,Returned
2028,201,17,2024-06-23,5,17027,COD,Delivered
2029,721,26,2024-08-03,5,17880,Wallet,Returned
2030,990,43,2024-12-03,3,47291,Credit Card,Returned
2031,239,32,2024-04-08,4,41379,COD,Cancelled
2032,587,15,2024-10-12,4,41766,UPI,Cancelled
2033,726,31,2024-01-13,5,4258,COD,Delivered
2034,840,27,2024-12-03,5,3327,UPI,Delivered
2035,146,28,2024-06-08,5,12098,COD,Delivered
2036,953,14,2024-03-02,5,18834,Credit Card,Delivered
2037,229,48,2024-11-14,2,46003,COD,Cancelled
2038,764,17,2024-08-13,2,16764,UPI,Cancelled
2039,13,40,2024-03-21,3,20643,Wallet,Returned
2040,585,44,2024-04-22,2,34160,UPI,Returned
2041,94,19,2024-02-02,4,5759,Credit Card,Returned
2042,988,36,2024-07-18,5,39038,COD,Cancelled
2043,96,14,2024-02-06,4,8437,COD,Returned
2044,54,8,2024-02-16,3,40642,Wallet,Delivered
2045,85,20,2024-02-18,1,21810,COD,Returned
2046,603,10,2024-02-19,1,16112,Wallet,Delivered
2047,580,26,2024-04-10,3,33972,UPI,Delivered
2048,172,38,2024-02-25,1,4056,Credit Card,Returned
2049,260,35,2024-09-18,1,16304,COD,Cancelled
2050,492,37,2024-12-10,5,21724,COD,Delivered
2051,746,43,2024-03-16,1,44229,UPI,Returned
2052,272,39,2024-06-30,5,48831,Wallet,Returned
2053,603,21,2024-10-11,2,22983,Wallet,Delivered
2054,671,28,2024-08-24,2,6165,COD,Delivered
2055,578,15,2024-02-04,4,12694,UPI,Returned
2056,857,12,2024-06-28,1,45833,UPI,Cancelled
2057,446,15,2024-01-07,1,7838,COD,Delivered
2058,372,32,2024-12-05,3,33654,Credit Card,Cancelled
2059,139,43,2024-09-16,1,22693,UPI,Delivered
2060,489,1,2024-02-19,3,4173,UPI,Returned
2061,312,44,2024-11-15,2,47309,COD,Delivered
2062,904,7,2024-09-08,3,25575,Wallet,Cancelled
2063,825,50,2024-06-15,2,30988,UPI,Delivered
2064,76,31,2024-07-01,1,27978,UPI,Delivered
2065,768,5,2024-02-26,5,43625,COD,Returned
2066,392,21,2024-02-19,5,33263,Credit Card,Cancelled
2067,931,3,2024-08-31,5,26308,UPI,Delivered
2068,565,7,2024-11-01,4,6233,UPI,Returned
2069,534,17,2024-03-31,3,31366,Credit Card,Delivered
2070,620,35,2024-02-22,4,42409,Wallet,Returned
2071,29,31,2024-05-31,3,34305,COD,Delivered
2072,748,14,2024-10-27,4,22602,Credit Card,Cancelled
2073,364,1,2024-08-12,1,43713,Credit Card,Returned
2074,790,45,2024-05-28,5,45094,UPI,Cancelled
2075,17,39,2024-07-15,3,14829,COD,Delivered
2076,922,8,2024-11-18,4,9941,Wallet,Cancelled
2077,904,6,2024-06-01,5,30068,COD,Delivered
2078,296,39,2024-03-29,5,44708,UPI,Returned
2079,581,43,2024-12-10,4,36693,UPI,Cancelled
2080,507,3,2024-10-08,4,17925,COD,Delivered
2081,393,19,2024-09-16,4,34645,Credit Card,Returned
2082,732,30,2024-06-29,5,46702,Credit Card,Returned
2083,571,30,2024-04-03,4,9323,COD,Cancelled
2084,651,40,2024-09-29,5,38628,Credit Card,Delivered
2085,911,28,2024-12-18,4,49644,Credit Card,Delivered
2086,680,44,2024-01-24,1,27017,Wallet,Delivered
2087,492,45,2024-12-03,2,28492,UPI,Returned
2088,576,40,2024-10-21,5,26622,COD,Returned
2089,556,41,2024-01-01,2,32087,Credit Card,Cancelled
2090,863,45,2024-04-28,2,37032,UPI,Delivered
2091,31,41,2024-08-20,5,9929,Wallet,Cancelled
2092,739,31,2024-03-05,1,6248,Credit Card,Cancelled
2093,162,23,2024-06-03,1,36144,Credit Card,Cancelled
2094,468,40,2024-03-20,2,13005,COD,Delivered
2095,164,34,2024-05-29,5,13897,UPI,Delivered
2096,906,4,2024-02-15,1,17524,Credit Card,Returned
2097,210,26,2024-02-22,5,26024,Wallet,Cancelled
2098,258,39,2024-11-18,5,28411,Credit Card,Delivered
2099,457,33,2024-09-18,4,703,Wallet,Delivered
2100,983,25,2024-09-16,5,27588,Credit Card,Returned
2101,527,36,2024-12-29,2,14651,COD,Returned
2102,423,11,2024-10-24,4,25931,COD,Returned
2103,31,14,2024-08-13,2,18581,Credit Card,Cancelled
2104,914,25,2024-03-13,1,29330,COD,Cancelled
2105,598,46,2024-07-28,4,12671,Wallet,Cancelled
2106,264,5,2024-08-14,2,47346,COD,Returned
2107,634,7,2024-07-14,3,13482,Wallet,Delivered
2108,732,19,2024-09-28,3,46578,Wallet,Delivered
2109,109,26,2024-03-06,1,38225,UPI,Delivered
2110,413,50,2024-01-15,5,5281,Credit Card,Delivered
2111,465,3,2024-12-15,1,23656,Credit Card,Delivered
2112,277,12,2024-03-19,3,30198,UPI,Delivered
2113,146,35,2024-01-03,2,7735,Credit Card,Cancelled
2114,144,5,2024-05-15,4,47716,Credit Card,Delivered
2115,937,39,2024-05-14,2,46184,COD,Delivered
2116,353,39,2024-10-02,2,19714,COD,Delivered
2117,736,18,2024-10-31,5,18220,Wallet,Delivered
2118,789,43,2024-12-26,4,35810,COD,Returned
2119,580,3,2024-05-16,5,36539,Wallet,Delivered
2120,366,5,2024-11-27,3,32043,Wallet,Returned
2121,192,13,2024-04-07,5,28886,UPI,Delivered
2122,934,31,2024-08-26,1,1455,UPI,Cancelled
2123,427,24,2024-05-31,1,12403,UPI,Delivered
2124,877,41,2024-05-27,3,38858,UPI,Cancelled
2125,660,11,2024-02-16,4,37869,UPI,Delivered
2126,432,5,2024-12-13,5,35087,COD,Delivered
2127,323,35,2024-01-28,1,9336,UPI,Delivered
2128,2,17,2024-01-15,3,14343,COD,Returned
2129,20,10,2024-06-16,4,5883,COD,Delivered
2130,407,27,2024-02-16,3,22831,Wallet,Delivered
2131,19,49,2024-08-11,2,11756,UPI,Cancelled
2132,237,15,2024-03-25,3,1429,Credit Card,Cancelled
2133,573,11,2024-02-18,1,47057,Wallet,Cancelled
2134,647,48,2024-11-06,2,16634,Wallet,Returned
2135,522,21,2024-06-11,2,26720,COD,Returned
2136,942,41,2024-06-21,3,7565,UPI,Delivered
2137,60,22,2024-06-11,4,4830,COD,Cancelled
2138,381,45,2024-01-18,2,15704,UPI,Delivered
2139,983,9,2024-02-27,2,48285,Credit Card,Returned
2140,568,46,2024-11-15,2,31796,Credit Card,Cancelled
2141,232,14,2024-10-26,1,41860,UPI,Returned
2142,583,35,2024-01-05,2,16770,Credit Card,Delivered
2143,834,36,2024-06-15,3,22083,COD,Delivered
2144,950,33,2024-08-05,2,8166,Credit Card,Cancelled
2145,353,48,2024-08-02,2,19245,UPI,Cancelled
2146,942,41,2024-10-28,1,16660,Credit Card,Returned
2147,129,28,2024-03-07,3,28660,Credit Card,Cancelled
2148,858,27,2024-08-27,2,13162,UPI,Returned
2149,642,40,2024-09-25,2,32018,UPI,Returned
2150,265,13,2024-03-03,1,15862,UPI,Cancelled
2151,419,8,2024-06-18,3,4757,Wallet,Cancelled
2152,874,20,2024-09-24,2,38660,Credit Card,Returned
2153,402,6,2024-07-17,3,5225,COD,Delivered
2154,149,17,2024-12-09,5,1554,UPI,Returned
2155,962,29,2024-02-15,5,44201,Credit Card,Delivered
2156,960,11,2024-11-30,2,48215,COD,Delivered
2157,541,40,2024-10-17,2,49484,Credit Card,Delivered
2158,880,34,2024-11-27,2,12327,Credit Card,Delivered
2159,48,33,2024-04-23,1,33003,Credit Card,Returned
2160,684,33,2024-04-02,1,21883,UPI,Delivered
2161,971,11,2024-01-30,1,39474,Credit Card,Returned
2162,53,39,2024-04-27,3,47785,Wallet,Cancelled
2163,290,7,2024-07-24,3,10924,Credit Card,Cancelled
2164,89,4,2024-03-17,4,11772,COD,Delivered
2165,120,46,2024-12-24,1,17961,UPI,Returned
2166,78,23,2024-07-09,3,1928,Credit Card,Delivered
2167,957,34,2024-11-23,1,36465,COD,Returned
2168,494,6,2024-07-29,5,35023,Credit Card,Returned
2169,513,18,2024-06-07,1,19431,COD,Cancelled
2170,934,1,2024-10-28,1,24823,UPI,Returned
2171,857,39,2024-05-11,2,45721,Wallet,Returned
2172,753,45,2024-12-03,4,1265,UPI,Returned
2173,213,30,2024-02-12,4,10153,COD,Cancelled
2174,861,46,2024-11-19,1,34862,Credit Card,Returned
2175,837,36,2024-09-18,2,22954,Wallet,Delivered
2176,294,7,2024-10-31,3,8647,Credit Card,Delivered
2177,560,23,2024-07-08,5,27090,Wallet,Delivered
2178,110,3,2024-04-20,2,30390,Credit Card,Returned
2179,590,47,2024-02-02,1,4916,Credit Card,Returned
2180,66,49,2024-01-08,4,35815,Credit Card,Returned
2181,83,25,2024-03-29,5,26005,Wallet,Returned
2182,889,25,2024-11-04,1,28169,Wallet,Delivered
2183,290,14,2024-10-17,4,5984,COD,Cancelled
2184,95,35,2024-04-12,1,26001,UPI,Cancelled
2185,322,36,2024-09-08,4,44232,UPI,Returned
2186,897,26,2024-04-24,3,39812,Credit Card,Returned
2187,294,40,2024-12-08,1,3793,UPI,Delivered
2188,737,39,2024-12-08,5,3965,Credit Card,Cancelled
2189,284,10,2024-09-20,2,28210,Wallet,Delivered
2190,577,23,2024-06-16,5,17989,Credit Card,Returned
2191,263,45,2024-01-19,3,39269,UPI,Delivered
2192,979,16,2024-12-21,1,36959,UPI,Returned
2193,804,31,2024-03-12,1,29888,Wallet,Returned
2194,735,21,2024-07-13,5,5766,UPI,Cancelled
2195,959,12,2024-09-26,2,24526,UPI,Returned
2196,927,32,2024-09-03,2,40583,Wallet,Delivered
2197,426,23,2024-12-11,2,15586,Wallet,Cancelled
2198,160,10,2024-10-31,5,13022,UPI,Cancelled
2199,661,40,2024-01-13,3,8156,Credit Card,Delivered
2200,645,30,2024-04-08,2,21861,Wallet,Returned
2201,995,2,2024-03-21,3,24667,COD,Delivered
2202,450,39,2024-12-16,5,19554,Credit Card,Cancelled
2203,976,36,2024-09-19,3,2385,UPI,Cancelled
2204,682,42,2024-12-28,1,13831,Wallet,Returned
2205,417,26,2024-12-10,5,44264,COD,Delivered
2206,54,19,2024-12-15,1,21585,COD,Cancelled
2207,673,3,2024-06-01,5,37843,UPI,Cancelled
2208,920,49,2024-07-30,3,46687,Credit Card,Cancelled
2209,226,9,2024-03-09,2,6309,UPI,Cancelled
2210,45,23,2024-08-01,2,49392,Credit Card,Delivered
2211,37,27,2024-05-16,1,6262,COD,Delivered
2212,342,33,2024-01-11,3,43888,Credit Card,Delivered
2213,399,11,2024-11-10,2,29197,Credit Card,Cancelled
2214,505,8,2024-02-26,5,19394,Credit Card,Returned
2215,136,5,2024-08-22,5,5037,Credit Card,Delivered
2216,318,49,2024-01-24,3,24461,Credit Card,Returned
2217,475,16,2024-03-21,2,1789,COD,Delivered
2218,926,3,2024-06-17,2,17016,COD,Delivered
2219,177,15,2024-07-11,3,41643,Wallet,Delivered
2220,393,44,2024-06-04,4,20229,Credit Card,Returned
2221,769,3,2024-01-08,4,24051,UPI,Returned
2222,123,44,2024-02-20,1,38012,Credit Card,Delivered
2223,683,30,2024-07-24,1,30298,Wallet,Cancelled
2224,289,35,2024-05-30,4,16436,Wallet,Delivered
2225,315,5,2024-03-09,1,27083,Wallet,Returned
2226,443,30,2024-10-28,5,21766,Credit Card,Returned
2227,152,8,2024-03-05,2,39824,Credit Card,Delivered
2228,964,9,2024-03-13,3,42633,UPI,Delivered
2229,725,11,2024-06-01,3,6051,COD,Cancelled
2230,828,18,2024-05-15,1,7559,UPI,Cancelled
2231,357,28,2024-06-12,1,23610,Credit Card,Delivered
2232,942,46,2024-06-30,4,24265,Credit Card,Cancelled
2233,312,6,2024-09-22,5,10996,Wallet,Cancelled
2234,836,4,2024-04-06,2,16575,COD,Delivered
2235,833,31,2024-09-04,5,47430,Wallet,Cancelled
2236,966,24,2024-10-09,3,18303,Credit Card,Cancelled
2237,560,24,2024-02-23,3,36757,Wallet,Cancelled
2238,90,25,2024-09-13,3,30068,Wallet,Delivered
2239,384,36,2024-10-25,4,8770,Credit Card,Delivered
2240,59,49,2024-09-05,1,24091,Wallet,Cancelled
2241,86,24,2024-08-26,3,27518,Credit Card,Returned
2242,557,35,2024-09-15,5,7089,Wallet,Returned
2243,243,18,2024-11-24,3,15903,Wallet,Returned
2244,263,4,2024-01-14,1,3070,COD,Cancelled
2245,575,2,2024-09-10,1,26065,UPI,Delivered
2246,658,24,2024-05-29,5,40701,UPI,Delivered
2247,121,17,2024-01-24,5,29914,Credit Card,Cancelled
2248,38,15,2024-10-08,2,17688,Wallet,Returned
2249,482,46,2024-04-21,2,20510,Credit Card,Delivered
2250,747,47,2024-09-17,5,40858,Wallet,Delivered
2251,421,47,2024-05-05,3,31386,Credit Card,Returned
2252,113,36,2024-08-15,4,34560,COD,Cancelled
2253,319,32,2024-09-17,2,36208,Credit Card,Delivered
2254,144,46,2024-04-27,1,526,UPI,Cancelled
2255,314,16,2024-12-26,3,21907,COD,Returned
2256,275,26,2024-12-04,1,23661,COD,Returned
2257,732,17,2024-04-15,2,42645,UPI,Delivered
2258,865,16,2024-05-09,5,34755,COD,Returned
2259,284,37,2024-07-23,4,33634,Wallet,Returned
2260,268,22,2024-11-14,3,35909,Credit Card,Cancelled
2261,33,4,2024-05-12,3,15143,Credit Card,Delivered
2262,593,50,2024-03-03,5,45728,Credit Card,Delivered
2263,344,16,2024-04-18,3,3559,COD,Cancelled
2264,542,35,2024-07-12,3,44970,UPI,Delivered
2265,928,27,2024-10-03,1,31133,Wallet,Delivered
2266,854,25,2024-09-26,1,23167,Wallet,Delivered
2267,165,14,2024-08-19,4,23177,Wallet,Delivered
2268,273,21,2024-07-09,1,43811,UPI,Delivered
2269,814,14,2024-02-12,4,35053,Wallet,Delivered
2270,221,38,2024-07-07,3,27933,COD,Cancelled
2271,511,14,2024-11-19,5,4784,UPI,Cancelled
2272,412,47,2024-09-19,1,15806,COD,Delivered
2273,672,23,2024-07-26,4,22010,COD,Returned
2274,137,39,2024-09-16,4,16190,Credit Card,Delivered
2275,408,35,2024-02-27,4,23355,Credit Card,Delivered
2276,996,45,2024-07-22,5,38576,UPI,Delivered
2277,124,35,2024-12-05,5,20972,Credit Card,Delivered
2278,540,17,2024-05-18,5,34237,UPI,Returned
2279,504,48,2024-11-10,5,11823,UPI,Returned
2280,527,14,2024-06-04,1,33508,COD,Returned
2281,681,26,2024-06-27,4,14101,Wallet,Cancelled
2282,270,21,2024-05-01,3,11775,Credit Card,Delivered
2283,844,33,2024-03-22,5,24961,COD,Cancelled
2284,764,21,2024-12-20,2,4549,COD,Cancelled
2285,963,45,2024-04-18,2,14945,UPI,Cancelled
2286,394,5,2024-07-05,5,30367,UPI,Returned
2287,843,9,2024-06-24,4,34486,COD,Delivered
2288,811,25,2024-01-27,5,33282,Credit Card,Cancelled
2289,140,27,2024-03-13,5,27195,Wallet,Delivered
2290,661,41,2024-10-24,2,16757,Wallet,Cancelled
2291,320,16,2024-06-11,4,6154,Credit Card,Cancelled
2292,188,36,2024-03-24,4,47618,Wallet,Returned
2293,174,12,2024-05-16,4,42017,Credit Card,Cancelled
2294,150,32,2024-12-10,5,15846,Wallet,Delivered
2295,968,44,2024-08-06,4,49600,COD,Returned
2296,378,22,2024-03-29,4,49230,UPI,Returned
2297,144,7,2024-05-26,2,38533,COD,Delivered
2298,947,23,2024-12-13,3,21775,Wallet,Delivered
2299,5,38,2024-05-04,3,20078,Credit Card,Cancelled
2300,578,45,2024-12-22,1,42727,COD,Delivered
2301,786,14,2024-12-06,3,23883,UPI,Returned
2302,695,38,2024-11-20,4,6614,Credit Card,Returned
2303,490,23,2024-12-04,4,40727,COD,Cancelled
2304,644,42,2024-08-03,1,35921,Credit Card,Cancelled
2305,110,21,2024-03-05,2,29848,UPI,Delivered
2306,607,33,2024-07-02,3,5644,COD,Returned
2307,625,17,2024-12-17,5,1509,Wallet,Cancelled
2308,874,24,2024-01-20,5,14801,Credit Card,Cancelled
2309,736,32,2024-09-26,3,40477,COD,Delivered
2310,626,43,2024-05-04,4,37462,Credit Card,Cancelled
2311,758,37,2024-02-06,2,4993,UPI,Delivered
2312,760,46,2024-08-08,2,8018,Credit Card,Returned
2313,561,14,2024-07-28,5,1027,UPI,Returned
2314,283,27,2024-01-08,4,38535,COD,Delivered
2315,644,25,2024-05-23,2,24491,COD,Cancelled
2316,221,36,2024-12-07,1,48412,Wallet,Returned
2317,90,11,2024-10-20,4,44439,COD,Cancelled
2318,311,22,2024-02-14,3,24376,COD,Returned
2319,840,32,2024-12-18,5,26176,Credit Card,Cancelled
2320,760,15,2024-11-10,5,10683,COD,Delivered
2321,671,21,2024-05-20,1,17365,UPI,Returned
2322,3,19,2024-10-19,3,2184,Credit Card,Returned
2323,51,41,2024-03-09,4,43352,COD,Cancelled
2324,316,3,2024-05-15,5,3868,UPI,Delivered
2325,194,50,2024-11-03,5,21149,Wallet,Cancelled
2326,292,16,2024-11-03,5,48140,Wallet,Returned
2327,332,29,2024-03-02,2,30148,Wallet,Returned
2328,336,29,2024-09-15,3,1887,Wallet,Delivered
2329,630,35,2024-06-20,5,17694,Credit Card,Returned
2330,819,47,2024-05-18,1,6379,UPI,Delivered
2331,49,27,2024-08-29,3,12734,UPI,Cancelled
2332,394,28,2024-06-11,2,37479,COD,Cancelled
2333,95,8,2024-05-06,1,15634,UPI,Cancelled
2334,122,4,2024-03-08,5,26892,UPI,Delivered
2335,839,18,2024-03-20,3,13537,Credit Card,Returned
2336,471,40,2024-02-23,3,17767,COD,Returned
2337,607,34,2024-08-05,3,11489,Wallet,Returned
2338,817,38,2024-06-05,5,44916,Credit Card,Delivered
2339,550,48,2024-03-16,2,34766,Credit Card,Delivered
2340,341,16,2024-08-25,1,18382,Wallet,Cancelled
2341,264,8,2024-10-01,1,12690,COD,Returned
2342,765,15,2024-04-29,3,21496,Credit Card,Returned
2343,813,2,2024-02-22,4,25429,Wallet,Returned
2344,506,35,2024-10-26,4,14518,COD,Returned
2345,197,18,2024-06-14,1,11997,UPI,Cancelled
2346,282,2,2024-10-01,5,45014,Credit Card,Cancelled
2347,898,33,2024-02-21,3,39241,Wallet,Returned
2348,370,48,2024-10-22,1,20874,Wallet,Delivered
2349,142,39,2024-05-04,2,12531,Credit Card,Returned
2350,580,36,2024-09-29,3,37245,UPI,Cancelled
2351,105,6,2024-07-11,1,31800,UPI,Cancelled
2352,795,28,2024-10-24,4,40660,COD,Returned
2353,865,3,2024-10-19,2,7500,UPI,Cancelled
2354,981,3,2024-10-17,4,6764,Credit Card,Returned
2355,388,2,2024-09-25,4,26273,Wallet,Delivered
2356,996,6,2024-06-19,2,27982,UPI,Delivered
2357,412,21,2024-12-25,1,46119,UPI,Delivered
2358,474,44,2024-04-20,5,12210,Wallet,Returned
2359,878,34,2024-04-06,4,8731,Credit Card,Returned
2360,118,27,2024-06-04,1,14678,COD,Delivered
2361,662,46,2024-10-28,3,40592,Wallet,Delivered
2362,214,12,2024-08-15,5,39551,COD,Returned
2363,471,49,2024-07-23,3,2510,COD,Delivered
2364,290,49,2024-02-20,2,14400,Credit Card,Cancelled
2365,483,15,2024-05-29,3,48071,UPI,Cancelled
2366,840,47,2024-06-29,3,2414,UPI,Returned
2367,837,2,2024-12-25,2,30199,COD,Cancelled
2368,285,1,2024-01-26,3,6819,Wallet,Cancelled
2369,432,50,2024-12-13,1,12579,COD,Delivered
2370,650,11,2024-04-28,4,33369,UPI,Returned
2371,50,17,2024-06-22,1,24199,Wallet,Delivered
2372,103,27,2024-05-26,3,39797,COD,Delivered
2373,962,31,2024-11-13,1,43432,Credit Card,Delivered
2374,580,15,2024-12-27,2,43803,Wallet,Cancelled
2375,271,33,2024-11-04,1,49203,COD,Returned
2376,766,45,2024-04-15,3,4795,COD,Delivered
2377,798,23,2024-07-20,5,22910,Credit Card,Returned
2378,828,48,2024-09-25,4,9771,Credit Card,Returned
2379,406,31,2024-06-24,1,10533,Wallet,Returned
2380,61,42,2024-06-06,5,43582,UPI,Delivered
2381,56,8,2024-10-16,1,6592,Wallet,Cancelled
2382,353,43,2024-03-20,2,37723,UPI,Returned
2383,629,34,2024-09-16,1,30177,UPI,Returned
2384,367,25,2024-10-13,4,35105,COD,Delivered
2385,286,4,2024-06-20,2,4525,Wallet,Delivered
2386,538,12,2024-10-02,5,22410,Credit Card,Returned
2387,959,8,2024-03-31,4,9098,UPI,Delivered
2388,300,34,2024-11-24,5,42773,COD,Returned
2389,15,25,2024-01-13,3,4383,UPI,Cancelled
2390,59,37,2024-09-10,5,32885,Wallet,Delivered
2391,867,6,2024-03-08,2,17219,UPI,Returned
2392,696,5,2024-06-24,5,15352,UPI,Returned
2393,797,21,2024-10-01,3,16183,UPI,Returned
2394,412,4,2024-09-15,3,12917,Wallet,Cancelled
2395,196,22,2024-05-03,4,11421,UPI,Delivered
2396,417,23,2024-03-04,2,8415,COD,Delivered
2397,539,43,2024-11-05,1,14550,UPI,Returned
2398,942,33,2024-09-12,1,28846,Credit Card,Returned
2399,608,37,2024-03-26,1,33764,Wallet,Delivered
2400,463,2,2024-09-04,2,10209,Credit Card,Returned
2401,286,34,2024-11-26,4,29931,UPI,Cancelled
2402,130,9,2024-11-03,4,49268,Credit Card,Returned
2403,418,6,2024-05-10,4,4858,Wallet,Cancelled
2404,663,26,2024-08-01,1,44260,Credit Card,Cancelled
2405,601,11,2024-03-30,4,1610,UPI,Cancelled
2406,190,38,2024-10-11,5,33893,UPI,Returned
2407,925,8,2024-10-02,4,7008,Credit Card,Returned
2408,798,11,2024-07-06,4,31625,Wallet,Returned
2409,609,9,2024-09-01,4,22266,COD,Returned
2410,988,30,2024-10-12,5,7732,Credit Card,Cancelled
2411,407,12,2024-09-10,5,994,COD,Returned
2412,267,9,2024-11-03,2,43549,Wallet,Returned
2413,229,6,2024-11-09,1,11271,Wallet,Returned
2414,612,25,2024-12-02,1,42430,Credit Card,Cancelled
2415,504,43,2024-10-08,5,16067,Credit Card,Delivered
2416,220,18,2024-02-09,5,10526,COD,Cancelled
2417,985,35,2024-11-28,2,2911,Wallet,Cancelled
2418,274,50,2024-05-31,3,42781,Wallet,Cancelled
2419,39,43,2024-07-25,5,4473,Wallet,Cancelled
2420,779,37,2024-12-15,2,40314,Wallet,Delivered
2421,889,1,2024-04-02,3,29478,UPI,Returned
2422,17,45,2024-08-09,4,43711,UPI,Cancelled
2423,552,18,2024-08-09,1,15100,Wallet,Cancelled
2424,800,16,2024-08-30,4,31203,UPI,Returned
2425,373,30,2024-08-03,5,11778,Wallet,Cancelled
2426,338,33,2024-05-09,3,18292,Wallet,Cancelled
2427,450,1,2024-05-20,5,2143,COD,Returned
2428,956,34,2024-08-30,5,41276,UPI,Returned
2429,913,44,2024-11-06,1,8767,UPI,Cancelled
2430,850,14,2024-07-18,4,20846,UPI,Cancelled
2431,982,36,2024-05-08,4,28075,Credit Card,Cancelled
2432,199,9,2024-10-02,4,27801,UPI,Cancelled
2433,876,32,2024-07-05,2,13253,Wallet,Cancelled
2434,31,25,2024-04-21,5,23035,UPI,Returned
2435,642,16,2024-01-02,4,17930,Credit Card,Returned
2436,412,16,2024-08-17,4,3322,COD,Delivered
2437,519,18,2024-09-16,4,42627,Credit Card,Cancelled
2438,981,26,2024-04-24,2,37467,Credit Card,Returned
2439,682,47,2024-01-23,3,46245,Wallet,Returned
2440,931,49,2024-06-29,2,7577,Wallet,Delivered
2441,323,19,2024-07-24,5,5729,UPI,Cancelled
2442,870,34,2024-09-23,2,30427,Credit Card,Cancelled
2443,905,24,2024-03-10,5,24772,Credit Card,Cancelled
2444,896,17,2024-04-22,4,47808,UPI,Delivered
2445,517,5,2024-07-17,1,46764,Credit Card,Returned
2446,22,44,2024-02-08,1,9121,Credit Card,Delivered
2447,33,42,2024-01-02,3,8637,UPI,Cancelled
2448,640,11,2024-02-15,4,32938,UPI,Cancelled
2449,848,29,2024-07-28,2,44631,UPI,Cancelled
2450,162,16,2024-06-24,1,25555,UPI,Returned
2451,985,49,2024-12-28,3,26628,Credit Card,Returned
2452,816,20,2024-04-19,2,10788,Credit Card,Delivered
2453,229,49,2024-12-04,5,22837,COD,Delivered
2454,142,36,2024-05-17,5,14380,Credit Card,Returned
2455,992,21,2024-01-15,2,4885,Wallet,Delivered
2456,208,45,2024-12-22,5,19845,COD,Returned
2457,582,47,2024-04-19,4,9047,Wallet,Delivered
2458,976,30,2024-04-15,5,40205,Credit Card,Delivered
2459,980,30,2024-11-04,3,49303,Wallet,Cancelled
2460,253,14,2024-09-11,4,41655,UPI,Returned
2461,439,43,2024-10-11,3,2492,Wallet,Returned
2462,526,14,2024-10-25,4,21341,Credit Card,Cancelled
2463,595,49,2024-10-01,2,36085,COD,Returned
2464,361,10,2024-05-18,1,9114,UPI,Delivered
2465,50,47,2024-07-25,3,35237,UPI,Cancelled
2466,811,19,2024-11-02,5,11658,Credit Card,Delivered
2467,509,14,2024-08-08,4,35759,UPI,Returned
2468,717,2,2024-02-20,5,46286,Wallet,Cancelled
2469,462,46,2024-11-07,5,49851,COD,Returned
2470,714,47,2024-06-23,4,39432,UPI,Cancelled
2471,696,16,2024-03-12,2,42471,COD,Delivered
2472,669,27,2024-08-04,4,8272,Wallet,Cancelled
2473,579,30,2024-06-15,4,33788,UPI,Cancelled
2474,134,38,2024-05-17,5,24274,Wallet,Returned
2475,284,13,2024-10-15,5,25702,Credit Card,Cancelled
2476,557,48,2024-01-30,2,45570,COD,Returned
2477,721,25,2024-09-10,5,22417,Wallet,Returned
2478,234,44,2024-03-09,3,36980,COD,Delivered
2479,838,19,2024-11-11,5,6696,COD,Delivered
2480,314,21,2024-09-27,2,9051,Credit Card,Returned
2481,150,26,2024-01-15,3,11133,UPI,Cancelled
2482,397,2,2024-03-20,3,39232,COD,Cancelled
2483,974,33,2024-10-13,1,20502,Wallet,Cancelled
2484,530,49,2024-09-29,2,9161,COD,Cancelled
2485,404,9,2024-01-03,4,33630,COD,Returned
2486,588,49,2024-12-18,1,37261,Credit Card,Delivered
2487,414,6,2024-08-01,5,35335,Credit Card,Cancelled
2488,231,23,2024-01-22,3,22255,UPI,Delivered
2489,593,19,2024-12-23,1,31923,UPI,Delivered
2490,816,26,2024-05-06,5,47884,Credit Card,Cancelled
2491,609,36,2024-02-10,1,15176,Credit Card,Returned
2492,192,39,2024-02-07,5,44563,Credit Card,Cancelled
2493,28,36,2024-01-26,5,21739,Credit Card,Delivered
2494,73,17,2024-10-23,1,3310,Wallet,Delivered
2495,430,4,2024-03-28,2,12095,UPI,Cancelled
2496,86,16,2024-06-13,5,14128,Wallet,Cancelled
2497,594,22,2024-11-21,2,21561,UPI,Delivered
2498,916,17,2024-12-17,1,45538,COD,Delivered
2499,580,15,2024-09-06,5,49342,UPI,Delivered
2500,224,44,2024-03-25,2,1677,Credit Card,Returned
2501,47,39,2024-07-13,2,13506,COD,Delivered
2502,965,6,2024-12-15,2,30659,Credit Card,Delivered
2503,637,19,2024-09-02,5,13989,UPI,Cancelled
2504,290,7,2024-03-11,3,14818,UPI,Delivered
2505,209,10,2024-09-28,4,7177,Credit Card,Cancelled
2506,239,21,2024-05-15,5,15643,UPI,Returned
2507,776,46,2024-07-02,5,9866,Credit Card,Returned
2508,581,15,2024-01-11,1,5975,UPI,Delivered
2509,366,3,2024-06-23,3,11509,Wallet,Cancelled
2510,841,32,2024-02-20,3,49884,UPI,Returned
2511,693,8,2024-12-07,1,24974,COD,Cancelled
2512,901,2,2024-04-20,2,16075,Credit Card,Returned
2513,180,35,2024-10-01,1,5801,COD,Delivered
2514,262,33,2024-02-16,2,48091,UPI,Returned
2515,125,43,2024-09-08,4,45508,Wallet,Cancelled
2516,724,37,2024-02-08,4,9125,Credit Card,Returned
2517,743,39,2024-02-02,1,45885,UPI,Cancelled
2518,695,30,2024-10-26,3,13778,COD,Cancelled
2519,651,39,2024-12-25,3,31832,Wallet,Cancelled
2520,357,32,2024-12-25,3,36050,Credit Card,Delivered
2521,805,9,2024-09-01,2,9431,COD,Delivered
2522,717,37,2024-06-07,3,16540,Credit Card,Cancelled
2523,801,48,2024-10-08,5,26798,COD,Delivered
2524,568,13,2024-03-31,5,14538,Wallet,Returned
2525,569,16,2024-05-31,2,20313,UPI,Delivered
2526,526,46,2024-10-14,4,20486,Wallet,Returned
2527,692,47,2024-09-04,3,10737,Credit Card,Cancelled
2528,895,7,2024-05-22,1,9908,Wallet,Delivered
2529,569,18,2024-11-17,1,34668,Credit Card,Cancelled
2530,531,29,2024-05-26,1,26934,Credit Card,Cancelled
2531,968,25,2024-11-08,1,30874,UPI,Cancelled
2532,390,7,2024-06-07,2,6411,Wallet,Delivered
2533,159,40,2024-12-18,2,3080,COD,Cancelled
2534,728,44,2024-09-15,3,20270,Credit Card,Cancelled
2535,460,15,2024-03-22,4,21313,Wallet,Delivered
2536,10,2,2024-09-21,4,2549,Wallet,Delivered
2537,144,16,2024-05-15,2,39589,UPI,Cancelled
2538,963,6,2024-05-11,3,24751,Credit Card,Delivered
2539,534,47,2024-06-17,4,43540,Wallet,Returned
2540,466,44,2024-08-25,2,10830,COD,Returned
2541,206,42,2024-04-24,3,39627,UPI,Cancelled
2542,812,7,2024-01-21,2,31682,Wallet,Delivered
2543,312,29,2024-07-18,5,24940,Credit Card,Returned
2544,986,20,2024-11-18,1,22830,Credit Card,Delivered
2545,408,20,2024-05-18,1,19733,COD,Cancelled
2546,296,37,2024-01-30,5,46648,UPI,Cancelled
2547,934,3,2024-12-08,5,6279,Wallet,Delivered
2548,321,3,2024-09-09,5,31032,UPI,Cancelled
2549,493,23,2024-10-24,1,43220,UPI,Cancelled
2550,462,45,2024-06-05,4,25447,UPI,Delivered
2551,852,39,2024-07-11,4,31261,UPI,Cancelled
2552,718,22,2024-12-22,3,47750,Wallet,Delivered
2553,405,39,2024-09-19,1,12128,Credit Card,Returned
2554,678,35,2024-03-24,4,14500,Credit Card,Returned
2555,300,28,2024-04-27,3,5867,UPI,Returned
2556,259,3,2024-03-06,4,37208,Credit Card,Delivered
2557,398,26,2024-05-14,5,13579,COD,Returned
2558,608,8,2024-12-13,2,10599,UPI,Delivered
2559,305,37,2024-07-19,4,21553,COD,Delivered
2560,704,48,2024-11-07,5,26002,UPI,Returned
2561,818,4,2024-11-18,2,38398,Wallet,Delivered
2562,518,9,2024-07-04,5,45162,Credit Card,Cancelled
2563,345,2,2024-10-21,3,45550,UPI,Delivered
2564,10,14,2024-11-03,5,15069,Credit Card,Returned
2565,37,35,2024-12-18,3,34228,UPI,Returned
2566,665,45,2024-03-08,4,25480,Wallet,Returned
2567,522,28,2024-10-07,1,27406,Wallet,Cancelled
2568,486,11,2024-08-09,3,22014,UPI,Delivered
2569,115,24,2024-07-14,2,27298,Wallet,Cancelled
2570,495,5,2024-05-09,4,18027,COD,Delivered
2571,782,14,2024-12-08,3,11021,COD,Delivered
2572,245,36,2024-08-04,2,1421,UPI,Delivered
2573,343,15,2024-05-31,5,37980,COD,Delivered
2574,105,9,2024-07-09,1,26099,Wallet,Delivered
2575,622,44,2024-06-15,3,3057,UPI,Cancelled
2576,745,49,2024-10-07,5,5048,Credit Card,Cancelled
2577,850,18,2024-02-11,3,22149,UPI,Returned
2578,780,10,2024-10-16,1,26459,UPI,Delivered
2579,491,47,2024-05-15,5,5415,UPI,Returned
2580,841,19,2024-02-12,3,46401,Credit Card,Returned
2581,218,10,2024-08-14,2,11904,Wallet,Returned
2582,599,41,2024-09-02,2,44417,Credit Card,Returned
2583,709,32,2024-05-13,3,28948,Credit Card,Delivered
2584,998,18,2024-02-09,5,43329,COD,Cancelled
2585,630,14,2024-10-04,4,1200,Credit Card,Cancelled
2586,64,16,2024-07-27,2,24246,COD,Cancelled
2587,804,24,2024-09-21,3,20502,Credit Card,Returned
2588,619,23,2024-04-15,5,12207,Credit Card,Returned
2589,396,28,2024-12-11,3,41941,Wallet,Returned
2590,133,18,2024-11-13,5,12047,Credit Card,Cancelled
2591,448,50,2024-01-01,1,21975,Wallet,Delivered
2592,23,37,2024-09-01,3,33337,UPI,Delivered
2593,704,2,2024-07-12,3,13117,Wallet,Delivered
2594,518,7,2024-01-07,1,48981,Wallet,Delivered
2595,362,13,2024-07-16,4,16245,UPI,Delivered
2596,229,19,2024-04-20,3,44323,UPI,Returned
2597,182,50,2024-12-06,1,22334,Credit Card,Returned
2598,618,39,2024-09-30,5,39215,UPI,Returned
2599,243,3,2024-01-03,1,42998,Wallet,Returned
2600,359,36,2024-11-08,2,3755,Credit Card,Cancelled
2601,177,35,2024-03-02,3,26683,COD,Delivered
2602,76,8,2024-01-02,1,21337,COD,Delivered
2603,438,7,2024-01-02,3,39711,COD,Delivered
2604,948,47,2024-07-04,1,42408,Credit Card,Cancelled
2605,111,8,2024-01-14,2,11230,UPI,Delivered
2606,665,41,2024-07-21,3,49841,Wallet,Returned
2607,928,27,2024-04-26,1,5659,Wallet,Returned
2608,643,37,2024-03-11,1,45330,COD,Cancelled
2609,228,49,2024-10-01,5,44256,Wallet,Cancelled
2610,150,27,2024-05-16,4,16414,COD,Delivered
2611,794,50,2024-02-02,5,33530,COD,Returned
2612,159,46,2024-11-01,4,2402,Wallet,Delivered
2613,449,6,2024-09-01,5,26161,UPI,Cancelled
2614,907,11,2024-05-19,4,6357,Wallet,Cancelled
2615,35,45,2024-12-29,5,18292,COD,Delivered
2616,736,4,2024-01-14,5,28858,UPI,Returned
2617,157,28,2024-01-24,5,32454,UPI,Cancelled
2618,336,6,2024-09-28,4,18387,Credit Card,Cancelled
2619,519,36,2024-01-18,5,1029,Wallet,Returned
2620,895,18,2024-04-06,5,37967,COD,Returned
2621,5,33,2024-05-23,1,40457,COD,Cancelled
2622,515,17,2024-04-25,1,47672,UPI,Cancelled
2623,453,40,2024-03-12,4,28797,Credit Card,Returned
2624,263,35,2024-05-19,5,21081,Wallet,Delivered
2625,907,14,2024-04-26,1,24921,COD,Cancelled
2626,776,39,2024-02-02,4,42952,COD,Cancelled
2627,708,16,2024-12-15,3,10851,Credit Card,Delivered
2628,754,12,2024-01-24,4,6077,UPI,Cancelled
2629,309,17,2024-09-25,1,14331,Credit Card,Delivered
2630,493,37,2024-09-14,2,38709,Wallet,Cancelled
2631,229,23,2024-12-17,2,36281,Wallet,Returned
2632,450,6,2024-09-06,3,7559,Wallet,Cancelled
2633,625,38,2024-04-26,1,34757,Credit Card,Cancelled
2634,356,11,2024-12-17,1,27860,Credit Card,Returned
2635,530,34,2024-04-15,5,13658,Wallet,Returned
2636,715,31,2024-01-25,2,34527,UPI,Delivered
2637,731,29,2024-06-07,1,24894,COD,Returned
2638,823,36,2024-06-20,5,19105,Credit Card,Returned
2639,865,41,2024-02-08,3,21153,Wallet,Returned
2640,738,47,2024-04-26,1,47649,Wallet,Cancelled
2641,954,21,2024-07-18,1,761,COD,Delivered
2642,792,19,2024-09-04,4,4058,COD,Returned
2643,341,16,2024-04-14,5,22928,Wallet,Returned
2644,946,3,2024-06-09,2,7563,UPI,Cancelled
2645,935,36,2024-08-29,4,8295,UPI,Returned
2646,363,33,2024-10-19,2,28602,COD,Cancelled
2647,19,25,2024-10-29,5,23695,Wallet,Returned
2648,255,42,2024-07-01,3,21062,Credit Card,Returned
2649,351,8,2024-06-28,4,45951,UPI,Delivered
2650,302,40,2024-03-23,3,31499,COD,Cancelled
2651,519,25,2024-05-13,2,47402,COD,Returned
2652,987,28,2024-08-03,5,8432,Credit Card,Cancelled
2653,293,19,2024-03-03,1,14263,Wallet,Delivered
2654,876,14,2024-02-07,5,30841,COD,Returned
2655,874,38,2024-10-16,2,20449,UPI,Returned
2656,28,44,2024-02-11,2,29866,UPI,Cancelled
2657,635,22,2024-04-06,3,32413,Wallet,Cancelled
2658,318,40,2024-05-21,1,31130,Credit Card,Cancelled
2659,139,29,2024-03-13,2,48686,COD,Delivered
2660,626,41,2024-01-06,4,17541,Wallet,Cancelled
2661,417,41,2024-11-30,5,30905,UPI,Returned
2662,605,39,2024-04-03,5,31183,UPI,Delivered
2663,268,1,2024-09-18,2,28240,UPI,Cancelled
2664,654,20,2024-01-21,4,3966,COD,Cancelled
2665,865,10,2024-10-11,4,29397,UPI,Cancelled
2666,234,46,2024-01-16,4,3228,UPI,Cancelled
2667,132,31,2024-02-20,3,37052,Wallet,Cancelled
2668,943,46,2024-10-11,2,1882,Wallet,Cancelled
2669,730,38,2024-02-12,1,31811,Credit Card,Delivered
2670,899,16,2024-05-30,4,45214,COD,Returned
2671,161,40,2024-12-21,4,2883,Credit Card,Delivered
2672,648,45,2024-11-19,1,30895,Wallet,Delivered
2673,176,35,2024-07-02,3,41005,Wallet,Delivered
2674,507,33,2024-03-28,2,10602,Credit Card,Cancelled
2675,484,35,2024-08-16,1,42970,COD,Delivered
2676,806,21,2024-10-25,3,14850,Credit Card,Cancelled
2677,508,33,2024-05-27,5,32382,COD,Returned
2678,341,40,2024-02-29,3,19929,COD,Delivered
2679,373,23,2024-04-18,3,7959,COD,Cancelled
2680,719,41,2024-11-28,3,28857,COD,Returned
2681,727,1,2024-10-04,5,33834,UPI,Delivered
2682,514,42,2024-10-01,4,11018,UPI,Cancelled
2683,181,20,2024-09-06,1,7816,Credit Card,Cancelled
2684,490,45,2024-05-12,3,30718,Wallet,Cancelled
2685,539,35,2024-05-03,5,34817,COD,Cancelled
2686,585,47,2024-03-30,4,30157,Credit Card,Returned
2687,532,4,2024-01-03,3,37177,COD,Cancelled
2688,797,22,2024-11-08,1,37861,Credit Card,Delivered
2689,1,37,2024-12-07,4,6980,UPI,Cancelled
2690,424,2,2024-09-16,3,45533,Wallet,Returned
2691,426,8,2024-07-21,5,2775,Credit Card,Cancelled
2692,255,41,2024-08-09,2,47493,UPI,Cancelled
2693,41,19,2024-09-07,5,25641,COD,Returned
2694,963,40,2024-01-08,2,35471,Credit Card,Returned
2695,96,29,2024-09-27,5,32236,COD,Delivered
2696,186,46,2024-04-06,4,38996,UPI,Returned
2697,833,18,2024-07-11,3,24434,Wallet,Cancelled
2698,105,27,2024-11-20,4,49109,COD,Delivered
2699,239,10,2024-07-24,3,26281,Credit Card,Delivered
2700,92,11,2024-08-15,5,15413,UPI,Returned
2701,966,23,2024-06-15,2,35604,Credit Card,Returned
2702,615,34,2024-08-24,4,25461,Wallet,Delivered
2703,694,13,2024-03-05,5,24576,COD,Delivered
2704,990,8,2024-12-03,5,17651,COD,Returned
2705,29,46,2024-07-28,4,13804,COD,Cancelled
2706,945,44,2024-10-08,4,33996,UPI,Cancelled
2707,534,21,2024-11-23,3,16030,COD,Delivered
2708,618,30,2024-03-11,3,4458,UPI,Returned
2709,855,33,2024-01-30,4,33381,COD,Delivered
2710,469,37,2024-07-02,5,17046,COD,Delivered
2711,689,33,2024-08-13,5,35877,Wallet,Delivered
2712,339,45,2024-04-27,5,11665,Credit Card,Delivered
2713,848,48,2024-11-14,5,39520,UPI,Cancelled
2714,335,34,2024-08-28,4,45901,Credit Card,Cancelled
2715,851,8,2024-03-02,5,11368,Wallet,Delivered
2716,294,3,2024-01-22,1,512,Credit Card,Cancelled
2717,744,30,2024-01-21,4,43338,Wallet,Returned
2718,969,38,2024-08-12,2,31947,COD,Cancelled
2719,383,34,2024-06-05,1,36955,COD,Delivered
2720,579,5,2024-02-03,2,3110,COD,Delivered
2721,229,30,2024-12-04,2,42014,Wallet,Cancelled
2722,217,4,2024-08-08,1,48624,UPI,Returned
2723,309,47,2024-07-03,2,28322,UPI,Delivered
2724,176,17,2024-05-09,5,37795,COD,Returned
2725,369,3,2024-10-25,3,43008,Credit Card,Delivered
2726,861,40,2024-06-30,4,10220,Wallet,Delivered
2727,577,38,2024-02-11,2,48157,Wallet,Delivered
2728,709,18,2024-01-23,4,36769,UPI,Delivered
2729,532,39,2024-07-14,1,2001,COD,Returned
2730,831,31,2024-01-19,3,13011,UPI,Delivered
2731,293,7,2024-01-30,1,16853,COD,Returned
2732,553,17,2024-07-29,5,33801,Wallet,Returned
2733,42,14,2024-08-31,5,22056,UPI,Delivered
2734,787,35,2024-01-05,3,32654,COD,Returned
2735,951,41,2024-08-30,1,14474,Wallet,Cancelled
2736,324,8,2024-02-22,4,37432,UPI,Cancelled
2737,984,14,2024-12-22,5,48039,Wallet,Returned
2738,34,32,2024-10-03,4,28145,UPI,Cancelled
2739,899,33,2024-11-13,3,25951,Wallet,Delivered
2740,94,48,2024-12-13,3,8257,UPI,Delivered
2741,34,1,2024-10-06,3,35381,COD,Cancelled
2742,804,32,2024-02-28,4,22993,Wallet,Cancelled
2743,770,47,2024-10-17,4,47664,UPI,Cancelled
2744,879,21,2024-09-27,1,49478,Wallet,Returned
2745,462,3,2024-01-30,3,10602,COD,Delivered
2746,997,23,2024-07-09,1,48197,Wallet,Returned
2747,860,4,2024-08-20,3,8412,UPI,Returned
2748,457,47,2024-10-12,4,25623,COD,Delivered
2749,485,44,2024-08-07,3,22013,COD,Cancelled
2750,33,48,2024-05-02,2,33749,COD,Returned
2751,118,43,2024-02-05,4,11667,Credit Card,Returned
2752,829,24,2024-01-01,1,2584,Wallet,Delivered
2753,39,35,2024-12-31,2,17975,Wallet,Cancelled
2754,880,19,2024-12-07,3,47696,COD,Cancelled
2755,807,25,2024-10-31,2,36576,UPI,Delivered
2756,359,28,2024-06-02,4,19129,Wallet,Delivered
2757,843,24,2024-09-11,4,1845,Credit Card,Delivered
2758,939,17,2024-03-24,2,37364,UPI,Cancelled
2759,890,43,2024-11-23,4,13254,UPI,Returned
2760,158,46,2024-11-24,3,4758,Wallet,Delivered
2761,260,24,2024-02-17,1,31897,UPI,Delivered
2762,181,48,2024-06-25,5,34968,Credit Card,Delivered
2763,126,35,2024-09-10,2,10268,Wallet,Returned
2764,899,46,2024-12-27,5,36464,UPI,Delivered
2765,495,27,2024-12-24,4,42897,UPI,Delivered
2766,56,27,2024-03-31,5,49668,COD,Cancelled
2767,188,44,2024-01-31,5,44710,Credit Card,Delivered
2768,265,24,2024-12-15,3,17981,COD,Cancelled
2769,305,4,2024-08-18,2,17822,Wallet,Cancelled
2770,261,22,2024-07-09,1,7383,COD,Returned
2771,804,46,2024-09-13,5,40481,Credit Card,Cancelled
2772,653,18,2024-01-13,4,21313,Wallet,Delivered
2773,275,38,2024-12-17,5,43006,Credit Card,Delivered
2774,21,1,2024-12-21,5,24087,Wallet,Delivered
2775,991,22,2024-02-09,4,10226,COD,Delivered
2776,289,41,2024-12-23,2,5334,UPI,Returned
2777,272,16,2024-05-03,1,43046,Credit Card,Cancelled
2778,261,46,2024-08-15,2,32848,Credit Card,Cancelled
2779,862,46,2024-07-13,4,3366,Wallet,Cancelled
2780,440,22,2024-11-22,1,18971,UPI,Returned
2781,503,4,2024-02-25,3,16159,COD,Cancelled
2782,547,45,2024-01-09,5,8995,COD,Delivered
2783,403,42,2024-05-27,4,9482,COD,Delivered
2784,761,2,2024-08-07,2,24734,COD,Delivered
2785,303,13,2024-09-13,3,42430,Credit Card,Returned
2786,837,37,2024-03-31,3,36188,UPI,Delivered
2787,928,3,2024-03-21,2,34998,UPI,Returned
2788,419,36,2024-06-20,1,3691,Credit Card,Delivered
2789,958,47,2024-12-15,5,11120,UPI,Cancelled
2790,793,17,2024-08-23,5,34604,UPI,Returned
2791,77,46,2024-08-22,4,18324,UPI,Cancelled
2792,474,8,2024-09-27,4,28626,UPI,Delivered
2793,949,21,2024-02-22,5,7965,UPI,Cancelled
2794,458,49,2024-01-03,3,40810,Wallet,Delivered
2795,876,20,2024-03-31,3,22254,Wallet,Cancelled
2796,335,21,2024-05-30,4,22850,COD,Delivered
2797,504,5,2024-05-17,4,13452,COD,Cancelled
2798,562,23,2024-11-10,5,49833,Wallet,Delivered
2799,361,3,2024-12-13,2,7896,UPI,Cancelled
2800,842,41,2024-12-28,4,27609,Wallet,Returned
2801,17,20,2024-02-29,1,11794,Credit Card,Cancelled
2802,702,13,2024-01-15,1,8294,Credit Card,Cancelled
2803,123,7,2024-07-08,4,32841,COD,Returned
2804,936,23,2024-10-28,4,18237,Credit Card,Cancelled
2805,182,7,2024-10-09,4,41383,Credit Card,Delivered
2806,437,21,2024-08-31,4,19102,UPI,Returned
2807,984,34,2024-09-30,4,33856,COD,Returned
2808,631,27,2024-04-20,3,4407,UPI,Cancelled
2809,652,28,2024-02-11,3,21941,UPI,Returned
2810,931,21,2024-10-12,1,28637,UPI,Delivered
2811,179,29,2024-06-18,4,8342,Wallet,Returned
2812,572,20,2024-12-22,2,20465,Wallet,Cancelled
2813,221,11,2024-06-15,2,42604,Wallet,Cancelled
2814,834,19,2024-11-29,2,24725,COD,Cancelled
2815,374,20,2024-07-09,5,2244,Wallet,Cancelled
2816,670,25,2024-07-17,1,2534,UPI,Returned
2817,609,14,2024-04-23,5,36341,Credit Card,Cancelled
2818,609,1,2024-07-10,3,28653,Wallet,Cancelled
2819,863,10,2024-03-20,5,2352,Credit Card,Cancelled
2820,786,27,2024-03-07,1,48264,COD,Cancelled
2821,292,31,2024-03-18,3,959,COD,Returned
2822,750,39,2024-05-14,4,14177,Wallet,Cancelled
2823,456,13,2024-09-06,3,35702,Wallet,Delivered
2824,463,37,2024-09-01,2,6857,COD,Returned
2825,398,19,2024-01-12,1,4745,COD,Returned
2826,535,40,2024-09-09,3,49213,Wallet,Returned
2827,662,9,2024-12-01,4,10102,COD,Cancelled
2828,697,7,2024-08-31,5,13994,UPI,Returned
2829,190,25,2024-10-23,2,33196,Wallet,Delivered
2830,243,5,2024-06-30,3,34071,COD,Delivered
2831,924,43,2024-08-27,1,24424,UPI,Cancelled
2832,789,25,2024-09-08,5,28872,UPI,Returned
2833,345,8,2024-04-19,1,22377,Wallet,Returned
2834,799,34,2024-01-05,5,10043,Wallet,Delivered
2835,859,23,2024-05-09,4,27320,Credit Card,Delivered
2836,949,36,2024-12-01,5,40731,Wallet,Cancelled
2837,735,16,2024-06-17,5,29433,Credit Card,Returned
2838,931,32,2024-10-10,3,46081,COD,Cancelled
2839,814,25,2024-03-03,5,3054,Credit Card,Delivered
2840,880,12,2024-10-18,2,11420,Credit Card,Delivered
2841,82,24,2024-05-17,4,21000,Credit Card,Delivered
2842,962,34,2024-10-29,1,10813,Credit Card,Cancelled
2843,533,16,2024-11-12,2,45145,UPI,Delivered
2844,424,15,2024-07-12,3,6817,COD,Delivered
2845,482,2,2024-11-27,5,39267,UPI,Returned
2846,991,20,2024-07-01,1,8162,UPI,Returned
2847,879,26,2024-10-20,2,45433,Credit Card,Delivered
2848,582,40,2024-05-27,3,22483,COD,Cancelled
2849,730,28,2024-11-14,5,19704,Credit Card,Returned
2850,394,33,2024-12-23,5,41595,COD,Cancelled
2851,138,32,2024-12-04,4,39225,COD,Cancelled
2852,53,37,2024-03-21,2,27399,Wallet,Cancelled
2853,828,12,2024-05-17,1,26081,Credit Card,Delivered
2854,651,43,2024-02-05,1,19007,UPI,Returned
2855,491,26,2024-04-22,1,32668,Wallet,Delivered
2856,96,4,2024-12-10,1,48331,UPI,Delivered
2857,377,22,2024-05-30,5,35918,UPI,Delivered
2858,510,12,2024-04-03,1,27991,UPI,Returned
2859,159,50,2024-04-06,4,19807,Wallet,Delivered
2860,166,16,2024-04-20,3,14237,Credit Card,Delivered
2861,254,38,2024-08-31,2,32611,UPI,Cancelled
2862,152,18,2024-06-03,4,2065,UPI,Delivered
2863,16,37,2024-01-24,4,10976,UPI,Returned
2864,91,39,2024-09-02,1,15002,UPI,Cancelled
2865,566,19,2024-01-17,3,33974,Credit Card,Returned
2866,321,33,2024-06-19,1,8315,Credit Card,Returned
2867,413,18,2024-12-09,3,46563,Credit Card,Cancelled
2868,553,4,2024-04-10,3,24302,UPI,Delivered
2869,45,15,2024-11-06,1,43109,UPI,Returned
2870,500,34,2024-04-21,2,27604,COD,Delivered
2871,62,48,2024-05-30,2,44677,Wallet,Returned
2872,584,12,2024-05-21,3,2611,COD,Cancelled
2873,291,38,2024-10-26,4,11829,Wallet,Delivered
2874,158,49,2024-08-13,1,43223,Wallet,Returned
2875,733,11,2024-04-12,2,30430,Wallet,Returned
2876,616,11,2024-02-21,2,23003,Wallet,Cancelled
2877,425,50,2024-10-19,5,26638,COD,Cancelled
2878,834,22,2024-12-26,1,46416,Wallet,Returned
2879,465,36,2024-12-06,3,44247,COD,Returned
2880,887,40,2024-12-19,1,35059,UPI,Returned
2881,910,8,2024-03-27,2,29391,Wallet,Returned
2882,150,29,2024-09-23,2,21484,UPI,Cancelled
2883,477,22,2024-04-30,5,23797,Wallet,Returned
2884,827,28,2024-12-21,1,46225,Credit Card,Returned
2885,828,24,2024-10-22,2,17386,Wallet,Returned
2886,461,12,2024-07-11,5,42124,UPI,Returned
2887,255,16,2024-03-04,1,45679,UPI,Delivered
2888,619,7,2024-01-07,3,9844,Wallet,Delivered
2889,246,43,2024-12-02,3,6975,Wallet,Delivered
2890,649,23,2024-07-15,3,28491,Wallet,Returned
2891,780,29,2024-02-06,3,47304,Wallet,Returned
2892,850,46,2024-11-07,5,22306,Wallet,Cancelled
2893,178,44,2024-09-08,2,13609,Wallet,Returned
2894,75,48,2024-08-05,4,45050,Wallet,Cancelled
2895,165,43,2024-03-28,4,47958,COD,Delivered
2896,517,33,2024-01-29,1,16058,Wallet,Cancelled
2897,470,41,2024-11-25,3,13250,COD,Returned
2898,709,44,2024-03-03,4,28828,COD,Cancelled
2899,948,33,2024-12-04,5,27220,Credit Card,Cancelled
2900,217,45,2024-09-08,3,22043,COD,Returned
2901,972,6,2024-08-07,5,41117,UPI,Returned
2902,77,45,2024-04-21,4,31864,COD,Delivered
2903,932,12,2024-06-08,4,14768,Wallet,Delivered
2904,258,34,2024-08-06,1,35248,COD,Delivered
2905,30,18,2024-12-24,3,38938,Wallet,Delivered
2906,118,49,2024-05-04,3,32656,Credit Card,Returned
2907,855,35,2024-10-09,3,18312,Wallet,Delivered
2908,12,20,2024-02-15,1,30637,Credit Card,Delivered
2909,995,29,2024-05-04,1,22113,Wallet,Delivered
2910,686,23,2024-11-06,2,2524,Wallet,Cancelled
2911,180,19,2024-05-01,4,29967,COD,Delivered
2912,865,4,2024-07-07,2,13117,Credit Card,Cancelled
2913,799,36,2024-04-26,5,8138,Wallet,Returned
2914,695,14,2024-07-27,5,19785,Credit Card,Delivered
2915,976,13,2024-04-23,1,30753,COD,Returned
2916,269,7,2024-12-29,5,16372,COD,Returned
2917,736,8,2024-10-02,2,3144,Wallet,Returned
2918,170,11,2024-09-25,3,47512,UPI,Returned
2919,428,18,2024-06-24,2,1436,COD,Delivered
2920,90,43,2024-02-06,5,25168,UPI,Delivered
2921,566,44,2024-01-17,4,27929,UPI,Returned
2922,985,19,2024-12-23,5,7710,UPI,Returned
2923,872,40,2024-06-08,4,24319,COD,Delivered
2924,288,34,2024-04-14,2,26392,UPI,Returned
2925,194,39,2024-08-04,4,16392,UPI,Returned
2926,665,37,2024-04-02,1,7854,Credit Card,Cancelled
2927,790,13,2024-02-06,3,14857,Wallet,Delivered
2928,998,22,2024-01-31,5,6898,UPI,Returned
2929,882,26,2024-04-06,3,15061,UPI,Cancelled
2930,892,12,2024-05-16,4,4950,Wallet,Cancelled
2931,654,23,2024-10-08,3,13908,COD,Delivered
2932,263,41,2024-01-17,4,932,UPI,Cancelled
2933,544,13,2024-04-21,1,46519,Wallet,Delivered
2934,552,37,2024-06-05,3,12502,Wallet,Cancelled
2935,660,44,2024-06-19,3,38963,UPI,Delivered
2936,196,30,2024-10-09,1,41491,Credit Card,Cancelled
2937,742,5,2024-06-27,3,3292,UPI,Cancelled
2938,601,18,2024-04-20,5,18314,COD,Delivered
2939,509,14,2024-03-23,1,49488,Wallet,Returned
2940,450,22,2024-06-14,3,40953,UPI,Delivered
2941,983,9,2024-12-05,1,21472,COD,Delivered
2942,569,38,2024-06-03,2,31616,COD,Returned
2943,76,16,2024-06-09,2,14413,Credit Card,Returned
2944,824,46,2024-04-05,3,42090,UPI,Returned
2945,84,3,2024-03-12,4,16513,COD,Returned
2946,244,42,2024-11-21,5,23009,COD,Cancelled
2947,174,37,2024-03-28,1,43626,COD,Cancelled
2948,680,25,2024-05-20,3,38768,COD,Cancelled
2949,364,2,2024-09-26,4,22907,Credit Card,Cancelled
2950,638,46,2024-08-15,1,18940,Credit Card,Returned
2951,771,33,2024-07-31,2,13455,Credit Card,Delivered
2952,619,24,2024-08-04,1,27289,UPI,Delivered
2953,55,22,2024-03-23,1,7445,COD,Returned
2954,453,24,2024-05-28,5,31635,UPI,Returned
2955,484,39,2024-09-27,1,23825,Credit Card,Cancelled
2956,134,2,2024-01-31,1,26367,Wallet,Delivered
2957,336,23,2024-07-19,5,6287,Credit Card,Cancelled
2958,906,11,2024-03-24,4,20643,COD,Returned
2959,805,36,2024-07-22,3,33634,Credit Card,Cancelled
2960,654,7,2024-02-01,5,23809,COD,Delivered
2961,890,2,2024-06-08,3,4312,Wallet,Cancelled
2962,276,47,2024-05-18,2,16944,COD,Returned
2963,702,1,2024-01-27,1,31086,Credit Card,Returned
2964,51,8,2024-05-06,3,28934,Credit Card,Delivered
2965,701,12,2024-07-16,4,37428,UPI,Cancelled
2966,202,50,2024-05-27,4,18176,UPI,Cancelled
2967,222,48,2024-08-06,3,45560,Credit Card,Cancelled
2968,387,32,2024-03-07,4,20562,UPI,Cancelled
2969,634,50,2024-09-27,3,35471,UPI,Cancelled
2970,667,40,2024-09-07,4,36415,COD,Delivered
2971,770,47,2024-04-19,5,25633,Credit Card,Cancelled
2972,100,10,2024-12-06,5,48800,Credit Card,Delivered
2973,562,30,2024-05-30,1,9425,Wallet,Cancelled
2974,860,43,2024-12-07,5,45673,Credit Card,Delivered
2975,249,18,2024-06-19,4,33344,UPI,Delivered
2976,421,33,2024-10-07,1,29653,UPI,Returned
2977,153,5,2024-08-15,4,12414,Wallet,Cancelled
2978,95,28,2024-05-06,2,16652,COD,Cancelled
2979,688,49,2024-01-24,5,6614,Credit Card,Returned
2980,694,31,2024-09-29,4,41490,UPI,Delivered
2981,497,16,2024-02-13,2,27780,Credit Card,Delivered
2982,575,4,2024-08-28,5,38327,Wallet,Delivered
2983,276,47,2024-05-06,1,26127,UPI,Delivered
2984,362,16,2024-02-02,5,29738,COD,Delivered
2985,890,34,2024-01-18,1,43930,UPI,Returned
2986,666,24,2024-12-26,4,36594,COD,Delivered
2987,962,21,2024-02-14,3,7755,Credit Card,Delivered
2988,294,37,2024-01-30,5,34571,Credit Card,Returned
2989,977,36,2024-11-28,1,47763,UPI,Cancelled
2990,683,37,2024-08-05,4,43112,Credit Card,Delivered
2991,814,42,2024-04-21,4,32895,Credit Card,Delivered
2992,890,43,2024-12-30,3,35706,Wallet,Delivered
2993,56,32,2024-07-14,1,20247,UPI,Cancelled
2994,716,35,2024-05-05,1,18478,COD,Cancelled
2995,498,11,2024-05-06,5,37736,COD,Delivered
2996,972,18,2024-10-05,3,46685,UPI,Delivered
2997,272,27,2024-04-29,2,10362,UPI,Cancelled
2998,330,22,2024-05-19,1,32009,Wallet,Delivered
2999,9,39,2024-10-12,5,2965,Credit Card,Returned
3000,218,13,2024-04-22,2,33205,Wallet,Delivered
3001,465,41,2024-11-12,5,35555,UPI,Cancelled
3002,621,42,2024-11-02,4,7228,Credit Card,Returned
3003,627,13,2024-09-01,2,46948,Credit Card,Returned
3004,797,5,2024-12-09,4,12296,Wallet,Cancelled
3005,323,17,2024-08-25,2,31635,UPI,Cancelled
3006,319,44,2024-06-14,3,27680,Wallet,Cancelled
3007,779,12,2024-11-11,3,14559,Credit Card,Returned
3008,107,28,2024-07-04,3,8143,COD,Cancelled
3009,154,43,2024-03-23,5,11604,COD,Delivered
3010,611,3,2024-01-14,2,8879,COD,Returned
3011,828,40,2024-01-11,1,28237,Wallet,Cancelled
3012,722,30,2024-05-14,1,39088,Credit Card,Delivered
3013,779,18,2024-03-10,5,17892,COD,Delivered
3014,457,24,2024-03-05,3,42281,COD,Delivered
3015,120,14,2024-11-14,4,48212,Wallet,Delivered
3016,572,50,2024-09-11,3,38704,COD,Cancelled
3017,731,49,2024-08-19,4,45470,UPI,Returned
3018,869,8,2024-03-11,1,12845,UPI,Returned
3019,104,40,2024-05-22,1,22774,UPI,Cancelled
3020,346,39,2024-01-27,2,4985,Wallet,Returned
3021,492,10,2024-08-05,3,21734,UPI,Returned
3022,523,25,2024-03-26,2,10557,UPI,Cancelled
3023,301,5,2024-06-09,1,44237,COD,Delivered
3024,442,27,2024-04-21,5,19865,COD,Delivered
3025,876,39,2024-04-26,5,22897,Credit Card,Cancelled
3026,336,41,2024-02-13,2,4122,Wallet,Cancelled
3027,121,40,2024-06-12,3,39972,Wallet,Delivered
3028,939,21,2024-03-25,2,21629,Credit Card,Delivered
3029,202,40,2024-03-25,5,19874,Credit Card,Cancelled
3030,272,6,2024-12-10,1,7505,Wallet,Cancelled
3031,273,29,2024-02-27,1,15030,COD,Returned
3032,969,27,2024-08-13,5,5656,Credit Card,Delivered
3033,353,42,2024-09-25,5,10050,Credit Card,Returned
3034,11,35,2024-12-25,3,21567,UPI,Cancelled
3035,952,28,2024-12-04,3,25808,COD,Delivered
3036,227,38,2024-09-07,3,2342,UPI,Delivered
3037,802,48,2024-08-29,5,46185,Credit Card,Returned
3038,532,8,2024-10-16,1,17524,COD,Delivered
3039,38,44,2024-02-10,5,41008,Credit Card,Returned
3040,72,50,2024-09-20,5,15845,UPI,Delivered
3041,406,28,2024-05-20,5,44751,UPI,Returned
3042,861,28,2024-09-19,4,48397,COD,Delivered
3043,200,27,2024-11-20,2,11914,Credit Card,Returned
3044,224,40,2024-04-28,3,22597,COD,Delivered
3045,24,6,2024-05-04,3,6568,COD,Returned
3046,852,20,2024-03-01,1,24529,Credit Card,Cancelled
3047,748,15,2024-11-18,5,27657,UPI,Cancelled
3048,668,24,2024-02-21,3,3224,Wallet,Delivered
3049,646,19,2024-04-27,5,36006,COD,Returned
3050,857,27,2024-11-16,5,44452,Credit Card,Delivered
3051,795,40,2024-01-21,1,1021,Credit Card,Cancelled
3052,691,35,2024-04-06,5,4893,COD,Returned
3053,22,29,2024-09-09,1,49540,Credit Card,Cancelled
3054,348,27,2024-12-15,5,4859,Credit Card,Returned
3055,14,28,2024-05-01,1,29251,Credit Card,Delivered
3056,909,22,2024-08-06,2,39312,Wallet,Cancelled
3057,662,31,2024-08-30,3,30908,Credit Card,Cancelled
3058,263,38,2024-11-09,3,24867,UPI,Delivered
3059,840,19,2024-08-09,4,45672,COD,Returned
3060,368,32,2024-08-18,1,1550,Wallet,Cancelled
3061,656,11,2024-01-14,5,44734,Wallet,Delivered
3062,463,26,2024-09-30,5,12227,Credit Card,Cancelled
3063,912,11,2024-12-27,2,42478,COD,Cancelled
3064,895,5,2024-01-06,2,29469,COD,Cancelled
3065,349,20,2024-09-01,1,31193,UPI,Delivered
3066,953,29,2024-06-29,5,19333,Credit Card,Cancelled
3067,398,28,2024-03-27,1,14127,Credit Card,Delivered
3068,777,23,2024-11-24,3,47287,Wallet,Delivered
3069,183,1,2024-12-21,4,14699,UPI,Returned
3070,313,34,2024-05-31,4,42709,COD,Returned
3071,927,9,2024-04-10,2,24192,COD,Returned
3072,328,20,2024-07-11,2,10607,UPI,Delivered
3073,815,48,2024-04-12,1,37762,COD,Returned
3074,910,15,2024-01-18,4,17090,UPI,Cancelled
3075,213,31,2024-03-24,1,4387,Credit Card,Delivered
3076,465,42,2024-04-16,1,24793,Credit Card,Delivered
3077,100,19,2024-11-24,2,35541,UPI,Returned
3078,346,27,2024-08-28,1,43155,UPI,Delivered
3079,171,21,2024-03-06,1,36181,Credit Card,Cancelled
3080,813,7,2024-11-18,3,7090,Credit Card,Cancelled
3081,53,32,2024-04-27,2,19339,Credit Card,Returned
3082,315,7,2024-01-24,4,29222,Wallet,Cancelled
3083,245,32,2024-09-23,4,45944,UPI,Delivered
3084,313,48,2024-06-30,2,5456,COD,Delivered
3085,77,21,2024-02-14,2,27129,Credit Card,Cancelled
3086,666,9,2024-10-01,3,26759,COD,Cancelled
3087,151,36,2024-11-21,3,8290,COD,Delivered
3088,723,11,2024-05-26,4,49375,Credit Card,Delivered
3089,3,47,2024-06-12,1,24183,Wallet,Returned
3090,315,36,2024-08-09,2,43637,Credit Card,Returned
3091,23,25,2024-11-25,3,20027,Wallet,Delivered
3092,87,4,2024-12-13,1,10891,COD,Cancelled
3093,960,37,2024-11-04,3,22926,COD,Delivered
3094,972,26,2024-11-06,3,10935,Wallet,Delivered
3095,506,33,2024-05-22,4,13304,Credit Card,Delivered
3096,914,29,2024-01-19,1,33257,COD,Returned
3097,554,25,2024-04-16,4,789,UPI,Cancelled
3098,110,48,2024-03-19,1,28184,Credit Card,Cancelled
3099,254,10,2024-11-10,3,34468,UPI,Cancelled
3100,745,25,2024-02-24,1,25286,Wallet,Delivered
3101,251,4,2024-08-08,2,2390,Credit Card,Returned
3102,729,50,2024-11-24,2,13682,COD,Delivered
3103,532,22,2024-10-12,5,4850,Credit Card,Cancelled
3104,526,2,2024-09-22,1,26692,COD,Delivered
3105,841,33,2024-02-19,4,23677,Credit Card,Cancelled
3106,215,39,2024-07-11,4,7641,UPI,Delivered
3107,220,16,2024-09-28,4,18042,UPI,Cancelled
3108,999,1,2024-08-03,3,35361,UPI,Cancelled
3109,85,22,2024-10-04,1,1502,Credit Card,Returned
3110,721,9,2024-11-14,3,41552,Credit Card,Delivered
3111,116,1,2024-10-19,1,49900,UPI,Returned
3112,498,42,2024-03-18,1,28820,Credit Card,Returned
3113,872,2,2024-10-05,2,11991,COD,Delivered
3114,793,3,2024-04-06,2,36811,UPI,Delivered
3115,510,1,2024-04-25,4,42324,Wallet,Delivered
3116,185,29,2024-08-31,5,22105,UPI,Cancelled
3117,741,17,2024-02-14,4,12693,COD,Returned
3118,422,2,2024-03-22,2,31807,Credit Card,Cancelled
3119,731,16,2024-08-13,3,16417,Wallet,Returned
3120,73,41,2024-04-04,1,3974,UPI,Delivered
3121,643,38,2024-11-28,1,13629,COD,Returned
3122,677,50,2024-12-18,1,23302,COD,Returned
3123,848,27,2024-07-02,1,36970,Wallet,Returned
3124,510,42,2024-08-01,3,34187,UPI,Cancelled
3125,901,35,2024-08-13,3,42012,UPI,Returned
3126,739,12,2024-06-21,3,30720,Credit Card,Cancelled
3127,720,13,2024-01-24,4,42946,UPI,Returned
3128,609,14,2024-05-22,4,45895,Wallet,Delivered
3129,632,41,2024-11-09,4,943,UPI,Cancelled
3130,809,50,2024-01-30,4,10425,Credit Card,Returned
3131,474,21,2024-05-31,5,36594,UPI,Cancelled
3132,677,44,2024-05-08,1,39431,Wallet,Returned
3133,285,48,2024-09-16,5,10386,Wallet,Returned
3134,928,2,2024-06-17,5,48129,Wallet,Returned
3135,787,47,2024-10-09,3,1236,Credit Card,Returned
3136,115,7,2024-08-09,5,48374,Credit Card,Cancelled
3137,619,20,2024-06-17,1,36353,Wallet,Delivered
3138,731,6,2024-03-11,4,3960,Wallet,Delivered
3139,250,5,2024-11-08,4,25749,Credit Card,Returned
3140,29,48,2024-04-28,4,40470,UPI,Returned
3141,639,24,2024-09-21,5,20281,UPI,Returned
3142,577,20,2024-01-25,3,44725,Credit Card,Returned
3143,95,9,2024-01-20,5,40982,UPI,Cancelled
3144,358,12,2024-02-04,1,24448,Credit Card,Cancelled
3145,483,6,2024-12-02,3,9724,COD,Cancelled
3146,958,27,2024-01-21,4,6994,Credit Card,Delivered
3147,536,2,2024-06-08,2,12598,Wallet,Delivered
3148,259,1,2024-10-24,4,16382,Credit Card,Returned
3149,62,49,2024-11-26,5,40350,Wallet,Cancelled
3150,167,31,2024-09-15,2,43731,Wallet,Cancelled
3151,923,39,2024-12-17,4,32946,Wallet,Returned
3152,474,37,2024-03-08,5,29415,Credit Card,Delivered
3153,519,43,2024-04-23,4,40818,Wallet,Returned
3154,196,10,2024-05-17,2,5437,COD,Cancelled
3155,679,10,2024-11-24,2,38592,UPI,Cancelled
3156,647,29,2024-04-02,5,17085,COD,Delivered
3157,125,10,2024-01-15,3,25734,COD,Returned
3158,352,16,2024-11-24,5,24900,COD,Delivered
3159,912,17,2024-07-04,1,1459,Credit Card,Returned
3160,706,24,2024-05-14,5,41233,Credit Card,Returned
3161,469,21,2024-08-04,2,48019,Credit Card,Returned
3162,284,11,2024-09-03,1,12791,UPI,Cancelled
3163,279,29,2024-06-05,4,18167,Wallet,Returned
3164,671,7,2024-08-04,3,31919,Credit Card,Returned
3165,927,27,2024-08-04,3,49984,UPI,Cancelled
3166,797,20,2024-02-20,4,18010,UPI,Delivered
3167,625,37,2024-07-01,2,1467,Wallet,Cancelled
3168,666,24,2024-04-02,4,12543,Wallet,Cancelled
3169,979,16,2024-08-04,1,27471,Credit Card,Returned
3170,910,25,2024-02-06,1,41750,Credit Card,Delivered
3171,595,39,2024-12-16,4,36141,Wallet,Returned
3172,950,15,2024-06-01,1,32036,Credit Card,Returned
3173,764,2,2024-01-06,1,19849,Credit Card,Delivered
3174,945,47,2024-05-05,3,25594,UPI,Cancelled
3175,203,10,2024-05-19,5,9612,Credit Card,Returned
3176,782,25,2024-01-17,4,45145,UPI,Delivered
3177,953,48,2024-06-20,1,34523,UPI,Delivered
3178,796,41,2024-07-07,1,24616,UPI,Cancelled
3179,599,22,2024-12-24,3,28875,Wallet,Cancelled
3180,223,27,2024-08-28,5,28766,COD,Delivered
3181,764,15,2024-04-16,1,6466,UPI,Returned
3182,109,25,2024-01-17,2,6245,COD,Delivered
3183,13,24,2024-10-10,2,6795,COD,Cancelled
3184,360,16,2024-05-25,5,34878,COD,Cancelled
3185,383,8,2024-07-02,1,34240,UPI,Cancelled
3186,11,6,2024-08-12,5,35945,Credit Card,Delivered
3187,460,29,2024-05-18,4,13869,UPI,Returned
3188,934,40,2024-05-24,3,21948,COD,Delivered
3189,16,17,2024-11-27,5,44575,Credit Card,Cancelled
3190,173,6,2024-05-11,1,35472,UPI,Cancelled
3191,795,34,2024-07-31,3,18380,Credit Card,Returned
3192,507,8,2024-03-31,2,37940,COD,Cancelled
3193,695,18,2024-04-10,5,29991,Wallet,Returned
3194,231,1,2024-10-28,3,43987,UPI,Returned
3195,564,43,2024-08-19,5,5785,UPI,Cancelled
3196,680,37,2024-03-19,2,38389,COD,Cancelled
3197,946,18,2024-02-02,3,757,Credit Card,Returned
3198,668,16,2024-09-10,2,1429,UPI,Returned
3199,260,26,2024-12-18,2,33701,COD,Returned
3200,316,9,2024-04-05,4,10912,Wallet,Returned
3201,394,28,2024-08-04,3,42559,Wallet,Delivered
3202,943,17,2024-04-01,1,42802,COD,Returned
3203,618,50,2024-08-09,4,14130,Wallet,Delivered
3204,287,33,2024-12-31,2,29416,UPI,Returned
3205,854,32,2024-08-01,3,33542,UPI,Cancelled
3206,373,36,2024-11-08,3,17490,Credit Card,Cancelled
3207,714,26,2024-02-16,3,28282,COD,Cancelled
3208,672,46,2024-02-25,1,32556,Wallet,Cancelled
3209,486,43,2024-08-11,2,33111,UPI,Cancelled
3210,709,46,2024-03-19,5,25711,UPI,Delivered
3211,113,5,2024-03-11,2,13152,Credit Card,Cancelled
3212,219,17,2024-06-12,1,26335,COD,Returned
3213,696,20,2024-02-25,5,17840,COD,Delivered
3214,939,7,2024-01-18,2,27001,COD,Delivered
3215,28,2,2024-10-07,1,28209,Credit Card,Delivered
3216,314,21,2024-06-21,3,42372,Wallet,Cancelled
3217,227,36,2024-09-21,3,24752,UPI,Cancelled
3218,978,14,2024-01-31,4,23698,UPI,Returned
3219,513,36,2024-01-27,1,28455,UPI,Cancelled
3220,747,34,2024-12-06,5,34938,Credit Card,Returned
3221,919,1,2024-01-11,4,28482,COD,Returned
3222,974,39,2024-12-14,5,44091,Wallet,Returned
3223,580,41,2024-02-22,4,8265,UPI,Delivered
3224,682,42,2024-11-24,5,23864,COD,Returned
3225,217,23,2024-05-24,1,23120,Credit Card,Cancelled
3226,48,19,2024-05-05,3,3776,COD,Cancelled
3227,558,19,2024-06-06,5,41441,UPI,Returned
3228,694,50,2024-12-02,2,15347,Wallet,Delivered
3229,869,30,2024-01-22,5,44906,Wallet,Returned
3230,577,22,2024-01-14,5,1368,UPI,Returned
3231,290,11,2024-08-14,4,46855,Credit Card,Cancelled
3232,630,40,2024-03-08,1,18917,Wallet,Returned
3233,414,46,2024-05-23,4,23832,Wallet,Delivered
3234,735,49,2024-12-16,2,12625,Wallet,Returned
3235,615,21,2024-05-03,5,45643,UPI,Delivered
3236,118,3,2024-01-13,2,4245,COD,Delivered
3237,193,50,2024-10-24,5,15080,COD,Returned
3238,284,28,2024-01-24,4,1902,Credit Card,Delivered
3239,925,2,2024-01-04,3,39951,COD,Cancelled
3240,79,33,2024-10-14,4,38569,Credit Card,Returned
3241,772,7,2024-09-09,2,13923,UPI,Delivered
3242,413,23,2024-05-21,2,2806,UPI,Cancelled
3243,417,12,2024-01-11,5,45043,Credit Card,Cancelled
3244,69,5,2024-06-04,4,30221,COD,Delivered
3245,228,22,2024-12-09,5,33321,Credit Card,Cancelled
3246,316,1,2024-05-09,4,21723,COD,Delivered
3247,920,37,2024-03-14,1,28922,UPI,Returned
3248,14,18,2024-01-13,3,13659,Credit Card,Cancelled
3249,475,41,2024-12-21,2,28955,COD,Returned
3250,601,43,2024-10-27,2,22603,Credit Card,Returned
3251,908,21,2024-05-22,2,39280,Wallet,Cancelled
3252,870,5,2024-08-09,2,23165,UPI,Returned
3253,475,22,2024-01-13,4,14531,Credit Card,Delivered
3254,986,19,2024-05-09,3,11859,UPI,Delivered
3255,762,42,2024-09-14,3,3598,Wallet,Delivered
3256,948,31,2024-05-20,5,9630,Credit Card,Returned
3257,40,43,2024-07-09,1,21534,COD,Returned
3258,259,25,2024-07-10,3,44960,COD,Cancelled
3259,817,46,2024-02-08,2,47569,COD,Cancelled
3260,527,8,2024-07-28,3,22479,UPI,Delivered
3261,238,6,2024-03-12,3,19279,UPI,Cancelled
3262,947,29,2024-11-12,4,23890,Wallet,Cancelled
3263,281,47,2024-06-30,3,23947,Wallet,Returned
3264,236,22,2024-08-31,1,44712,Wallet,Returned
3265,774,21,2024-01-06,3,26545,Credit Card,Delivered
3266,840,15,2024-07-03,1,15539,UPI,Returned
3267,122,38,2024-08-24,3,28322,Wallet,Returned
3268,153,25,2024-06-29,2,47964,Wallet,Returned
3269,298,32,2024-09-23,2,39211,UPI,Cancelled
3270,142,47,2024-10-19,4,32980,UPI,Delivered
3271,115,5,2024-11-27,2,15579,Credit Card,Delivered
3272,53,7,2024-01-07,4,8378,Wallet,Returned
3273,18,39,2024-01-18,2,36067,COD,Cancelled
3274,363,26,2024-02-07,4,17281,COD,Cancelled
3275,414,31,2024-05-03,5,47292,UPI,Returned
3276,221,44,2024-12-16,1,15711,UPI,Delivered
3277,630,45,2024-01-23,1,42055,Credit Card,Returned
3278,567,9,2024-09-22,2,36632,UPI,Cancelled
3279,827,16,2024-11-02,2,46806,Credit Card,Delivered
3280,858,45,2024-01-21,3,47615,Wallet,Cancelled
3281,332,20,2024-02-17,3,20445,Wallet,Cancelled
3282,319,7,2024-10-16,5,49674,Credit Card,Cancelled
3283,700,4,2024-01-27,1,40282,Wallet,Cancelled
3284,684,6,2024-04-18,1,41961,COD,Cancelled
3285,771,18,2024-03-19,4,18114,UPI,Delivered
3286,312,30,2024-08-03,3,47520,Wallet,Delivered
3287,313,14,2024-04-22,4,48814,COD,Returned
3288,82,20,2024-10-14,1,45324,Wallet,Delivered
3289,856,9,2024-04-17,2,6599,Credit Card,Delivered
3290,364,50,2024-03-15,4,32524,Credit Card,Cancelled
3291,976,11,2024-04-18,5,37446,Credit Card,Cancelled
3292,434,21,2024-01-22,3,13386,Credit Card,Returned
3293,980,5,2024-02-10,2,43659,COD,Cancelled
3294,675,35,2024-02-16,5,14351,Credit Card,Cancelled
3295,299,46,2024-04-23,4,11021,Credit Card,Delivered
3296,356,41,2024-12-09,3,33922,Wallet,Returned
3297,718,28,2024-10-21,2,33388,Wallet,Cancelled
3298,549,34,2024-04-18,1,43731,Wallet,Delivered
3299,268,20,2024-03-08,4,10237,UPI,Cancelled
3300,549,7,2024-11-28,4,43969,COD,Cancelled
3301,1,11,2024-05-15,5,30019,Credit Card,Delivered
3302,729,3,2024-11-05,2,8500,UPI,Delivered
3303,687,43,2024-02-19,5,8889,COD,Returned
3304,861,46,2024-07-19,1,27216,Wallet,Delivered
3305,906,22,2024-12-23,1,42420,Wallet,Cancelled
3306,462,4,2024-12-27,5,20377,UPI,Delivered
3307,52,29,2024-11-11,3,34015,UPI,Returned
3308,474,48,2024-08-05,3,48080,UPI,Cancelled
3309,111,19,2024-10-15,4,13536,Credit Card,Returned
3310,523,17,2024-11-30,1,28236,COD,Cancelled
3311,813,32,2024-09-17,5,35346,Wallet,Returned
3312,634,15,2024-01-19,5,9297,Wallet,Returned
3313,528,39,2024-11-15,1,30731,Wallet,Delivered
3314,239,6,2024-05-19,1,19610,COD,Returned
3315,619,7,2024-04-18,1,45400,Credit Card,Returned
3316,535,4,2024-08-19,1,25237,Credit Card,Cancelled
3317,642,17,2024-05-31,3,34277,COD,Delivered
3318,642,17,2024-06-09,5,25909,Credit Card,Cancelled
3319,618,12,2024-01-09,1,5379,UPI,Cancelled
3320,12,7,2024-07-28,3,39753,Wallet,Delivered
3321,144,22,2024-12-06,5,8747,Credit Card,Delivered
3322,121,28,2024-11-07,4,11612,Wallet,Returned
3323,686,12,2024-02-21,2,44812,Credit Card,Cancelled
3324,583,14,2024-05-26,3,42479,Wallet,Delivered
3325,765,6,2024-02-06,2,13795,UPI,Delivered
3326,590,34,2024-07-12,2,13918,Credit Card,Cancelled
3327,903,44,2024-05-06,1,4405,UPI,Returned
3328,312,45,2024-12-28,5,15457,Credit Card,Cancelled
3329,530,33,2024-06-17,1,3684,UPI,Delivered
3330,507,46,2024-06-07,4,10688,Credit Card,Returned
3331,893,42,2024-05-31,3,27642,Wallet,Returned
3332,729,47,2024-06-09,2,18044,UPI,Delivered
3333,474,38,2024-07-25,4,3679,Credit Card,Returned
3334,196,10,2024-05-01,2,12574,Credit Card,Delivered
3335,635,29,2024-09-11,2,48923,Wallet,Cancelled
3336,206,5,2024-07-07,4,47321,Credit Card,Delivered
3337,358,12,2024-06-19,2,5143,Wallet,Delivered
3338,878,41,2024-06-17,5,47358,UPI,Returned
3339,68,44,2024-11-15,4,36364,COD,Returned
3340,898,18,2024-12-27,5,45339,UPI,Delivered
3341,619,18,2024-01-10,4,18535,COD,Cancelled
3342,391,7,2024-08-10,3,42897,Credit Card,Cancelled
3343,533,14,2024-06-23,3,45838,Wallet,Returned
3344,965,28,2024-09-28,4,47322,UPI,Delivered
3345,93,41,2024-10-19,4,41904,Credit Card,Delivered
3346,42,48,2024-07-30,4,28643,Credit Card,Returned
3347,474,47,2024-01-17,5,3065,COD,Delivered
3348,267,40,2024-03-04,2,24848,COD,Returned
3349,4,26,2024-09-11,4,3746,Wallet,Cancelled
3350,22,28,2024-02-21,5,24074,COD,Returned
3351,28,6,2024-11-12,1,10254,COD,Cancelled
3352,247,25,2024-11-24,1,6393,UPI,Delivered
3353,625,12,2024-09-24,5,42071,COD,Delivered
3354,421,8,2024-06-06,3,30998,COD,Returned
3355,729,29,2024-01-05,5,44021,Credit Card,Returned
3356,561,25,2024-06-27,2,23300,COD,Cancelled
3357,50,17,2024-09-26,2,21996,Wallet,Cancelled
3358,307,25,2024-04-23,5,35238,UPI,Delivered
3359,121,14,2024-01-06,2,45060,UPI,Returned
3360,82,41,2024-02-26,3,19374,Wallet,Delivered
3361,477,39,2024-08-20,5,21920,UPI,Delivered
3362,141,25,2024-11-07,5,36256,UPI,Cancelled
3363,25,43,2024-09-12,1,24411,Credit Card,Cancelled
3364,743,35,2024-05-17,3,34469,UPI,Delivered
3365,501,8,2024-05-02,5,41728,Credit Card,Returned
3366,519,38,2024-05-07,2,46964,Credit Card,Returned
3367,905,15,2024-11-06,5,9356,COD,Delivered
3368,205,22,2024-09-19,2,16105,Wallet,Cancelled
3369,337,16,2024-10-04,3,38493,Credit Card,Delivered
3370,851,28,2024-05-09,5,33843,COD,Returned
3371,386,22,2024-08-13,2,35278,COD,Returned
3372,298,42,2024-03-25,5,33465,Wallet,Returned
3373,714,32,2024-04-11,4,7768,Wallet,Returned
3374,915,40,2024-11-09,3,40711,UPI,Delivered
3375,787,37,2024-04-21,5,35012,Wallet,Delivered
3376,308,12,2024-09-05,5,13305,Wallet,Delivered
3377,482,42,2024-05-28,1,26812,Credit Card,Delivered
3378,756,9,2024-06-05,4,5699,COD,Cancelled
3379,519,38,2024-06-03,4,9333,Credit Card,Returned
3380,339,23,2024-10-30,4,20203,Credit Card,Cancelled
3381,222,15,2024-05-09,2,39651,COD,Cancelled
3382,706,12,2024-10-01,4,16666,Wallet,Returned
3383,777,11,2024-08-11,1,19490,UPI,Returned
3384,884,1,2024-09-26,2,16424,UPI,Cancelled
3385,476,9,2024-01-24,1,27277,Credit Card,Delivered
3386,183,1,2024-02-01,1,31822,Wallet,Delivered
3387,300,7,2024-12-10,5,26183,Credit Card,Cancelled
3388,208,41,2024-07-22,5,5685,Wallet,Returned
3389,458,12,2024-03-01,2,4730,Credit Card,Returned
3390,528,4,2024-06-03,4,45271,COD,Cancelled
3391,3,18,2024-09-11,4,26485,COD,Delivered
3392,273,6,2024-04-02,2,35092,COD,Returned
3393,615,38,2024-09-25,4,28907,Credit Card,Returned
3394,261,33,2024-10-15,3,35965,UPI,Cancelled
3395,994,13,2024-03-13,2,32173,Credit Card,Returned
3396,66,25,2024-08-05,5,43311,UPI,Delivered
3397,478,8,2024-07-16,3,1865,COD,Delivered
3398,540,4,2024-09-09,4,26777,UPI,Delivered
3399,31,27,2024-10-13,4,6525,UPI,Delivered
3400,324,46,2024-08-09,5,39719,Credit Card,Cancelled
3401,695,46,2024-06-26,3,41643,Wallet,Delivered
3402,674,46,2024-03-30,1,49345,Wallet,Returned
3403,197,50,2024-07-24,3,19206,COD,Delivered
3404,735,2,2024-09-07,4,4387,UPI,Delivered
3405,30,37,2024-03-16,2,47394,Wallet,Returned
3406,750,10,2024-05-07,3,18808,Credit Card,Cancelled
3407,516,44,2024-03-12,1,13380,Credit Card,Returned
3408,805,36,2024-01-24,1,9996,Wallet,Delivered
3409,902,48,2024-06-19,1,16914,COD,Delivered
3410,583,14,2024-03-06,5,45825,Wallet,Cancelled
3411,978,27,2024-10-28,4,46885,Credit Card,Delivered
3412,903,13,2024-02-29,3,49565,Wallet,Delivered
3413,409,14,2024-05-25,4,41697,COD,Cancelled
3414,884,13,2024-05-15,5,3669,Credit Card,Returned
3415,130,7,2024-03-29,5,47729,UPI,Cancelled
3416,545,27,2024-08-30,1,18637,UPI,Cancelled
3417,984,48,2024-08-19,1,49366,Credit Card,Cancelled
3418,818,14,2024-01-08,4,4514,COD,Returned
3419,429,19,2024-01-28,4,16159,UPI,Returned
3420,388,4,2024-07-01,4,19526,UPI,Cancelled
3421,786,17,2024-06-05,3,20339,Wallet,Delivered
3422,635,48,2024-06-09,1,22514,UPI,Returned
3423,214,14,2024-07-19,3,40019,COD,Delivered
3424,221,19,2024-01-07,2,29166,Credit Card,Returned
3425,136,2,2024-09-29,3,27829,Credit Card,Returned
3426,668,13,2024-09-01,2,4534,Wallet,Returned
3427,215,29,2024-11-01,1,37407,Credit Card,Cancelled
3428,32,44,2024-04-02,4,46054,Wallet,Cancelled
3429,276,44,2024-12-22,5,23798,UPI,Delivered
3430,401,5,2024-06-29,4,29717,COD,Returned
3431,736,19,2024-06-03,3,36836,Wallet,Delivered
3432,45,42,2024-10-23,3,29012,Credit Card,Cancelled
3433,169,6,2024-02-04,4,40807,Wallet,Cancelled
3434,308,7,2024-11-02,4,22084,Credit Card,Returned
3435,190,42,2024-09-27,4,29957,COD,Returned
3436,183,28,2024-01-09,3,15931,Credit Card,Returned
3437,544,21,2024-03-02,3,31908,COD,Cancelled
3438,136,46,2024-11-10,4,18012,Credit Card,Delivered
3439,284,4,2024-02-25,3,32440,UPI,Cancelled
3440,226,20,2024-03-17,2,30085,Credit Card,Delivered
3441,220,2,2024-03-12,5,43789,Wallet,Delivered
3442,64,31,2024-12-24,5,47226,Credit Card,Cancelled
3443,807,34,2024-03-16,3,36667,UPI,Delivered
3444,296,10,2024-02-10,1,21670,Credit Card,Cancelled
3445,603,2,2024-01-15,2,38508,Credit Card,Returned
3446,776,48,2024-10-21,5,26909,Credit Card,Cancelled
3447,501,30,2024-03-11,5,27551,Wallet,Returned
3448,105,25,2024-06-28,2,41501,Wallet,Cancelled
3449,178,38,2024-03-06,5,19009,Credit Card,Delivered
3450,232,15,2024-08-10,5,46812,COD,Returned
3451,142,33,2024-06-01,5,14456,COD,Returned
3452,437,29,2024-12-18,3,15261,UPI,Delivered
3453,388,30,2024-08-26,4,23450,COD,Delivered
3454,469,7,2024-10-21,1,48976,UPI,Returned
3455,33,31,2024-04-11,3,6089,COD,Delivered
3456,885,5,2024-07-26,1,49726,UPI,Returned
3457,313,49,2024-03-28,2,30896,Credit Card,Returned
3458,389,35,2024-07-12,5,24019,COD,Delivered
3459,17,13,2024-05-03,1,39940,Credit Card,Cancelled
3460,993,6,2024-04-17,4,49044,UPI,Cancelled
3461,499,16,2024-09-18,2,26458,COD,Returned
3462,875,5,2024-02-11,4,32039,Credit Card,Returned
3463,350,26,2024-01-28,2,23331,Wallet,Cancelled
3464,455,20,2024-09-26,2,16540,UPI,Delivered
3465,613,14,2024-08-29,1,23748,Wallet,Cancelled
3466,473,35,2024-10-11,1,10184,Wallet,Returned
3467,675,32,2024-02-27,1,43713,UPI,Cancelled
3468,632,18,2024-04-20,4,49554,Wallet,Delivered
3469,390,32,2024-03-19,4,5442,UPI,Cancelled
3470,966,37,2024-10-17,4,33304,COD,Returned
3471,792,9,2024-08-08,1,40019,Wallet,Cancelled
3472,382,16,2024-08-09,1,36015,Wallet,Cancelled
3473,723,22,2024-12-13,3,23902,UPI,Returned
3474,933,4,2024-06-01,4,7982,UPI,Delivered
3475,303,21,2024-11-16,3,11089,COD,Cancelled
3476,421,15,2024-08-15,1,7623,UPI,Returned
3477,871,11,2024-04-20,3,19447,Credit Card,Cancelled
3478,274,20,2024-03-18,5,23528,UPI,Returned
3479,986,27,2024-09-01,5,20327,Wallet,Returned
3480,701,37,2024-09-27,1,39070,Wallet,Cancelled
3481,161,42,2024-12-06,3,32597,COD,Delivered
3482,551,19,2024-08-03,1,39418,COD,Returned
3483,525,8,2024-06-08,2,10728,COD,Returned
3484,766,25,2024-01-20,3,3917,Wallet,Delivered
3485,123,34,2024-07-29,5,7123,COD,Returned
3486,800,2,2024-08-25,1,26547,COD,Delivered
3487,814,2,2024-11-11,3,8796,COD,Delivered
3488,533,20,2024-04-08,1,22551,COD,Returned
3489,768,14,2024-06-27,3,16785,Credit Card,Delivered
3490,956,31,2024-05-12,2,12379,Wallet,Delivered
3491,94,27,2024-11-09,3,24139,Wallet,Returned
3492,228,35,2024-04-07,1,31306,COD,Returned
3493,430,24,2024-08-25,1,4307,UPI,Cancelled
3494,295,1,2024-08-23,4,17126,Credit Card,Returned
3495,527,15,2024-06-12,5,37112,UPI,Delivered
3496,931,20,2024-07-03,1,20489,Credit Card,Delivered
3497,695,40,2024-12-29,5,26583,COD,Returned
3498,743,35,2024-01-18,4,40539,Credit Card,Returned
3499,650,19,2024-02-04,5,40592,Wallet,Returned
3500,527,11,2024-10-22,2,38415,Credit Card,Delivered
3501,425,35,2024-06-23,3,39102,Wallet,Returned
3502,983,34,2024-03-13,2,23372,COD,Delivered
3503,180,19,2024-05-07,1,34182,COD,Delivered
3504,750,6,2024-10-02,5,44909,COD,Cancelled
3505,484,25,2024-02-05,1,12343,Credit Card,Cancelled
3506,306,14,2024-03-12,2,6906,Wallet,Delivered
3507,625,3,2024-12-28,3,37020,COD,Returned
3508,404,32,2024-12-01,1,26875,COD,Returned
3509,648,46,2024-09-01,4,46990,UPI,Returned
3510,525,3,2024-07-16,3,3687,Wallet,Cancelled
3511,357,21,2024-09-08,2,3312,COD,Delivered
3512,702,5,2024-12-06,3,5185,Wallet,Returned
3513,255,10,2024-01-07,5,13333,UPI,Returned
3514,295,13,2024-06-25,4,19098,COD,Delivered
3515,927,8,2024-04-23,4,29870,Wallet,Delivered
3516,635,22,2024-07-12,1,34762,Credit Card,Cancelled
3517,914,47,2024-11-05,3,2417,Wallet,Returned
3518,151,3,2024-01-17,3,5475,Credit Card,Delivered
3519,384,19,2024-06-17,3,20564,UPI,Returned
3520,134,10,2024-09-10,5,37633,Credit Card,Delivered
3521,519,15,2024-04-03,1,42400,Wallet,Returned
3522,264,30,2024-12-25,1,47736,Wallet,Returned
3523,860,4,2024-04-29,5,12988,Wallet,Delivered
3524,410,17,2024-01-02,5,31000,Credit Card,Returned
3525,72,28,2024-05-02,5,46953,UPI,Delivered
3526,114,48,2024-09-19,1,46410,Wallet,Returned
3527,934,36,2024-04-04,4,21638,COD,Cancelled
3528,324,42,2024-02-02,5,25626,Credit Card,Delivered
3529,340,38,2024-09-03,3,30402,Credit Card,Cancelled
3530,858,1,2024-05-21,2,45411,UPI,Returned
3531,743,7,2024-06-10,5,40619,UPI,Delivered
3532,26,47,2024-10-24,2,30771,UPI,Cancelled
3533,176,41,2024-08-16,2,47769,COD,Delivered
3534,774,45,2024-12-22,3,32570,UPI,Cancelled
3535,618,21,2024-07-31,5,6002,Wallet,Delivered
3536,614,42,2024-04-05,5,17445,Wallet,Returned
3537,431,44,2024-10-01,2,42837,Wallet,Cancelled
3538,571,38,2024-03-06,1,48753,Credit Card,Returned
3539,880,5,2024-10-27,4,42002,COD,Cancelled
3540,12,8,2024-11-25,3,19441,UPI,Cancelled
3541,774,8,2024-12-09,4,20999,Credit Card,Cancelled
3542,481,48,2024-10-08,4,7827,UPI,Returned
3543,593,20,2024-12-06,1,6895,UPI,Delivered
3544,24,16,2024-01-13,3,40792,Credit Card,Returned
3545,639,6,2024-10-01,1,29353,Wallet,Cancelled
3546,200,5,2024-06-26,5,6113,COD,Cancelled
3547,143,33,2024-05-17,1,13235,Credit Card,Cancelled
3548,711,18,2024-01-31,4,31562,COD,Returned
3549,214,41,2024-03-01,5,22971,COD,Returned
3550,640,50,2024-08-22,5,38244,COD,Cancelled
3551,399,49,2024-09-18,5,6841,Wallet,Delivered
3552,272,24,2024-03-30,4,48334,UPI,Returned
3553,219,34,2024-06-11,2,18101,Credit Card,Returned
3554,290,45,2024-04-02,3,8727,Wallet,Delivered
3555,121,34,2024-05-22,5,18895,Wallet,Returned
3556,714,36,2024-07-28,3,10510,Credit Card,Returned
3557,518,50,2024-04-25,4,9739,COD,Delivered
3558,976,38,2024-01-08,5,12705,COD,Returned
3559,658,44,2024-09-23,3,2933,COD,Cancelled
3560,354,28,2024-11-22,4,4410,UPI,Cancelled
3561,544,10,2024-12-24,4,769,Wallet,Delivered
3562,222,45,2024-10-01,2,23334,Wallet,Delivered
3563,759,43,2024-10-18,3,27615,COD,Returned
3564,868,5,2024-07-15,4,20738,Credit Card,Returned
3565,867,41,2024-09-25,5,25822,Wallet,Returned
3566,921,4,2024-11-05,5,11828,Credit Card,Returned
3567,35,10,2024-04-29,3,41264,Credit Card,Cancelled
3568,946,34,2024-07-29,3,43971,UPI,Cancelled
3569,872,16,2024-09-09,3,6990,UPI,Cancelled
3570,126,39,2024-04-25,2,47342,COD,Delivered
3571,713,31,2024-04-28,2,23230,Wallet,Delivered
3572,850,21,2024-03-17,4,22737,COD,Returned
3573,660,1,2024-10-08,5,22374,COD,Cancelled
3574,207,3,2024-08-13,2,5180,UPI,Returned
3575,1,37,2024-11-02,2,47003,Wallet,Delivered
3576,619,41,2024-10-04,2,20832,COD,Delivered
3577,296,35,2024-11-23,1,33340,Wallet,Delivered
3578,632,13,2024-09-11,4,45408,UPI,Returned
3579,77,17,2024-04-28,2,26170,COD,Cancelled
3580,589,21,2024-03-16,2,2134,Credit Card,Cancelled
3581,210,44,2024-03-11,1,33587,UPI,Returned
3582,662,25,2024-01-20,2,20675,COD,Returned
3583,191,44,2024-07-19,3,6538,COD,Cancelled
3584,437,29,2024-12-30,3,1680,Credit Card,Returned
3585,40,2,2024-01-18,3,42752,COD,Cancelled
3586,81,27,2024-09-07,3,13028,Wallet,Cancelled
3587,589,44,2024-09-20,5,10339,UPI,Cancelled
3588,60,36,2024-05-02,4,39473,UPI,Cancelled
3589,570,9,2024-03-12,2,2595,Wallet,Cancelled
3590,552,44,2024-07-23,4,32826,UPI,Cancelled
3591,31,49,2024-11-24,5,45074,Wallet,Delivered
3592,441,48,2024-02-23,3,39737,COD,Returned
3593,149,27,2024-05-23,5,7348,Wallet,Delivered
3594,496,4,2024-10-05,1,4703,Credit Card,Cancelled
3595,113,10,2024-07-13,4,10713,Credit Card,Returned
3596,955,33,2024-10-12,4,40704,Credit Card,Cancelled
3597,226,45,2024-12-12,3,13955,COD,Cancelled
3598,340,26,2024-06-24,4,20355,COD,Delivered
3599,419,17,2024-08-09,5,46062,COD,Delivered
3600,250,21,2024-01-21,1,26487,COD,Returned
3601,109,49,2024-09-28,5,9805,UPI,Returned
3602,509,40,2024-01-15,5,3956,COD,Cancelled
3603,877,13,2024-06-07,3,15802,UPI,Delivered
3604,845,35,2024-02-08,4,5563,COD,Cancelled
3605,91,11,2024-03-22,1,1464,COD,Cancelled
3606,315,6,2024-07-29,4,24063,COD,Cancelled
3607,118,49,2024-03-03,4,9681,COD,Returned
3608,424,1,2024-03-22,2,22170,COD,Delivered
3609,448,12,2024-06-29,5,27854,UPI,Returned
3610,212,27,2024-02-07,5,3064,Wallet,Cancelled
3611,402,3,2024-09-21,3,29663,UPI,Delivered
3612,508,42,2024-11-20,5,40734,COD,Cancelled
3613,495,11,2024-08-25,2,25462,COD,Cancelled
3614,143,42,2024-06-24,1,48004,Wallet,Cancelled
3615,741,27,2024-01-30,2,21141,Wallet,Returned
3616,404,22,2024-08-01,5,49500,Wallet,Cancelled
3617,822,43,2024-04-20,5,32207,COD,Cancelled
3618,365,8,2024-11-07,4,4086,COD,Cancelled
3619,671,8,2024-04-27,5,27203,UPI,Cancelled
3620,8,6,2024-06-20,3,1978,COD,Delivered
3621,855,12,2024-04-05,5,25650,UPI,Delivered
3622,691,23,2024-01-26,4,18724,COD,Returned
3623,521,43,2024-07-13,1,43755,UPI,Returned
3624,266,8,2024-11-12,2,34469,Wallet,Delivered
3625,417,19,2024-04-19,1,18393,Credit Card,Delivered
3626,265,21,2024-02-24,4,4998,COD,Delivered
3627,245,45,2024-01-24,3,10928,Wallet,Cancelled
3628,560,4,2024-09-23,3,23997,UPI,Returned
3629,166,29,2024-01-10,4,33269,Credit Card,Returned
3630,452,5,2024-08-22,3,5848,Wallet,Delivered
3631,92,39,2024-09-06,3,47032,COD,Returned
3632,50,47,2024-08-07,3,49240,Wallet,Cancelled
3633,409,30,2024-03-24,3,7663,COD,Returned
3634,735,32,2024-06-25,4,26148,Wallet,Delivered
3635,67,10,2024-03-08,5,16586,COD,Cancelled
3636,532,28,2024-08-06,2,21865,UPI,Cancelled
3637,798,22,2024-10-12,5,29841,UPI,Delivered
3638,324,11,2024-05-07,3,21861,Credit Card,Returned
3639,608,32,2024-12-24,5,15737,COD,Returned
3640,848,34,2024-10-15,3,13930,COD,Returned
3641,976,36,2024-01-15,5,29759,UPI,Cancelled
3642,363,29,2024-06-18,5,24236,Credit Card,Delivered
3643,390,19,2024-01-27,3,22784,COD,Cancelled
3644,290,22,2024-04-13,1,41129,UPI,Delivered
3645,602,42,2024-01-04,2,20724,COD,Returned
3646,298,18,2024-05-06,3,38606,Credit Card,Returned
3647,535,35,2024-06-22,5,16670,UPI,Delivered
3648,221,38,2024-02-07,1,25412,UPI,Delivered
3649,919,22,2024-05-28,5,29376,Wallet,Cancelled
3650,262,19,2024-06-05,4,41466,UPI,Delivered
3651,925,13,2024-07-09,1,47873,UPI,Cancelled
3652,693,17,2024-10-22,4,4625,Wallet,Delivered
3653,830,38,2024-01-16,1,48583,COD,Returned
3654,826,10,2024-06-09,5,12772,COD,Delivered
3655,29,13,2024-04-04,4,7576,UPI,Delivered
3656,530,47,2024-02-02,4,41348,Credit Card,Returned
3657,148,27,2024-10-23,3,45047,Credit Card,Returned
3658,996,36,2024-11-02,2,18912,UPI,Returned
3659,748,41,2024-10-04,1,20380,COD,Cancelled
3660,261,16,2024-07-05,4,28199,COD,Returned
3661,765,43,2024-05-05,5,22317,Wallet,Delivered
3662,243,18,2024-07-15,3,1819,COD,Returned
3663,277,49,2024-01-09,1,10979,COD,Cancelled
3664,195,44,2024-09-13,2,14604,Credit Card,Cancelled
3665,533,39,2024-07-26,3,44176,COD,Delivered
3666,285,4,2024-11-12,4,35775,COD,Returned
3667,247,12,2024-12-22,5,37762,Wallet,Cancelled
3668,644,22,2024-09-25,4,41862,Credit Card,Cancelled
3669,628,35,2024-07-22,3,35400,Credit Card,Returned
3670,773,22,2024-06-24,1,41010,Credit Card,Returned
3671,404,39,2024-04-08,3,1732,Wallet,Delivered
3672,910,39,2024-09-07,2,25548,Wallet,Cancelled
3673,634,18,2024-03-03,1,4311,UPI,Delivered
3674,362,41,2024-07-22,4,5448,Wallet,Returned
3675,860,6,2024-01-15,1,11759,COD,Delivered
3676,398,45,2024-03-13,5,23349,UPI,Cancelled
3677,926,20,2024-06-07,1,13755,UPI,Cancelled
3678,820,13,2024-04-11,3,27891,Credit Card,Returned
3679,600,24,2024-11-17,4,40861,Wallet,Cancelled
3680,183,36,2024-04-04,1,17561,Wallet,Cancelled
3681,308,4,2024-03-28,2,28277,COD,Returned
3682,866,41,2024-03-23,4,36196,Credit Card,Cancelled
3683,388,37,2024-06-23,5,1302,COD,Delivered
3684,182,36,2024-07-01,1,37431,Credit Card,Delivered
3685,173,49,2024-04-25,3,10369,COD,Cancelled
3686,990,30,2024-11-05,5,1534,Wallet,Cancelled
3687,240,6,2024-06-01,1,14698,Wallet,Returned
3688,95,28,2024-06-26,3,25898,COD,Returned
3689,50,25,2024-11-22,1,19491,Credit Card,Delivered
3690,610,34,2024-06-25,4,32954,UPI,Delivered
3691,830,44,2024-05-03,5,46228,Wallet,Cancelled
3692,975,25,2024-07-28,1,19860,COD,Returned
3693,660,28,2024-02-20,3,21619,UPI,Cancelled
3694,299,23,2024-05-24,5,32784,UPI,Returned
3695,140,50,2024-09-08,5,17612,COD,Cancelled
3696,115,9,2024-04-12,1,49829,COD,Returned
3697,700,34,2024-06-27,1,7371,Wallet,Cancelled
3698,605,41,2024-05-06,3,5661,Credit Card,Returned
3699,539,43,2024-02-15,5,25182,Credit Card,Cancelled
3700,262,38,2024-02-06,5,38054,Wallet,Returned
3701,91,5,2024-06-19,5,46179,COD,Cancelled
3702,20,31,2024-03-29,3,41277,COD,Cancelled
3703,467,18,2024-06-03,2,43462,Credit Card,Delivered
3704,449,19,2024-05-08,2,38966,COD,Delivered
3705,818,21,2024-05-23,1,11490,COD,Returned
3706,885,45,2024-11-12,2,41834,Wallet,Returned
3707,101,48,2024-07-09,2,15795,Wallet,Delivered
3708,1,39,2024-06-16,4,9527,Credit Card,Returned
3709,64,26,2024-01-03,5,35512,COD,Cancelled
3710,41,17,2024-07-22,1,33667,UPI,Returned
3711,681,48,2024-06-18,4,1643,COD,Returned
3712,727,15,2024-04-28,4,25860,Credit Card,Cancelled
3713,964,11,2024-05-28,1,29232,Wallet,Returned
3714,771,35,2024-05-23,1,9747,Credit Card,Delivered
3715,325,46,2024-10-15,2,3582,Credit Card,Delivered
3716,349,28,2024-10-26,2,15621,Wallet,Cancelled
3717,275,21,2024-01-31,2,38640,Credit Card,Returned
3718,483,21,2024-08-07,3,11108,COD,Delivered
3719,312,37,2024-11-06,4,5139,Credit Card,Cancelled
3720,258,26,2024-11-25,4,6783,COD,Returned
3721,629,11,2024-04-30,5,18386,COD,Cancelled
3722,158,13,2024-08-17,3,36373,UPI,Returned
3723,20,33,2024-06-12,3,21766,Credit Card,Returned
3724,861,38,2024-10-20,3,44529,Wallet,Returned
3725,714,26,2024-04-19,3,25091,Credit Card,Delivered
3726,8,21,2024-11-18,3,41169,Wallet,Cancelled
3727,143,26,2024-05-27,3,10772,Wallet,Cancelled
3728,258,4,2024-04-17,1,2967,Credit Card,Delivered
3729,131,36,2024-04-15,4,43718,Wallet,Cancelled
3730,911,47,2024-01-07,3,778,UPI,Returned
3731,223,44,2024-10-04,3,20521,COD,Returned
3732,366,1,2024-08-05,1,12659,Credit Card,Returned
3733,622,13,2024-06-09,5,30718,COD,Delivered
3734,406,15,2024-11-07,2,12188,Credit Card,Cancelled
3735,649,28,2024-04-26,2,9204,COD,Cancelled
3736,531,45,2024-10-16,1,23075,COD,Cancelled
3737,267,26,2024-07-03,4,22279,COD,Delivered
3738,958,2,2024-09-06,4,48368,COD,Returned
3739,111,20,2024-12-11,3,32525,UPI,Returned
3740,994,22,2024-12-02,4,36210,Credit Card,Returned
3741,489,46,2024-11-24,3,7412,Wallet,Delivered
3742,903,37,2024-06-08,5,27752,Credit Card,Delivered
3743,661,27,2024-10-24,4,14036,COD,Returned
3744,341,24,2024-06-07,1,19437,Credit Card,Cancelled
3745,557,37,2024-12-24,3,8717,Wallet,Cancelled
3746,177,46,2024-10-30,4,19642,COD,Delivered
3747,280,4,2024-12-18,4,6285,COD,Cancelled
3748,988,20,2024-12-18,1,36060,UPI,Delivered
3749,335,19,2024-12-14,4,49483,Credit Card,Delivered
3750,441,49,2024-06-06,2,48358,COD,Cancelled
3751,728,16,2024-07-17,5,8645,Wallet,Returned
3752,804,34,2024-10-09,2,22377,UPI,Returned
3753,716,4,2024-10-27,5,33420,Wallet,Cancelled
3754,308,32,2024-12-20,2,21139,Credit Card,Cancelled
3755,217,36,2024-08-16,4,40471,COD,Returned
3756,193,47,2024-10-20,3,29901,Wallet,Returned
3757,599,20,2024-06-22,2,14896,Credit Card,Cancelled
3758,501,31,2024-12-12,2,29619,Wallet,Returned
3759,395,29,2024-02-09,3,36677,Wallet,Delivered
3760,93,35,2024-12-22,3,27638,UPI,Delivered
3761,800,40,2024-11-01,4,27077,Credit Card,Delivered
3762,331,46,2024-11-17,3,36823,Wallet,Cancelled
3763,173,24,2024-03-28,5,25146,UPI,Returned
3764,758,44,2024-06-20,1,35423,Credit Card,Cancelled
3765,517,41,2024-06-13,1,44340,COD,Returned
3766,937,43,2024-01-01,3,25406,Wallet,Delivered
3767,766,38,2024-11-27,3,11710,COD,Delivered
3768,350,34,2024-07-26,5,35924,Credit Card,Delivered
3769,472,13,2024-09-25,1,44665,Credit Card,Cancelled
3770,94,42,2024-12-02,4,38452,COD,Cancelled
3771,63,6,2024-12-03,1,14234,UPI,Returned
3772,511,10,2024-03-06,3,24580,Credit Card,Delivered
3773,810,34,2024-06-22,2,41808,Wallet,Returned
3774,736,39,2024-12-13,2,9621,COD,Delivered
3775,759,32,2024-04-01,3,1894,COD,Returned
3776,880,27,2024-10-29,4,6340,Wallet,Returned
3777,57,18,2024-07-06,5,46055,Credit Card,Returned
3778,231,50,2024-11-23,5,16936,COD,Delivered
3779,405,16,2024-11-17,1,15142,Wallet,Delivered
3780,596,10,2024-08-25,1,3989,UPI,Delivered
3781,521,11,2024-05-16,3,13882,Credit Card,Cancelled
3782,998,17,2024-11-17,2,18809,UPI,Delivered
3783,205,2,2024-04-26,4,27075,Wallet,Returned
3784,663,6,2024-09-08,5,43710,Wallet,Returned
3785,114,40,2024-06-12,4,6600,Credit Card,Cancelled
3786,189,36,2024-10-15,1,4708,UPI,Delivered
3787,582,28,2024-09-01,5,26334,UPI,Delivered
3788,894,10,2024-05-12,3,9835,COD,Returned
3789,653,36,2024-07-20,1,16998,UPI,Delivered
3790,796,35,2024-02-10,4,3789,Wallet,Returned
3791,390,49,2024-06-25,2,2478,UPI,Cancelled
3792,168,36,2024-10-31,3,24729,Wallet,Delivered
3793,600,10,2024-12-08,1,12584,Wallet,Cancelled
3794,996,45,2024-04-02,1,21105,Credit Card,Delivered
3795,673,11,2024-09-29,5,22223,Credit Card,Cancelled
3796,147,41,2024-02-20,1,27921,Wallet,Delivered
3797,675,16,2024-04-29,4,24756,COD,Cancelled
3798,471,3,2024-02-18,5,20657,UPI,Delivered
3799,675,24,2024-08-14,4,29304,Wallet,Cancelled
3800,260,49,2024-12-01,3,27356,COD,Returned
3801,965,22,2024-11-01,3,41106,UPI,Delivered
3802,220,12,2024-12-27,5,34586,Credit Card,Returned
3803,41,38,2024-08-14,1,13012,COD,Delivered
3804,391,18,2024-03-24,4,43057,Credit Card,Delivered
3805,833,50,2024-06-17,2,42899,COD,Delivered
3806,598,36,2024-11-06,1,14252,Credit Card,Returned
3807,318,13,2024-02-22,5,30701,Wallet,Cancelled
3808,290,7,2024-12-29,2,44780,Wallet,Returned
3809,625,39,2024-02-16,3,6503,Wallet,Returned
3810,29,45,2024-01-29,3,17178,Wallet,Cancelled
3811,561,29,2024-02-02,2,24925,UPI,Delivered
3812,66,41,2024-04-09,3,1093,UPI,Returned
3813,821,4,2024-11-20,4,40627,COD,Delivered
3814,48,17,2024-03-06,3,32379,Credit Card,Cancelled
3815,990,18,2024-12-03,4,47364,COD,Cancelled
3816,273,38,2024-11-02,5,2478,COD,Returned
3817,581,26,2024-05-25,5,49445,UPI,Returned
3818,667,8,2024-06-19,5,21351,COD,Returned
3819,70,20,2024-11-21,2,29371,COD,Returned
3820,385,40,2024-12-28,5,6676,UPI,Delivered
3821,99,19,2024-10-05,1,11278,COD,Cancelled
3822,581,24,2024-05-20,3,20235,Credit Card,Cancelled
3823,105,7,2024-12-14,3,20285,Credit Card,Delivered
3824,266,46,2024-03-24,2,16998,UPI,Delivered
3825,11,46,2024-10-23,4,34545,Credit Card,Returned
3826,730,44,2024-12-14,2,33575,UPI,Returned
3827,221,50,2024-04-19,2,39215,UPI,Returned
3828,279,3,2024-08-13,4,18760,UPI,Returned
3829,240,50,2024-11-30,5,42872,Wallet,Returned
3830,373,1,2024-04-07,4,13129,UPI,Cancelled
3831,822,2,2024-09-23,3,18725,UPI,Delivered
3832,441,35,2024-11-28,4,27184,UPI,Returned
3833,321,14,2024-12-07,3,15981,UPI,Cancelled
3834,235,39,2024-08-23,4,34583,Wallet,Cancelled
3835,565,25,2024-05-13,2,47730,Wallet,Cancelled
3836,65,35,2024-03-31,1,25739,Wallet,Returned
3837,680,36,2024-09-01,5,43467,Wallet,Delivered
3838,538,33,2024-03-18,4,24036,Credit Card,Delivered
3839,703,20,2024-10-10,3,27158,UPI,Cancelled
3840,804,43,2024-10-24,4,35263,UPI,Cancelled
3841,134,19,2024-01-03,4,32327,UPI,Delivered
3842,372,17,2024-01-06,1,15867,Credit Card,Returned
3843,456,42,2024-05-03,1,7276,Wallet,Cancelled
3844,642,6,2024-11-05,2,30092,UPI,Cancelled
3845,825,42,2024-05-17,1,14780,Credit Card,Cancelled
3846,617,4,2024-07-23,5,31293,COD,Delivered
3847,872,40,2024-04-11,4,42922,Credit Card,Cancelled
3848,760,40,2024-09-10,2,11992,Credit Card,Returned
3849,187,35,2024-07-05,5,45589,UPI,Cancelled
3850,608,3,2024-04-02,3,43963,COD,Returned
3851,870,31,2024-10-18,3,15296,COD,Returned
3852,568,1,2024-04-13,5,29303,COD,Returned
3853,672,1,2024-12-16,2,5375,Credit Card,Returned
3854,742,36,2024-10-08,3,13710,COD,Returned
3855,369,28,2024-11-18,5,7856,Wallet,Cancelled
3856,269,32,2024-09-02,3,30783,COD,Returned
3857,649,11,2024-06-13,4,43227,Credit Card,Delivered
3858,744,15,2024-10-02,1,39834,COD,Returned
3859,979,12,2024-10-01,2,40523,Wallet,Delivered
3860,476,42,2024-09-08,5,32900,COD,Cancelled
3861,491,43,2024-04-10,2,44426,Wallet,Cancelled
3862,105,27,2024-09-04,3,24863,COD,Returned
3863,956,48,2024-12-06,4,26425,UPI,Delivered
3864,601,33,2024-06-12,3,24242,Credit Card,Returned
3865,926,14,2024-01-02,4,28773,UPI,Delivered
3866,434,6,2024-12-10,2,31147,Wallet,Returned
3867,765,48,2024-10-08,5,12287,COD,Delivered
3868,194,49,2024-12-13,5,21646,UPI,Delivered
3869,82,17,2024-12-31,2,9800,COD,Cancelled
3870,14,24,2024-07-20,2,11563,COD,Delivered
3871,532,5,2024-05-17,2,16990,COD,Returned
3872,471,14,2024-03-05,5,29455,UPI,Cancelled
3873,518,14,2024-02-02,4,28845,COD,Returned
3874,884,49,2024-02-16,4,11607,COD,Cancelled
3875,917,28,2024-08-20,1,26900,COD,Returned
3876,690,19,2024-05-01,2,12322,Credit Card,Delivered
3877,921,16,2024-07-09,4,44181,Wallet,Cancelled
3878,785,50,2024-08-14,3,16660,UPI,Returned
3879,899,8,2024-10-31,5,36256,UPI,Delivered
3880,300,38,2024-06-30,5,5810,Wallet,Delivered
3881,86,50,2024-11-17,1,25519,Wallet,Delivered
3882,310,47,2024-02-17,4,2377,Wallet,Cancelled
3883,436,48,2024-05-25,4,43422,Wallet,Delivered
3884,37,49,2024-02-24,4,6913,COD,Delivered
3885,185,14,2024-06-29,2,13838,Wallet,Returned
3886,663,32,2024-08-23,4,10698,Wallet,Delivered
3887,413,4,2024-03-23,2,26180,Wallet,Cancelled
3888,122,42,2024-09-01,1,9949,UPI,Cancelled
3889,640,28,2024-12-12,1,43631,Wallet,Delivered
3890,224,20,2024-03-27,4,578,UPI,Delivered
3891,878,24,2024-09-26,3,30390,Wallet,Delivered
3892,939,9,2024-11-24,2,33749,Credit Card,Cancelled
3893,287,33,2024-08-21,2,47118,COD,Cancelled
3894,636,30,2024-09-02,5,11005,Wallet,Cancelled
3895,89,5,2024-04-10,1,7863,Credit Card,Cancelled
3896,128,21,2024-12-18,4,33233,Wallet,Returned
3897,472,24,2024-08-05,2,29250,Credit Card,Cancelled
3898,849,41,2024-04-01,4,37891,Wallet,Returned
3899,143,11,2024-12-13,1,2427,UPI,Cancelled
3900,113,26,2024-03-12,1,20414,Wallet,Cancelled
3901,213,31,2024-05-09,1,28764,Credit Card,Delivered
3902,689,32,2024-06-24,4,17158,UPI,Delivered
3903,951,46,2024-08-24,3,10802,Credit Card,Delivered
3904,47,20,2024-08-23,4,1168,UPI,Returned
3905,306,45,2024-06-07,1,6567,COD,Cancelled
3906,111,36,2024-07-28,4,40434,Credit Card,Returned
3907,211,19,2024-02-03,1,38772,Wallet,Returned
3908,387,38,2024-02-20,3,46138,Credit Card,Cancelled
3909,697,45,2024-11-20,5,32703,COD,Delivered
3910,904,1,2024-01-18,2,10354,COD,Delivered
3911,671,34,2024-03-21,3,22275,Wallet,Returned
3912,566,49,2024-11-08,3,44295,Wallet,Returned
3913,224,36,2024-07-07,3,22222,UPI,Returned
3914,343,36,2024-08-04,1,2848,Wallet,Returned
3915,322,33,2024-04-08,1,20712,UPI,Delivered
3916,164,7,2024-07-12,5,14790,Credit Card,Returned
3917,36,44,2024-03-03,4,27887,UPI,Returned
3918,656,31,2024-05-02,5,37037,COD,Returned
3919,649,12,2024-01-26,1,17189,COD,Returned
3920,622,40,2024-04-19,1,48410,Credit Card,Delivered
3921,100,20,2024-08-07,4,3610,Credit Card,Cancelled
3922,188,10,2024-03-06,4,34095,Wallet,Delivered
3923,333,36,2024-01-01,4,823,Credit Card,Cancelled
3924,129,21,2024-05-27,2,32537,COD,Delivered
3925,29,3,2024-11-24,5,20870,UPI,Delivered
3926,184,37,2024-09-01,4,12328,Wallet,Cancelled
3927,468,23,2024-03-12,2,35682,UPI,Delivered
3928,35,38,2024-03-06,3,22108,COD,Cancelled
3929,671,11,2024-05-07,2,2774,COD,Delivered
3930,450,35,2024-02-12,4,42176,Wallet,Cancelled
3931,369,13,2024-03-21,4,23854,Credit Card,Cancelled
3932,175,7,2024-11-14,1,35235,UPI,Cancelled
3933,49,12,2024-08-06,1,30971,Wallet,Returned
3934,597,8,2024-03-25,2,22158,COD,Delivered
3935,334,5,2024-05-17,2,24593,UPI,Delivered
3936,995,5,2024-09-19,1,27259,UPI,Returned
3937,392,3,2024-11-30,2,34949,Credit Card,Cancelled
3938,747,42,2024-08-05,3,14682,COD,Cancelled
3939,547,22,2024-09-25,2,34160,COD,Cancelled
3940,475,17,2024-09-01,3,21386,COD,Cancelled
3941,684,36,2024-03-23,2,40673,UPI,Returned
3942,846,48,2024-09-27,5,45748,Credit Card,Delivered
3943,804,9,2024-07-22,1,34871,UPI,Delivered
3944,29,20,2024-11-11,4,17590,Credit Card,Cancelled
3945,9,25,2024-02-02,5,25157,Wallet,Cancelled
3946,562,31,2024-06-12,3,15380,Wallet,Delivered
3947,475,37,2024-04-28,3,39880,COD,Returned
3948,642,10,2024-06-09,1,49602,Wallet,Cancelled
3949,764,40,2024-08-24,3,38264,Wallet,Returned
3950,903,31,2024-09-08,4,48774,Wallet,Returned
3951,882,25,2024-01-06,2,42442,Credit Card,Delivered
3952,305,31,2024-11-29,3,40304,Wallet,Returned
3953,144,10,2024-03-26,5,3681,Wallet,Delivered
3954,350,27,2024-08-13,3,13490,UPI,Delivered
3955,851,3,2024-04-09,2,44114,Wallet,Returned
3956,388,2,2024-08-10,4,46560,Credit Card,Cancelled
3957,360,31,2024-03-22,2,4025,UPI,Returned
3958,964,18,2024-11-10,4,42306,Credit Card,Cancelled
3959,150,14,2024-11-12,4,10644,COD,Returned
3960,953,35,2024-12-29,3,14225,Wallet,Delivered
3961,840,37,2024-12-30,5,542,UPI,Returned
3962,602,46,2024-12-09,3,26742,UPI,Cancelled
3963,227,5,2024-05-27,1,18843,Wallet,Delivered
3964,844,17,2024-07-05,5,22112,COD,Returned
3965,127,38,2024-08-22,5,18266,Wallet,Cancelled
3966,518,8,2024-11-21,1,10458,Credit Card,Cancelled
3967,397,44,2024-02-09,2,31162,Wallet,Returned
3968,544,38,2024-08-12,2,15376,UPI,Returned
3969,123,26,2024-10-10,3,25700,Wallet,Delivered
3970,480,12,2024-05-24,3,40426,COD,Returned
3971,326,47,2024-08-22,5,47293,Credit Card,Delivered
3972,499,4,2024-08-23,4,17567,UPI,Returned
3973,3,9,2024-05-06,1,17179,Wallet,Returned
3974,943,46,2024-01-08,3,19505,Wallet,Delivered
3975,857,36,2024-11-20,2,31007,Wallet,Delivered
3976,500,14,2024-04-13,2,14085,UPI,Returned
3977,247,40,2024-02-07,3,6750,Credit Card,Cancelled
3978,591,40,2024-07-17,5,19516,UPI,Delivered
3979,98,47,2024-12-20,1,28882,UPI,Returned
3980,266,42,2024-01-30,1,25761,COD,Returned
3981,483,24,2024-11-26,3,4003,COD,Returned
3982,443,5,2024-12-05,3,20557,UPI,Cancelled
3983,823,29,2024-06-16,5,14457,Wallet,Cancelled
3984,35,36,2024-05-29,5,44923,COD,Returned
3985,888,36,2024-02-14,1,15385,COD,Cancelled
3986,965,25,2024-10-24,2,34803,UPI,Delivered
3987,82,10,2024-10-24,3,39112,Wallet,Returned
3988,847,29,2024-01-16,5,27492,COD,Cancelled
3989,726,2,2024-11-17,2,17138,Credit Card,Returned
3990,708,9,2024-01-19,5,12815,Credit Card,Returned
3991,636,33,2024-09-16,4,33580,COD,Cancelled
3992,145,18,2024-04-22,3,47155,Wallet,Delivered
3993,816,43,2024-05-02,3,4701,COD,Returned
3994,109,37,2024-01-20,5,26936,UPI,Returned
3995,44,12,2024-10-09,4,37240,Credit Card,Returned
3996,340,40,2024-02-29,4,35605,COD,Returned
3997,191,17,2024-04-05,3,17659,Wallet,Delivered
3998,466,3,2024-01-04,5,2019,UPI,Cancelled
3999,746,8,2024-10-11,2,44496,Wallet,Cancelled
4000,604,33,2024-12-29,2,20848,Wallet,Delivered
4001,807,49,2024-09-16,4,33634,UPI,Cancelled
4002,293,23,2024-06-19,4,36274,Credit Card,Cancelled
4003,113,29,2024-02-16,4,31462,Credit Card,Returned
4004,730,42,2024-01-29,5,49464,Wallet,Returned
4005,799,15,2024-06-16,2,15234,Wallet,Delivered
4006,422,36,2024-04-25,4,43889,Wallet,Delivered
4007,715,12,2024-08-11,5,42559,UPI,Returned
4008,705,35,2024-01-20,5,47859,Credit Card,Returned
4009,279,8,2024-12-04,3,12411,Wallet,Returned
4010,806,22,2024-08-22,4,23021,Credit Card,Delivered
4011,916,11,2024-11-19,1,40658,COD,Returned
4012,749,7,2024-11-24,3,28096,Wallet,Cancelled
4013,59,17,2024-07-21,3,2888,COD,Cancelled
4014,951,28,2024-06-05,1,28330,Credit Card,Returned
4015,519,38,2024-12-03,4,26314,Credit Card,Delivered
4016,821,26,2024-11-06,1,30053,COD,Delivered
4017,690,28,2024-06-03,2,23131,COD,Cancelled
4018,716,8,2024-12-01,1,861,UPI,Returned
4019,510,18,2024-01-30,1,6838,UPI,Returned
4020,543,47,2024-04-26,4,4608,Wallet,Returned
4021,239,30,2024-10-31,3,31684,UPI,Cancelled
4022,391,16,2024-01-24,3,12557,UPI,Returned
4023,131,49,2024-07-29,2,37001,COD,Returned
4024,664,8,2024-12-23,5,35338,Credit Card,Delivered
4025,977,29,2024-01-15,3,21445,Wallet,Returned
4026,208,30,2024-09-22,3,18494,COD,Delivered
4027,95,4,2024-08-20,4,14701,Wallet,Cancelled
4028,517,44,2024-03-22,1,46270,UPI,Delivered
4029,663,26,2024-04-21,3,35695,COD,Returned
4030,9,49,2024-04-04,2,7447,Wallet,Cancelled
4031,604,19,2024-04-24,3,48464,COD,Delivered
4032,980,11,2024-03-14,1,40942,Wallet,Delivered
4033,900,10,2024-09-05,2,7168,UPI,Cancelled
4034,742,4,2024-02-27,5,1922,Wallet,Delivered
4035,93,35,2024-08-10,4,20895,Wallet,Returned
4036,956,17,2024-03-08,4,2025,Credit Card,Returned
4037,581,42,2024-01-03,3,43540,Wallet,Returned
4038,914,4,2024-05-13,5,15775,Wallet,Cancelled
4039,386,16,2024-05-11,5,43439,Wallet,Cancelled
4040,134,6,2024-02-14,2,41179,COD,Delivered
4041,863,14,2024-09-05,1,35750,UPI,Delivered
4042,45,30,2024-10-17,2,43673,Wallet,Delivered
4043,39,5,2024-11-14,3,41596,COD,Delivered
4044,280,43,2024-03-03,3,31318,UPI,Delivered
4045,353,43,2024-03-26,1,26039,COD,Cancelled
4046,692,50,2024-08-08,2,44304,Credit Card,Delivered
4047,132,3,2024-02-11,4,8477,Wallet,Returned
4048,883,21,2024-03-27,5,43192,UPI,Cancelled
4049,490,31,2024-08-10,2,10455,UPI,Returned
4050,871,16,2024-10-01,2,43029,COD,Returned
4051,299,46,2024-02-22,1,25483,Credit Card,Cancelled
4052,13,38,2024-05-06,4,5512,Wallet,Delivered
4053,300,47,2024-05-01,1,48466,UPI,Delivered
4054,681,36,2024-05-28,2,44160,COD,Delivered
4055,170,39,2024-05-28,2,47654,UPI,Cancelled
4056,806,10,2024-03-23,4,36490,Credit Card,Returned
4057,625,1,2024-04-15,4,24623,Credit Card,Cancelled
4058,209,41,2024-03-13,5,30250,UPI,Cancelled
4059,602,36,2024-06-23,3,22431,COD,Delivered
4060,970,43,2024-09-21,3,21189,COD,Returned
4061,531,30,2024-01-20,2,1951,UPI,Delivered
4062,718,20,2024-09-21,1,34322,UPI,Returned
4063,665,30,2024-07-03,4,43100,Credit Card,Delivered
4064,719,30,2024-12-19,1,1913,COD,Cancelled
4065,402,1,2024-12-12,1,18238,UPI,Cancelled
4066,426,43,2024-06-29,3,9869,Wallet,Delivered
4067,782,44,2024-03-07,2,34185,COD,Cancelled
4068,235,46,2024-03-26,3,15269,Wallet,Delivered
4069,22,11,2024-01-14,2,10940,UPI,Cancelled
4070,233,46,2024-10-16,3,3900,Wallet,Returned
4071,251,13,2024-06-29,2,3816,COD,Cancelled
4072,60,8,2024-12-19,1,12547,UPI,Cancelled
4073,333,20,2024-04-11,3,42390,Wallet,Delivered
4074,194,39,2024-12-13,2,2049,COD,Delivered
4075,459,48,2024-07-07,2,39402,COD,Cancelled
4076,676,24,2024-02-03,5,2952,COD,Returned
4077,501,29,2024-05-20,2,26150,UPI,Delivered
4078,348,50,2024-08-20,4,47734,COD,Returned
4079,664,5,2024-04-03,1,3742,UPI,Cancelled
4080,282,14,2024-01-06,3,49022,COD,Delivered
4081,272,43,2024-10-20,2,32314,Credit Card,Returned
4082,887,4,2024-11-04,3,5583,Credit Card,Cancelled
4083,173,50,2024-08-20,3,37265,Credit Card,Delivered
4084,953,44,2024-08-23,5,28267,Wallet,Returned
4085,959,34,2024-07-21,5,33712,UPI,Cancelled
4086,804,9,2024-07-27,1,48912,UPI,Cancelled
4087,716,32,2024-07-18,3,48686,COD,Cancelled
4088,622,28,2024-07-06,2,15235,COD,Returned
4089,56,45,2024-05-28,3,26542,Wallet,Delivered
4090,759,50,2024-01-17,3,45149,Wallet,Returned
4091,475,17,2024-09-14,2,38416,UPI,Returned
4092,398,27,2024-07-24,5,36429,COD,Returned
4093,229,10,2024-10-07,2,33429,UPI,Delivered
4094,900,25,2024-03-26,1,39313,Wallet,Cancelled
4095,107,17,2024-12-01,2,12990,UPI,Cancelled
4096,281,29,2024-01-28,1,35725,UPI,Delivered
4097,734,35,2024-12-01,2,49690,UPI,Cancelled
4098,572,11,2024-12-24,3,22989,UPI,Returned
4099,784,39,2024-02-15,1,6982,Credit Card,Returned
4100,905,11,2024-06-23,4,46491,Wallet,Cancelled
4101,514,1,2024-12-22,4,27646,Wallet,Cancelled
4102,915,13,2024-05-07,5,38142,UPI,Cancelled
4103,101,12,2024-10-28,3,5625,COD,Returned
4104,1,16,2024-10-18,2,20937,UPI,Cancelled
4105,150,23,2024-08-26,3,31657,UPI,Delivered
4106,888,9,2024-04-04,2,3992,UPI,Cancelled
4107,279,10,2024-04-01,1,22434,UPI,Returned
4108,364,21,2024-12-24,3,7897,Credit Card,Delivered
4109,722,38,2024-12-05,3,17389,Credit Card,Cancelled
4110,598,14,2024-05-31,5,17334,Wallet,Delivered
4111,522,10,2024-05-05,2,30013,Credit Card,Cancelled
4112,690,17,2024-04-09,1,44492,Wallet,Delivered
4113,278,40,2024-10-17,2,46586,Wallet,Delivered
4114,252,6,2024-05-18,3,33793,Credit Card,Returned
4115,747,48,2024-11-23,4,22541,Wallet,Delivered
4116,158,23,2024-02-19,1,13540,Credit Card,Cancelled
4117,596,45,2024-12-31,2,36852,Wallet,Cancelled
4118,744,35,2024-03-28,2,14618,UPI,Delivered
4119,313,9,2024-12-15,4,4620,Credit Card,Cancelled
4120,728,26,2024-05-21,2,46148,COD,Cancelled
4121,555,34,2024-10-25,2,26833,COD,Returned
4122,125,23,2024-07-23,5,39089,UPI,Cancelled
4123,755,29,2024-05-20,5,43952,Credit Card,Cancelled
4124,815,42,2024-10-13,2,30138,UPI,Cancelled
4125,892,6,2024-09-02,2,39774,Wallet,Delivered
4126,901,20,2024-03-17,5,44004,Credit Card,Cancelled
4127,565,5,2024-06-25,5,18382,COD,Returned
4128,613,3,2024-01-16,4,21273,COD,Returned
4129,571,48,2024-07-21,3,21442,COD,Delivered
4130,429,46,2024-09-28,5,4911,Credit Card,Returned
4131,688,31,2024-05-16,2,6989,UPI,Cancelled
4132,46,31,2024-11-13,2,17943,Credit Card,Returned
4133,690,16,2024-02-05,5,38881,Credit Card,Delivered
4134,738,29,2024-04-28,2,27056,Credit Card,Delivered
4135,528,1,2024-12-15,2,17329,Wallet,Delivered
4136,938,45,2024-01-14,4,28395,Credit Card,Returned
4137,807,23,2024-09-26,4,32063,Wallet,Returned
4138,820,22,2024-04-17,3,45184,Wallet,Cancelled
4139,337,15,2024-12-21,2,38584,Wallet,Delivered
4140,127,36,2024-07-26,2,46286,Credit Card,Returned
4141,82,22,2024-11-03,1,17215,Credit Card,Delivered
4142,424,29,2024-02-19,5,41368,Wallet,Delivered
4143,290,26,2024-03-26,5,25963,UPI,Returned
4144,208,15,2024-03-11,2,36740,COD,Cancelled
4145,583,11,2024-04-01,2,13036,COD,Cancelled
4146,337,25,2024-09-18,1,6793,Credit Card,Delivered
4147,437,40,2024-10-19,4,20585,COD,Returned
4148,601,1,2024-12-10,1,42542,Wallet,Returned
4149,533,25,2024-09-10,2,41403,Credit Card,Cancelled
4150,108,45,2024-02-18,3,39996,UPI,Delivered
4151,433,19,2024-07-16,5,21661,Credit Card,Cancelled
4152,456,32,2024-08-29,2,34586,UPI,Returned
4153,549,1,2024-06-17,3,6976,Credit Card,Returned
4154,321,6,2024-12-29,3,6975,UPI,Delivered
4155,108,28,2024-02-17,2,41835,Wallet,Cancelled
4156,569,13,2024-01-12,3,29346,COD,Delivered
4157,972,5,2024-04-20,3,16618,Wallet,Returned
4158,882,44,2024-03-06,3,10581,Credit Card,Delivered
4159,185,47,2024-07-13,4,16329,Credit Card,Delivered
4160,109,39,2024-11-24,5,9031,Wallet,Returned
4161,595,13,2024-11-29,4,15967,Credit Card,Cancelled
4162,300,34,2024-07-08,1,26499,Wallet,Cancelled
4163,96,36,2024-04-17,1,22507,Credit Card,Cancelled
4164,196,18,2024-06-01,5,43761,UPI,Delivered
4165,651,19,2024-10-09,5,26280,UPI,Delivered
4166,89,9,2024-10-17,3,13024,COD,Returned
4167,387,1,2024-12-23,1,21374,Wallet,Returned
4168,114,4,2024-09-13,4,33234,Wallet,Cancelled
4169,425,42,2024-11-12,4,44661,Wallet,Delivered
4170,478,22,2024-05-12,3,44857,Wallet,Cancelled
4171,401,1,2024-10-05,5,10263,COD,Cancelled
4172,919,24,2024-10-16,2,14481,Credit Card,Returned
4173,736,2,2024-08-07,1,48369,UPI,Delivered
4174,878,26,2024-11-16,4,12152,COD,Cancelled
4175,747,50,2024-08-05,2,34770,Credit Card,Returned
4176,773,34,2024-09-25,4,26374,COD,Cancelled
4177,220,45,2024-12-26,3,33844,Wallet,Delivered
4178,110,43,2024-10-05,1,34368,Wallet,Cancelled
4179,624,19,2024-05-12,4,24838,UPI,Cancelled
4180,189,26,2024-07-13,2,10176,UPI,Delivered
4181,746,36,2024-10-12,1,33349,COD,Delivered
4182,559,49,2024-06-06,3,8791,UPI,Returned
4183,386,43,2024-11-11,4,23993,COD,Returned
4184,196,5,2024-04-08,2,15356,Wallet,Returned
4185,488,41,2024-09-27,3,33370,COD,Cancelled
4186,568,35,2024-08-01,5,13852,COD,Cancelled
4187,692,16,2024-08-25,1,35122,COD,Returned
4188,297,31,2024-03-22,3,4463,Credit Card,Cancelled
4189,998,22,2024-05-18,3,28029,COD,Returned
4190,555,42,2024-08-28,4,48320,Credit Card,Delivered
4191,550,21,2024-10-27,2,14698,UPI,Delivered
4192,769,11,2024-05-12,4,31307,Credit Card,Returned
4193,12,4,2024-10-10,4,28731,UPI,Returned
4194,125,41,2024-10-23,2,10060,Wallet,Delivered
4195,711,24,2024-06-27,5,21496,Credit Card,Cancelled
4196,614,32,2024-03-07,3,7690,Credit Card,Delivered
4197,754,42,2024-10-22,1,3079,UPI,Delivered
4198,311,10,2024-02-04,1,24724,UPI,Delivered
4199,439,23,2024-08-07,3,12135,Wallet,Returned
4200,221,17,2024-08-19,5,45383,UPI,Cancelled
4201,103,48,2024-04-10,4,49910,COD,Delivered
4202,838,34,2024-04-29,4,20173,COD,Delivered
4203,877,12,2024-12-08,5,5547,COD,Delivered
4204,368,33,2024-05-04,3,1474,Credit Card,Returned
4205,408,24,2024-09-17,3,21871,Credit Card,Returned
4206,374,42,2024-01-17,4,34182,Credit Card,Returned
4207,139,35,2024-08-10,1,2832,UPI,Cancelled
4208,449,40,2024-04-04,3,31995,Credit Card,Delivered
4209,386,4,2024-10-22,2,30291,COD,Returned
4210,91,11,2024-04-19,4,23208,COD,Returned
4211,858,2,2024-06-09,5,27592,UPI,Returned
4212,245,15,2024-11-30,3,41950,Credit Card,Returned
4213,394,7,2024-01-24,3,8998,Credit Card,Returned
4214,942,14,2024-11-08,4,23801,Credit Card,Returned
4215,905,25,2024-04-05,3,28129,COD,Returned
4216,329,49,2024-06-04,5,29619,COD,Returned
4217,593,46,2024-05-29,2,10484,Credit Card,Cancelled
4218,921,33,2024-02-05,2,2388,Wallet,Cancelled
4219,508,43,2024-08-13,4,24429,UPI,Cancelled
4220,952,7,2024-08-23,5,793,Wallet,Returned
4221,34,34,2024-07-21,2,48645,Credit Card,Cancelled
4222,867,20,2024-01-11,3,20921,UPI,Cancelled
4223,104,26,2024-11-01,3,1673,COD,Delivered
4224,13,16,2024-06-10,1,31461,Credit Card,Returned
4225,423,42,2024-09-05,1,15470,Credit Card,Delivered
4226,362,11,2024-02-29,5,13609,Wallet,Returned
4227,303,42,2024-01-11,4,49268,Credit Card,Delivered
4228,758,33,2024-11-12,1,15607,Credit Card,Returned
4229,890,11,2024-10-12,1,43088,COD,Cancelled
4230,677,2,2024-04-18,5,45371,COD,Delivered
4231,647,20,2024-06-09,1,46648,Wallet,Returned
4232,78,8,2024-07-18,1,6939,Wallet,Cancelled
4233,108,32,2024-04-01,2,30272,Credit Card,Delivered
4234,129,12,2024-07-12,4,24413,UPI,Delivered
4235,58,16,2024-02-02,1,23073,Wallet,Returned
4236,544,41,2024-03-28,4,34796,Credit Card,Returned
4237,480,14,2024-12-22,4,36696,UPI,Delivered
4238,109,27,2024-01-28,2,37437,COD,Returned
4239,462,7,2024-04-14,4,46297,Credit Card,Delivered
4240,806,1,2024-07-29,2,40284,Credit Card,Returned
4241,231,14,2024-12-17,5,26185,COD,Returned
4242,299,39,2024-03-16,3,6168,COD,Returned
4243,171,8,2024-07-28,5,24737,Credit Card,Delivered
4244,804,5,2024-09-20,3,36412,UPI,Returned
4245,937,14,2024-06-01,3,47166,COD,Returned
4246,81,30,2024-08-21,5,37268,UPI,Cancelled
4247,114,17,2024-02-24,4,9635,UPI,Returned
4248,790,21,2024-04-12,3,8441,Wallet,Returned
4249,642,19,2024-11-23,1,41380,Wallet,Delivered
4250,185,35,2024-03-14,5,14700,UPI,Cancelled
4251,413,7,2024-06-16,4,36316,Credit Card,Returned
4252,791,27,2024-11-13,4,5690,COD,Cancelled
4253,231,32,2024-12-17,2,19806,UPI,Delivered
4254,827,48,2024-07-16,4,17865,Credit Card,Returned
4255,187,27,2024-08-27,2,48847,COD,Cancelled
4256,619,33,2024-01-30,1,7784,Credit Card,Cancelled
4257,514,36,2024-07-03,2,12501,Wallet,Cancelled
4258,290,24,2024-03-18,3,2851,Credit Card,Delivered
4259,301,46,2024-04-23,4,36373,UPI,Delivered
4260,37,35,2024-02-22,2,9823,Wallet,Returned
4261,565,27,2024-06-16,2,4416,COD,Cancelled
4262,378,27,2024-01-25,1,3415,Wallet,Cancelled
4263,273,22,2024-10-01,2,26526,COD,Cancelled
4264,940,9,2024-08-03,3,15884,COD,Cancelled
4265,730,28,2024-06-30,3,45147,Credit Card,Returned
4266,253,14,2024-02-27,2,35220,Credit Card,Delivered
4267,284,32,2024-10-18,2,30825,Wallet,Cancelled
4268,854,7,2024-07-10,3,46517,Credit Card,Cancelled
4269,634,8,2024-01-14,1,30862,Credit Card,Cancelled
4270,709,26,2024-08-24,1,12224,Wallet,Delivered
4271,81,8,2024-02-23,3,16392,Credit Card,Returned
4272,538,45,2024-03-05,3,16280,COD,Returned
4273,186,36,2024-05-31,4,24576,COD,Delivered
4274,517,32,2024-06-16,3,43155,UPI,Delivered
4275,457,44,2024-03-07,5,45085,Wallet,Delivered
4276,780,26,2024-04-22,2,19324,UPI,Delivered
4277,516,11,2024-10-27,5,49361,UPI,Delivered
4278,956,3,2024-03-07,3,25270,COD,Delivered
4279,229,33,2024-09-03,3,14091,UPI,Returned
4280,78,13,2024-09-19,4,10860,UPI,Cancelled
4281,558,20,2024-10-17,1,46157,UPI,Cancelled
4282,178,4,2024-12-07,2,49175,Wallet,Returned
4283,575,5,2024-11-23,4,8074,Credit Card,Returned
4284,815,1,2024-02-03,4,49258,COD,Delivered
4285,718,31,2024-05-22,5,29331,Wallet,Cancelled
4286,357,12,2024-02-17,2,48031,Credit Card,Returned
4287,353,4,2024-07-19,5,28121,COD,Returned
4288,124,32,2024-09-22,1,17664,Credit Card,Delivered
4289,786,14,2024-08-09,5,15988,Credit Card,Cancelled
4290,700,47,2024-05-06,2,48963,Credit Card,Returned
4291,32,46,2024-02-09,5,27989,UPI,Returned
4292,357,7,2024-03-23,2,27503,UPI,Cancelled
4293,602,43,2024-11-02,5,18373,COD,Returned
4294,687,39,2024-06-14,5,49474,UPI,Cancelled
4295,224,2,2024-02-14,3,17468,Wallet,Returned
4296,860,12,2024-09-28,5,44272,COD,Cancelled
4297,40,20,2024-02-07,1,20932,Credit Card,Delivered
4298,257,12,2024-10-01,4,39873,UPI,Delivered
4299,809,5,2024-09-28,4,18170,Wallet,Delivered
4300,54,40,2024-06-05,3,23894,Credit Card,Cancelled
4301,353,28,2024-01-14,2,38288,Credit Card,Delivered
4302,41,2,2024-06-18,5,905,Credit Card,Returned
4303,599,12,2024-11-13,5,37868,Wallet,Cancelled
4304,494,25,2024-07-06,5,30133,Wallet,Cancelled
4305,286,45,2024-01-13,3,18290,UPI,Cancelled
4306,41,4,2024-04-25,4,17532,Wallet,Delivered
4307,998,43,2024-06-30,1,13358,COD,Delivered
4308,457,47,2024-08-03,4,42561,Wallet,Returned
4309,399,14,2024-01-24,2,13205,COD,Returned
4310,178,24,2024-05-30,3,15621,Credit Card,Returned
4311,321,20,2024-05-16,5,14308,COD,Cancelled
4312,964,35,2024-10-07,4,33850,Wallet,Returned
4313,270,39,2024-06-18,2,21451,UPI,Cancelled
4314,5,38,2024-06-07,4,16465,Wallet,Cancelled
4315,532,40,2024-12-24,4,26396,UPI,Cancelled
4316,226,44,2024-11-28,2,14257,Wallet,Cancelled
4317,384,45,2024-04-29,1,13801,Credit Card,Cancelled
4318,21,23,2024-08-29,4,44055,COD,Returned
4319,898,15,2024-09-14,5,17652,COD,Cancelled
4320,285,46,2024-03-30,4,28893,COD,Cancelled
4321,170,33,2024-09-02,4,26364,UPI,Delivered
4322,614,10,2024-08-28,4,43324,UPI,Returned
4323,766,37,2024-01-23,1,24950,COD,Delivered
4324,955,50,2024-10-27,2,681,Credit Card,Cancelled
4325,420,16,2024-01-19,5,48312,UPI,Returned
4326,496,23,2024-10-27,4,2872,Credit Card,Delivered
4327,724,12,2024-05-19,5,4517,Wallet,Delivered
4328,595,5,2024-06-01,2,35388,Wallet,Delivered
4329,970,19,2024-01-07,5,32825,COD,Returned
4330,658,7,2024-03-28,1,44536,Wallet,Cancelled
4331,777,2,2024-06-06,2,16443,COD,Cancelled
4332,547,22,2024-08-27,1,20891,UPI,Delivered
4333,711,28,2024-10-03,5,41910,UPI,Cancelled
4334,796,13,2024-12-27,5,39082,Credit Card,Cancelled
4335,836,31,2024-04-04,2,42223,UPI,Returned
4336,481,33,2024-09-19,5,9991,UPI,Cancelled
4337,34,9,2024-01-02,2,19876,UPI,Returned
4338,324,3,2024-04-11,4,15072,COD,Cancelled
4339,945,17,2024-11-08,3,32455,Wallet,Cancelled
4340,675,31,2024-04-09,5,1957,Credit Card,Cancelled
4341,861,40,2024-09-30,4,43904,Wallet,Returned
4342,708,17,2024-09-27,2,30551,COD,Delivered
4343,77,46,2024-12-26,3,41227,Wallet,Returned
4344,715,37,2024-05-17,1,19116,UPI,Cancelled
4345,415,31,2024-01-07,5,30897,COD,Delivered
4346,579,33,2024-06-16,3,28239,COD,Delivered
4347,455,1,2024-10-16,4,10699,COD,Cancelled
4348,267,24,2024-11-01,4,43473,Credit Card,Returned
4349,715,22,2024-08-04,1,29434,UPI,Returned
4350,104,18,2024-12-31,4,19375,Credit Card,Returned
4351,63,33,2024-07-14,2,9310,Wallet,Returned
4352,638,11,2024-12-25,5,11445,COD,Cancelled
4353,298,18,2024-11-09,3,6930,Credit Card,Delivered
4354,628,50,2024-08-18,3,1803,Credit Card,Cancelled
4355,123,37,2024-05-30,2,38494,Credit Card,Delivered
4356,576,11,2024-10-10,3,27940,Credit Card,Delivered
4357,77,11,2024-02-07,2,9007,Credit Card,Delivered
4358,443,2,2024-01-05,1,3874,Credit Card,Returned
4359,794,1,2024-06-15,4,25805,COD,Returned
4360,869,49,2024-06-03,4,3625,Credit Card,Cancelled
4361,888,30,2024-12-08,2,12115,Wallet,Cancelled
4362,503,9,2024-02-03,2,34505,UPI,Delivered
4363,969,24,2024-01-12,5,43377,Credit Card,Delivered
4364,338,15,2024-05-09,3,29034,Wallet,Delivered
4365,975,31,2024-12-21,2,25387,UPI,Cancelled
4366,614,15,2024-09-22,2,5652,UPI,Delivered
4367,892,48,2024-10-13,1,43952,Credit Card,Delivered
4368,702,5,2024-05-22,2,46872,COD,Delivered
4369,95,32,2024-06-23,1,14598,COD,Delivered
4370,732,3,2024-07-13,3,20891,Credit Card,Delivered
4371,508,28,2024-09-24,5,38965,Wallet,Returned
4372,940,29,2024-06-02,5,17678,UPI,Returned
4373,724,44,2024-10-02,2,44141,Wallet,Delivered
4374,499,47,2024-08-26,4,13714,COD,Returned
4375,450,20,2024-02-25,1,44581,Wallet,Returned
4376,859,11,2024-01-28,3,17719,COD,Returned
4377,405,10,2024-11-29,2,39909,Wallet,Returned
4378,67,5,2024-09-11,5,42474,Credit Card,Cancelled
4379,935,19,2024-04-03,3,37374,COD,Returned
4380,66,43,2024-12-10,3,35282,COD,Delivered
4381,899,20,2024-09-02,1,27629,Credit Card,Returned
4382,952,37,2024-08-04,3,30764,UPI,Cancelled
4383,784,48,2024-05-04,1,30337,Wallet,Delivered
4384,448,6,2024-07-23,4,31952,UPI,Cancelled
4385,684,42,2024-07-23,1,4012,UPI,Delivered
4386,740,4,2024-04-20,5,13274,COD,Cancelled
4387,781,41,2024-09-15,5,22887,UPI,Cancelled
4388,423,16,2024-12-23,4,26238,Credit Card,Cancelled
4389,289,1,2024-02-12,1,33996,Credit Card,Delivered
4390,933,5,2024-02-16,1,18946,Credit Card,Delivered
4391,557,7,2024-11-11,2,12668,Credit Card,Returned
4392,458,31,2024-09-16,1,20641,Credit Card,Cancelled
4393,23,45,2024-12-19,3,15752,COD,Cancelled
4394,904,46,2024-03-27,5,48003,Credit Card,Cancelled
4395,282,2,2024-04-01,1,13601,Wallet,Delivered
4396,202,22,2024-12-21,5,49379,Credit Card,Returned
4397,584,26,2024-01-16,4,39705,COD,Cancelled
4398,651,43,2024-04-07,3,26968,UPI,Delivered
4399,873,42,2024-07-21,4,13489,Wallet,Delivered
4400,191,13,2024-11-05,2,20247,COD,Delivered
4401,565,30,2024-05-12,4,14724,UPI,Cancelled
4402,924,10,2024-02-19,4,32002,Wallet,Delivered
4403,538,16,2024-10-03,3,44694,Credit Card,Delivered
4404,117,15,2024-01-29,5,6482,COD,Cancelled
4405,478,23,2024-03-23,5,20976,COD,Cancelled
4406,820,24,2024-01-18,3,39913,UPI,Delivered
4407,284,43,2024-08-06,4,40036,Credit Card,Delivered
4408,57,49,2024-11-20,5,41523,Credit Card,Cancelled
4409,640,17,2024-08-30,4,3796,UPI,Returned
4410,286,23,2024-06-15,3,14261,Credit Card,Cancelled
4411,762,37,2024-10-13,4,20606,COD,Cancelled
4412,285,9,2024-03-15,3,8106,COD,Delivered
4413,12,16,2024-03-03,2,38143,UPI,Cancelled
4414,625,29,2024-11-29,4,41521,Wallet,Delivered
4415,506,29,2024-09-24,3,11174,Wallet,Delivered
4416,778,43,2024-07-15,2,18273,Wallet,Cancelled
4417,859,32,2024-02-06,3,26388,Wallet,Delivered
4418,846,41,2024-06-22,4,14597,Credit Card,Delivered
4419,963,31,2024-04-11,1,44391,Credit Card,Cancelled
4420,362,25,2024-02-15,3,27200,COD,Returned
4421,647,15,2024-06-07,3,29383,UPI,Delivered
4422,213,26,2024-03-02,4,39889,UPI,Delivered
4423,526,29,2024-10-16,4,41324,Credit Card,Returned
4424,983,26,2024-05-26,4,20091,Credit Card,Returned
4425,532,31,2024-12-15,5,27262,Credit Card,Returned
4426,818,45,2024-06-24,3,4078,UPI,Delivered
4427,757,47,2024-03-18,3,10804,COD,Delivered
4428,769,46,2024-08-22,4,9150,UPI,Cancelled
4429,35,8,2024-05-06,1,14630,Wallet,Returned
4430,117,13,2024-04-13,5,15022,UPI,Returned
4431,698,27,2024-03-09,3,1242,Wallet,Returned
4432,778,36,2024-04-27,5,39454,COD,Delivered
4433,839,19,2024-07-10,5,20297,COD,Cancelled
4434,831,21,2024-01-25,2,49502,Wallet,Delivered
4435,676,33,2024-03-24,4,5625,COD,Delivered
4436,702,46,2024-08-01,4,1731,UPI,Returned
4437,414,41,2024-02-26,4,46424,COD,Delivered
4438,478,33,2024-02-05,1,17306,Credit Card,Returned
4439,2,50,2024-11-08,2,5929,Credit Card,Delivered
4440,532,30,2024-06-10,2,10719,UPI,Cancelled
4441,259,47,2024-06-15,2,23028,COD,Returned
4442,198,3,2024-10-16,1,12289,UPI,Delivered
4443,178,18,2024-12-14,4,7169,Wallet,Returned
4444,246,27,2024-09-24,4,15655,COD,Returned
4445,356,29,2024-02-05,3,22827,UPI,Returned
4446,892,9,2024-12-29,1,18347,COD,Cancelled
4447,292,42,2024-02-08,5,45161,UPI,Cancelled
4448,98,27,2024-09-07,4,27003,Credit Card,Delivered
4449,616,36,2024-09-28,2,42501,COD,Returned
4450,380,10,2024-08-20,5,11670,UPI,Cancelled
4451,646,42,2024-04-09,4,44136,Credit Card,Delivered
4452,688,48,2024-10-06,2,17973,Credit Card,Delivered
4453,650,11,2024-03-05,3,48648,Credit Card,Cancelled
4454,954,8,2024-11-21,3,47679,COD,Returned
4455,915,43,2024-09-18,1,17113,Credit Card,Delivered
4456,386,44,2024-03-22,3,42647,UPI,Delivered
4457,250,40,2024-09-09,3,12464,UPI,Returned
4458,287,46,2024-01-29,4,35824,Wallet,Delivered
4459,231,2,2024-03-09,5,7959,COD,Returned
4460,966,43,2024-09-15,3,12109,Credit Card,Returned
4461,461,25,2024-12-30,1,17534,Wallet,Delivered
4462,449,19,2024-09-08,1,16236,COD,Delivered
4463,444,44,2024-07-27,5,7872,Wallet,Cancelled
4464,993,23,2024-04-15,5,35810,Wallet,Returned
4465,372,9,2024-10-31,3,7443,UPI,Returned
4466,795,38,2024-07-19,2,37158,Credit Card,Cancelled
4467,592,23,2024-12-02,5,30357,UPI,Returned
4468,498,25,2024-01-28,2,9507,UPI,Cancelled
4469,412,14,2024-11-26,1,2315,UPI,Returned
4470,85,4,2024-08-16,1,35391,Wallet,Delivered
4471,702,43,2024-08-20,3,41834,UPI,Delivered
4472,627,3,2024-07-15,4,8834,Credit Card,Delivered
4473,887,39,2024-03-28,2,7086,UPI,Cancelled
4474,467,9,2024-02-10,2,1223,Credit Card,Cancelled
4475,759,10,2024-06-16,3,47892,COD,Cancelled
4476,750,5,2024-06-17,1,49833,Wallet,Delivered
4477,496,34,2024-01-29,2,14290,COD,Returned
4478,651,24,2024-10-22,1,3235,COD,Returned
4479,818,30,2024-09-19,5,6438,Wallet,Returned
4480,299,7,2024-09-07,4,48858,UPI,Returned
4481,43,15,2024-06-07,1,5873,COD,Cancelled
4482,32,31,2024-02-25,3,20040,Credit Card,Delivered
4483,629,18,2024-08-24,5,2312,UPI,Cancelled
4484,975,18,2024-01-24,4,33736,Wallet,Returned
4485,459,26,2024-05-19,4,35642,Credit Card,Delivered
4486,82,43,2024-09-01,4,9761,COD,Returned
4487,673,34,2024-04-11,4,23648,Wallet,Returned
4488,755,44,2024-08-20,5,21282,COD,Returned
4489,334,22,2024-12-08,1,13448,Credit Card,Cancelled
4490,850,49,2024-05-16,2,40778,UPI,Cancelled
4491,735,25,2024-04-20,3,10664,COD,Delivered
4492,755,29,2024-02-05,3,8994,UPI,Delivered
4493,880,9,2024-07-23,2,8624,UPI,Cancelled
4494,499,32,2024-02-09,2,33562,COD,Delivered
4495,371,17,2024-11-20,2,29012,COD,Returned
4496,556,42,2024-02-23,4,19650,UPI,Cancelled
4497,157,22,2024-11-26,1,27438,Wallet,Cancelled
4498,357,1,2024-02-21,5,44621,COD,Delivered
4499,588,2,2024-01-03,5,37336,UPI,Cancelled
4500,933,42,2024-12-28,5,41994,Credit Card,Cancelled
4501,481,25,2024-04-08,1,10995,Wallet,Returned
4502,640,11,2024-09-07,5,4190,COD,Delivered
4503,345,19,2024-05-29,5,42059,Wallet,Cancelled
4504,210,19,2024-09-03,3,12341,Credit Card,Cancelled
4505,967,23,2024-01-04,1,17427,COD,Delivered
4506,802,36,2024-06-27,1,30024,COD,Delivered
4507,462,10,2024-04-30,3,43550,Credit Card,Cancelled
4508,535,8,2024-11-21,5,6535,Wallet,Returned
4509,905,32,2024-05-16,3,32540,Wallet,Cancelled
4510,974,45,2024-07-06,3,35524,Wallet,Returned
4511,264,42,2024-10-02,3,35384,UPI,Returned
4512,783,32,2024-02-19,5,42171,Credit Card,Cancelled
4513,586,22,2024-12-08,4,30440,Wallet,Returned
4514,939,44,2024-08-30,1,7724,COD,Delivered
4515,272,22,2024-10-17,1,14528,Credit Card,Delivered
4516,849,27,2024-11-03,4,46468,COD,Delivered
4517,973,14,2024-09-21,1,46667,Credit Card,Delivered
4518,482,42,2024-03-17,1,28482,UPI,Returned
4519,391,19,2024-06-01,2,10943,UPI,Cancelled
4520,933,40,2024-09-13,4,15752,Credit Card,Delivered
4521,284,4,2024-07-27,5,49529,Wallet,Delivered
4522,491,33,2024-12-19,1,47204,UPI,Returned
4523,764,32,2024-03-11,4,46843,Credit Card,Delivered
4524,940,49,2024-03-01,1,30281,UPI,Cancelled
4525,894,45,2024-05-01,5,40158,Wallet,Delivered
4526,367,27,2024-05-31,3,34237,Credit Card,Returned
4527,31,3,2024-05-15,5,38588,Wallet,Returned
4528,450,40,2024-06-16,5,23451,Credit Card,Delivered
4529,161,14,2024-06-19,2,25239,Wallet,Cancelled
4530,893,38,2024-03-29,5,42246,UPI,Cancelled
4531,141,14,2024-11-13,5,26694,UPI,Cancelled
4532,509,47,2024-04-30,4,15384,UPI,Cancelled
4533,896,41,2024-01-26,2,48018,Wallet,Cancelled
4534,299,6,2024-08-13,2,24354,Credit Card,Cancelled
4535,455,21,2024-12-12,4,13480,UPI,Cancelled
4536,695,47,2024-03-28,5,31748,UPI,Delivered
4537,53,8,2024-02-04,4,4026,COD,Delivered
4538,374,22,2024-01-05,4,49290,UPI,Cancelled
4539,41,24,2024-02-16,4,35938,Credit Card,Delivered
4540,908,8,2024-02-18,3,4848,COD,Delivered
4541,257,25,2024-11-03,3,38133,UPI,Cancelled
4542,277,49,2024-02-09,3,25527,UPI,Cancelled
4543,216,32,2024-09-24,3,4136,COD,Returned
4544,271,44,2024-03-27,5,652,Wallet,Cancelled
4545,172,12,2024-09-05,5,49544,Wallet,Returned
4546,77,43,2024-05-12,4,42936,Wallet,Returned
4547,455,7,2024-08-19,3,2761,COD,Returned
4548,39,18,2024-07-31,4,12941,COD,Returned
4549,785,5,2024-05-01,5,45117,Wallet,Returned
4550,641,35,2024-01-05,2,25046,COD,Cancelled
4551,604,39,2024-03-14,1,18959,Wallet,Delivered
4552,421,39,2024-01-01,3,10723,UPI,Delivered
4553,681,36,2024-08-13,2,18512,Credit Card,Delivered
4554,399,6,2024-06-15,5,27541,COD,Delivered
4555,411,34,2024-07-22,1,33569,UPI,Delivered
4556,845,18,2024-07-30,1,4658,Credit Card,Delivered
4557,289,1,2024-04-27,2,41475,COD,Cancelled
4558,267,32,2024-06-21,5,28780,Wallet,Cancelled
4559,802,38,2024-11-21,5,40904,Wallet,Cancelled
4560,236,37,2024-12-17,3,6647,Credit Card,Returned
4561,980,36,2024-08-14,1,23847,UPI,Returned
4562,481,17,2024-09-20,2,20693,UPI,Returned
4563,556,41,2024-08-31,1,12692,Wallet,Delivered
4564,755,11,2024-04-25,4,48795,Credit Card,Returned
4565,750,2,2024-09-04,1,12359,Wallet,Cancelled
4566,833,27,2024-10-04,5,19947,Credit Card,Delivered
4567,252,17,2024-11-09,2,33098,Credit Card,Delivered
4568,428,12,2024-04-29,4,13115,UPI,Returned
4569,173,24,2024-12-02,5,33266,UPI,Cancelled
4570,437,10,2024-04-01,1,35763,COD,Cancelled
4571,622,24,2024-07-19,2,8235,COD,Delivered
4572,546,36,2024-09-11,5,9187,UPI,Delivered
4573,746,5,2024-03-23,3,18413,COD,Delivered
4574,729,2,2024-11-29,1,8663,Wallet,Returned
4575,993,5,2024-12-27,4,17896,COD,Cancelled
4576,997,34,2024-08-12,4,17027,Wallet,Delivered
4577,741,8,2024-01-31,3,44352,Credit Card,Delivered
4578,907,31,2024-06-28,1,9132,COD,Cancelled
4579,47,46,2024-03-05,2,49860,Credit Card,Cancelled
4580,444,41,2024-02-05,1,47242,COD,Delivered
4581,370,37,2024-06-07,1,1722,Credit Card,Delivered
4582,618,2,2024-03-26,4,33919,Credit Card,Delivered
4583,271,26,2024-06-29,2,41456,COD,Returned
4584,20,7,2024-10-26,2,21120,Credit Card,Returned
4585,804,23,2024-06-22,4,15321,COD,Cancelled
4586,698,11,2024-08-28,1,24895,UPI,Delivered
4587,383,16,2024-09-02,2,46987,Credit Card,Cancelled
4588,708,49,2024-10-18,4,10661,UPI,Returned
4589,648,6,2024-04-15,5,28463,Credit Card,Cancelled
4590,237,20,2024-08-16,1,24535,UPI,Cancelled
4591,311,27,2024-02-23,2,17333,COD,Returned
4592,124,45,2024-04-29,2,33955,COD,Delivered
4593,194,42,2024-01-01,3,7683,UPI,Delivered
4594,616,17,2024-05-04,4,36936,UPI,Delivered
4595,878,25,2024-06-15,2,47458,UPI,Cancelled
4596,879,44,2024-09-01,2,36160,UPI,Returned
4597,539,10,2024-07-17,2,44000,Credit Card,Returned
4598,450,3,2024-11-09,4,7934,Credit Card,Returned
4599,38,50,2024-03-01,3,13591,Credit Card,Cancelled
4600,614,1,2024-02-02,3,14208,Credit Card,Returned
4601,675,36,2024-06-17,2,47399,Credit Card,Cancelled
4602,171,43,2024-08-04,1,16023,UPI,Cancelled
4603,808,11,2024-11-17,4,32374,UPI,Returned
4604,415,8,2024-08-17,4,25822,COD,Delivered
4605,486,45,2024-11-17,5,19257,COD,Delivered
4606,29,50,2024-07-15,3,6566,COD,Returned
4607,700,11,2024-07-13,3,47169,Credit Card,Returned
4608,661,20,2024-10-21,2,29033,Wallet,Returned
4609,25,17,2024-01-03,3,9064,Credit Card,Delivered
4610,335,22,2024-12-29,1,21981,Wallet,Cancelled
4611,132,46,2024-08-19,2,21575,COD,Cancelled
4612,438,27,2024-07-14,4,43204,COD,Cancelled
4613,345,20,2024-05-23,4,48591,Wallet,Delivered
4614,755,50,2024-10-13,4,10948,Credit Card,Cancelled
4615,266,46,2024-08-06,5,25094,COD,Delivered
4616,474,47,2024-08-04,5,8995,Credit Card,Delivered
4617,766,5,2024-04-12,5,12680,Credit Card,Cancelled
4618,655,17,2024-10-14,1,48468,Wallet,Cancelled
4619,418,22,2024-07-17,2,9057,Credit Card,Cancelled
4620,525,34,2024-01-10,5,39617,UPI,Delivered
4621,893,13,2024-08-13,2,29177,COD,Delivered
4622,962,19,2024-10-27,2,18806,UPI,Returned
4623,446,6,2024-04-22,1,33283,Wallet,Delivered
4624,409,29,2024-09-04,3,1130,Wallet,Delivered
4625,998,3,2024-08-11,4,29943,COD,Cancelled
4626,744,6,2024-08-31,2,37165,COD,Returned
4627,679,41,2024-10-03,4,17468,Wallet,Cancelled
4628,244,11,2024-02-26,3,11869,Wallet,Delivered
4629,653,41,2024-06-07,1,23890,COD,Cancelled
4630,491,19,2024-07-03,4,6454,Credit Card,Returned
4631,367,40,2024-01-21,4,44301,UPI,Returned
4632,793,10,2024-04-12,5,43584,Credit Card,Returned
4633,184,13,2024-09-09,4,41836,Credit Card,Returned
4634,832,32,2024-06-15,3,6756,Credit Card,Cancelled
4635,416,28,2024-04-24,4,13749,COD,Delivered
4636,284,44,2024-02-09,3,24442,UPI,Returned
4637,749,14,2024-04-04,3,11246,UPI,Returned
4638,690,31,2024-12-09,1,20141,UPI,Delivered
4639,387,12,2024-10-28,3,33323,Wallet,Returned
4640,372,34,2024-10-08,5,7299,Credit Card,Cancelled
4641,148,33,2024-08-09,1,9516,COD,Cancelled
4642,320,22,2024-08-10,5,34125,COD,Cancelled
4643,109,38,2024-02-24,2,29283,Credit Card,Delivered
4644,975,29,2024-11-04,2,16876,COD,Delivered
4645,43,48,2024-06-16,1,25147,UPI,Delivered
4646,977,6,2024-06-24,3,8395,Wallet,Returned
4647,833,44,2024-03-26,1,29017,COD,Cancelled
4648,343,1,2024-09-06,5,42280,Wallet,Cancelled
4649,484,32,2024-03-27,5,6691,Credit Card,Delivered
4650,853,47,2024-06-27,1,35033,Wallet,Delivered
4651,890,50,2024-01-03,4,26099,UPI,Cancelled
4652,935,49,2024-03-22,5,6196,COD,Delivered
4653,460,7,2024-02-08,5,7651,UPI,Delivered
4654,208,45,2024-06-17,5,8592,COD,Delivered
4655,157,40,2024-02-09,4,23513,Credit Card,Delivered
4656,726,10,2024-09-24,5,17537,Wallet,Cancelled
4657,911,29,2024-04-10,3,5053,Wallet,Returned
4658,759,50,2024-01-25,5,23360,Wallet,Returned
4659,52,17,2024-04-08,3,2843,Wallet,Cancelled
4660,94,3,2024-07-05,2,8134,Credit Card,Returned
4661,933,10,2024-03-07,4,682,Wallet,Cancelled
4662,670,24,2024-01-22,2,16780,COD,Cancelled
4663,702,12,2024-02-26,4,2449,Credit Card,Returned
4664,930,27,2024-08-12,5,20380,COD,Cancelled
4665,482,7,2024-11-11,1,3968,Credit Card,Returned
4666,448,22,2024-09-07,5,15235,Wallet,Delivered
4667,333,48,2024-03-22,5,23422,Credit Card,Returned
4668,422,29,2024-04-10,3,22347,UPI,Returned
4669,538,17,2024-11-07,3,13312,COD,Returned
4670,781,50,2024-06-20,4,1957,COD,Cancelled
4671,327,6,2024-05-26,2,23305,Wallet,Cancelled
4672,991,6,2024-11-15,5,45687,COD,Delivered
4673,889,27,2024-01-18,2,45676,COD,Delivered
4674,645,39,2024-03-26,3,33991,Wallet,Returned
4675,187,19,2024-02-26,2,35613,COD,Cancelled
4676,224,12,2024-05-12,4,6262,UPI,Cancelled
4677,936,38,2024-12-27,2,4442,UPI,Returned
4678,656,16,2024-11-08,4,12820,COD,Returned
4679,714,12,2024-03-01,3,38229,Credit Card,Returned
4680,90,19,2024-11-11,4,2213,Credit Card,Delivered
4681,999,49,2024-03-16,5,20458,Wallet,Delivered
4682,793,13,2024-03-14,1,15714,Wallet,Cancelled
4683,172,41,2024-05-30,3,24878,COD,Returned
4684,567,4,2024-10-13,5,25979,Credit Card,Delivered
4685,940,25,2024-08-20,2,30403,Wallet,Delivered
4686,876,14,2024-11-01,4,9358,COD,Delivered
4687,431,23,2024-08-17,5,4430,Wallet,Cancelled
4688,866,45,2024-01-11,2,30720,Credit Card,Returned
4689,521,43,2024-04-12,1,14491,COD,Cancelled
4690,707,8,2024-06-12,1,2470,Wallet,Delivered
4691,818,40,2024-08-06,1,4070,COD,Cancelled
4692,174,5,2024-07-17,1,20331,Wallet,Cancelled
4693,358,17,2024-03-21,1,8407,COD,Returned
4694,302,21,2024-10-26,4,926,Wallet,Returned
4695,93,17,2024-08-11,4,31213,COD,Cancelled
4696,418,15,2024-06-29,2,15928,UPI,Delivered
4697,783,39,2024-05-10,2,39010,COD,Returned
4698,885,19,2024-07-06,5,14526,Wallet,Cancelled
4699,901,5,2024-08-06,3,15700,COD,Cancelled
4700,88,6,2024-02-28,1,36762,Wallet,Cancelled
4701,168,11,2024-10-12,1,48809,COD,Cancelled
4702,424,3,2024-08-26,2,14000,UPI,Delivered
4703,973,19,2024-04-20,3,47007,UPI,Cancelled
4704,712,17,2024-10-27,5,4627,Wallet,Delivered
4705,817,20,2024-12-26,4,31866,COD,Cancelled
4706,347,30,2024-10-03,5,40212,Credit Card,Cancelled
4707,712,15,2024-10-30,5,48324,Credit Card,Cancelled
4708,894,23,2024-08-14,2,7660,Credit Card,Cancelled
4709,940,2,2024-02-02,1,29413,UPI,Cancelled
4710,395,1,2024-04-18,1,49627,Credit Card,Delivered
4711,266,23,2024-09-16,3,19838,COD,Cancelled
4712,798,35,2024-03-07,3,42139,Credit Card,Cancelled
4713,940,20,2024-05-28,3,47009,Credit Card,Returned
4714,81,45,2024-08-17,2,27449,COD,Cancelled
4715,178,28,2024-10-09,2,6744,Wallet,Returned
4716,911,47,2024-08-22,1,5402,Credit Card,Delivered
4717,311,46,2024-05-17,4,6247,Wallet,Delivered
4718,243,26,2024-03-28,5,9939,Wallet,Delivered
4719,31,8,2024-01-21,1,29966,UPI,Returned
4720,150,34,2024-01-11,2,7735,Wallet,Returned
4721,598,8,2024-02-17,3,37177,Credit Card,Returned
4722,230,26,2024-04-30,2,18001,UPI,Cancelled
4723,839,49,2024-08-04,1,9552,COD,Returned
4724,528,50,2024-05-02,4,24000,UPI,Returned
4725,472,50,2024-11-28,5,44140,COD,Delivered
4726,569,50,2024-12-15,1,48326,Credit Card,Delivered
4727,347,16,2024-05-18,3,26606,COD,Returned
4728,487,8,2024-12-11,5,5742,COD,Cancelled
4729,50,12,2024-01-25,5,15195,COD,Returned
4730,630,6,2024-02-06,2,9630,UPI,Delivered
4731,770,44,2024-01-13,1,29183,Credit Card,Cancelled
4732,47,9,2024-01-25,2,37556,Wallet,Delivered
4733,821,18,2024-02-19,2,3168,Credit Card,Delivered
4734,9,9,2024-11-05,3,2403,UPI,Delivered
4735,695,33,2024-02-09,5,36495,COD,Delivered
4736,639,27,2024-08-12,2,36831,Wallet,Delivered
4737,652,49,2024-01-14,1,43430,UPI,Cancelled
4738,543,48,2024-12-11,4,27554,Wallet,Cancelled
4739,884,23,2024-08-10,4,30625,COD,Delivered
4740,558,43,2024-10-10,2,48431,UPI,Returned
4741,929,35,2024-05-18,1,23942,COD,Returned
4742,543,17,2024-06-25,1,33209,UPI,Delivered
4743,90,35,2024-10-26,3,7994,Wallet,Delivered
4744,359,50,2024-12-22,4,726,Credit Card,Delivered
4745,940,23,2024-07-14,4,31097,Wallet,Returned
4746,439,34,2024-08-18,2,18405,Wallet,Returned
4747,61,28,2024-01-30,5,34685,UPI,Cancelled
4748,300,41,2024-02-02,2,29370,UPI,Delivered
4749,490,40,2024-02-11,5,44009,UPI,Returned
4750,537,6,2024-03-25,3,7499,Credit Card,Returned
4751,300,41,2024-02-18,3,17531,COD,Delivered
4752,327,37,2024-09-27,4,5928,UPI,Delivered
4753,424,35,2024-02-18,3,31718,COD,Returned
4754,977,3,2024-04-09,4,2936,COD,Cancelled
4755,843,33,2024-09-25,4,8002,COD,Cancelled
4756,942,14,2024-07-05,4,36477,Credit Card,Cancelled
4757,180,43,2024-03-30,3,29262,UPI,Delivered
4758,913,43,2024-09-18,3,15419,Wallet,Delivered
4759,808,22,2024-07-16,5,43857,COD,Delivered
4760,555,6,2024-07-21,4,8463,Wallet,Cancelled
4761,275,40,2024-06-03,5,16659,COD,Delivered
4762,871,38,2024-05-14,5,7447,Credit Card,Delivered
4763,64,28,2024-08-23,5,12473,Wallet,Cancelled
4764,432,49,2024-06-02,4,22525,Wallet,Returned
4765,790,38,2024-07-24,3,27409,COD,Cancelled
4766,237,22,2024-08-02,3,17945,COD,Delivered
4767,18,38,2024-10-28,1,41705,Credit Card,Returned
4768,451,36,2024-08-10,4,6993,Wallet,Delivered
4769,719,6,2024-06-22,2,43621,COD,Cancelled
4770,44,12,2024-07-06,5,6783,Credit Card,Returned
4771,282,43,2024-07-14,1,28389,Credit Card,Returned
4772,195,38,2024-02-07,5,39922,UPI,Cancelled
4773,226,41,2024-01-27,2,37457,Credit Card,Delivered
4774,558,15,2024-10-27,4,13219,COD,Returned
4775,468,38,2024-02-17,1,7645,UPI,Delivered
4776,862,18,2024-09-01,1,37065,Wallet,Returned
4777,928,2,2024-09-29,2,30081,COD,Returned
4778,37,13,2024-02-17,3,7736,Wallet,Returned
4779,918,44,2024-07-21,3,23210,COD,Delivered
4780,984,47,2024-09-07,5,1789,COD,Delivered
4781,855,13,2024-06-07,5,25546,UPI,Returned
4782,28,14,2024-05-18,1,15422,Credit Card,Delivered
4783,755,42,2024-10-03,1,5697,UPI,Delivered
4784,702,37,2024-07-11,1,36632,Wallet,Delivered
4785,749,8,2024-03-27,2,19292,Wallet,Delivered
4786,184,35,2024-03-01,1,33267,Wallet,Returned
4787,99,25,2024-10-24,1,7116,COD,Delivered
4788,45,40,2024-11-09,2,22631,COD,Returned
4789,586,31,2024-08-22,3,47810,Wallet,Cancelled
4790,117,38,2024-11-10,2,12294,COD,Returned
4791,273,46,2024-05-17,2,46263,UPI,Returned
4792,315,18,2024-04-15,1,29249,COD,Returned
4793,789,49,2024-02-07,4,27686,COD,Delivered
4794,329,48,2024-02-25,5,1248,COD,Cancelled
4795,768,18,2024-06-14,3,49285,Credit Card,Delivered
4796,909,10,2024-05-08,5,34308,UPI,Returned
4797,760,17,2024-03-11,2,12968,COD,Cancelled
4798,244,32,2024-05-20,5,32960,Credit Card,Delivered
4799,624,17,2024-08-04,5,11860,UPI,Delivered
4800,528,42,2024-02-03,3,36037,COD,Returned
4801,538,24,2024-11-14,5,4937,UPI,Delivered
4802,835,10,2024-07-06,2,1634,Wallet,Returned
4803,939,30,2024-07-13,4,25153,Wallet,Cancelled
4804,458,39,2024-08-05,3,23028,Credit Card,Cancelled
4805,785,12,2024-11-06,2,4748,Wallet,Delivered
4806,353,32,2024-07-10,4,33543,Credit Card,Cancelled
4807,250,26,2024-11-22,5,19513,UPI,Cancelled
4808,696,37,2024-12-03,5,42710,UPI,Returned
4809,454,50,2024-01-08,2,13947,UPI,Cancelled
4810,232,22,2024-05-24,1,28025,UPI,Delivered
4811,197,30,2024-03-13,4,37960,UPI,Returned
4812,940,12,2024-09-14,1,21707,COD,Delivered
4813,816,23,2024-09-06,4,19100,Wallet,Delivered
4814,278,45,2024-12-07,1,16134,COD,Cancelled
4815,422,3,2024-12-03,2,34806,COD,Returned
4816,588,45,2024-07-26,5,30931,Credit Card,Delivered
4817,77,16,2024-07-20,2,39544,Credit Card,Returned
4818,17,36,2024-01-15,4,22328,UPI,Delivered
4819,503,1,2024-04-22,1,29764,Wallet,Delivered
4820,874,26,2024-05-25,5,28197,COD,Cancelled
4821,575,49,2024-02-06,3,36125,Wallet,Returned
4822,992,14,2024-04-30,4,44044,UPI,Cancelled
4823,678,48,2024-01-30,1,19358,Credit Card,Delivered
4824,491,21,2024-10-29,3,46547,COD,Cancelled
4825,163,10,2024-07-22,2,29027,Wallet,Cancelled
4826,692,15,2024-08-22,4,44207,COD,Returned
4827,807,37,2024-12-15,3,13139,COD,Delivered
4828,203,9,2024-09-21,3,26174,UPI,Cancelled
4829,147,20,2024-05-03,4,1222,Credit Card,Delivered
4830,353,30,2024-12-12,3,14032,Credit Card,Cancelled
4831,296,30,2024-04-14,4,13429,UPI,Delivered
4832,443,36,2024-06-28,2,28083,Credit Card,Returned
4833,170,48,2024-11-13,5,6841,Wallet,Returned
4834,372,31,2024-01-07,5,2094,UPI,Cancelled
4835,501,2,2024-10-03,4,42690,UPI,Cancelled
4836,109,30,2024-03-28,4,10483,Wallet,Returned
4837,749,5,2024-06-15,2,30350,Credit Card,Returned
4838,519,30,2024-01-01,3,6114,UPI,Delivered
4839,217,12,2024-08-29,3,20241,Credit Card,Returned
4840,824,17,2024-10-28,4,39854,Wallet,Delivered
4841,635,45,2024-12-07,3,20079,Wallet,Delivered
4842,235,22,2024-11-19,2,47713,Credit Card,Cancelled
4843,279,50,2024-06-26,4,49555,Credit Card,Returned
4844,681,43,2024-02-28,2,20391,Credit Card,Returned
4845,663,10,2024-10-27,2,23118,Wallet,Delivered
4846,634,49,2024-01-31,3,26843,Wallet,Returned
4847,798,30,2024-07-15,2,36441,Credit Card,Delivered
4848,112,50,2024-03-05,3,10722,Credit Card,Returned
4849,805,37,2024-09-12,4,1739,COD,Cancelled
4850,422,1,2024-11-07,4,26965,UPI,Returned
4851,264,11,2024-05-25,4,38207,Credit Card,Cancelled
4852,485,46,2024-01-24,4,5342,UPI,Cancelled
4853,467,12,2024-07-09,4,39210,UPI,Cancelled
4854,890,45,2024-02-18,3,45412,Credit Card,Delivered
4855,357,34,2024-10-27,4,9003,Credit Card,Cancelled
4856,56,49,2024-05-02,1,31041,UPI,Returned
4857,883,4,2024-04-16,2,44840,Credit Card,Cancelled
4858,793,50,2024-09-02,2,13063,COD,Cancelled
4859,604,24,2024-11-11,4,38543,Credit Card,Cancelled
4860,368,10,2024-12-26,1,36496,COD,Cancelled
4861,302,41,2024-06-07,1,15504,COD,Cancelled
4862,550,27,2024-09-15,3,13360,UPI,Cancelled
4863,884,3,2024-10-07,5,32700,Credit Card,Delivered
4864,729,32,2024-07-31,1,43952,Wallet,Cancelled
4865,471,45,2024-11-08,5,45363,Wallet,Delivered
4866,882,33,2024-02-06,4,9452,UPI,Returned
4867,996,2,2024-10-25,3,21644,Wallet,Delivered
4868,139,25,2024-02-26,1,46668,UPI,Cancelled
4869,214,26,2024-11-02,5,19998,UPI,Delivered
4870,38,10,2024-02-02,4,3377,Wallet,Delivered
4871,55,32,2024-09-28,3,46880,UPI,Returned
4872,220,38,2024-01-04,3,40203,Wallet,Delivered
4873,443,16,2024-10-27,1,15916,Wallet,Cancelled
4874,90,28,2024-01-28,1,22934,COD,Delivered
4875,183,30,2024-07-29,4,29378,Credit Card,Cancelled
4876,740,28,2024-07-25,2,38163,Credit Card,Returned
4877,378,3,2024-10-06,1,5972,COD,Delivered
4878,707,44,2024-12-06,2,40789,COD,Returned
4879,383,17,2024-09-01,5,10407,UPI,Returned
4880,427,43,2024-09-01,5,8682,Credit Card,Delivered
4881,208,26,2024-10-17,3,31467,UPI,Returned
4882,997,44,2024-10-20,2,43946,Credit Card,Cancelled
4883,881,46,2024-12-12,3,16411,UPI,Delivered
4884,581,13,2024-08-13,5,37223,UPI,Cancelled
4885,761,7,2024-07-13,3,12607,Wallet,Cancelled
4886,526,36,2024-10-04,4,31329,COD,Cancelled
4887,392,35,2024-02-02,1,18167,Credit Card,Delivered
4888,346,19,2024-02-03,2,24379,Credit Card,Returned
4889,864,17,2024-08-17,3,12402,Wallet,Returned
4890,526,40,2024-04-17,1,35722,Credit Card,Cancelled
4891,93,2,2024-09-05,4,24303,COD,Cancelled
4892,820,6,2024-05-17,2,31240,Credit Card,Cancelled
4893,149,36,2024-10-19,3,22012,UPI,Cancelled
4894,903,20,2024-07-04,1,10606,Wallet,Delivered
4895,949,19,2024-01-20,4,23036,Wallet,Returned
4896,510,29,2024-05-31,1,28187,Wallet,Cancelled
4897,171,43,2024-07-01,2,8715,Wallet,Returned
4898,423,3,2024-05-06,3,29637,COD,Cancelled
4899,292,49,2024-02-04,3,33130,Wallet,Returned
4900,919,23,2024-02-10,4,42615,UPI,Returned
4901,465,18,2024-10-03,1,46744,COD,Returned
4902,34,12,2024-05-06,2,32720,Credit Card,Returned
4903,277,23,2024-01-04,1,31546,COD,Cancelled
4904,801,41,2024-01-17,2,15527,Credit Card,Cancelled
4905,340,12,2024-03-09,5,39957,Wallet,Delivered
4906,394,13,2024-08-01,3,40109,Credit Card,Delivered
4907,186,36,2024-03-22,4,33973,Wallet,Delivered
4908,168,7,2024-05-24,5,19398,Credit Card,Delivered
4909,221,1,2024-01-11,4,17497,UPI,Cancelled
4910,365,10,2024-05-15,4,41127,Credit Card,Cancelled
4911,217,42,2024-09-15,4,5647,Credit Card,Cancelled
4912,338,8,2024-07-17,3,1833,Wallet,Cancelled
4913,812,10,2024-08-10,3,4303,UPI,Returned
4914,847,3,2024-09-27,3,39132,UPI,Returned
4915,144,38,2024-02-02,4,43597,Credit Card,Cancelled
4916,365,39,2024-06-13,5,31462,COD,Returned
4917,168,40,2024-12-11,2,46407,UPI,Delivered
4918,781,44,2024-05-16,5,29746,UPI,Returned
4919,554,13,2024-11-15,4,4407,Credit Card,Returned
4920,388,36,2024-01-23,3,16974,Credit Card,Delivered
4921,700,41,2024-10-07,5,25724,UPI,Cancelled
4922,805,15,2024-11-11,4,35062,UPI,Cancelled
4923,626,31,2024-10-03,3,21106,UPI,Delivered
4924,155,13,2024-08-02,2,10242,COD,Delivered
4925,318,27,2024-01-01,2,7794,COD,Returned
4926,149,27,2024-07-18,1,46607,Wallet,Delivered
4927,381,8,2024-01-19,1,35020,Credit Card,Cancelled
4928,357,2,2024-03-29,4,28219,Wallet,Cancelled
4929,676,33,2024-07-23,1,15059,UPI,Returned
4930,232,15,2024-03-16,1,9572,COD,Returned
4931,503,47,2024-12-03,1,34381,Credit Card,Delivered
4932,64,50,2024-02-18,2,17010,UPI,Cancelled
4933,566,28,2024-06-16,1,12884,Wallet,Delivered
4934,589,36,2024-05-24,1,31726,UPI,Delivered
4935,849,24,2024-09-02,3,43392,UPI,Cancelled
4936,296,3,2024-07-07,5,16078,COD,Returned
4937,161,2,2024-03-19,1,10378,UPI,Delivered
4938,933,8,2024-05-05,5,14513,Credit Card,Returned
4939,598,41,2024-12-24,1,41911,UPI,Cancelled
4940,263,36,2024-12-21,3,36835,COD,Delivered
4941,162,9,2024-09-30,5,34660,COD,Returned
4942,378,50,2024-01-24,2,28655,Wallet,Returned
4943,306,31,2024-02-29,5,24909,Wallet,Delivered
4944,31,18,2024-11-28,5,39969,UPI,Cancelled
4945,363,32,2024-07-09,4,19644,UPI,Returned
4946,674,15,2024-12-19,3,44673,Credit Card,Delivered
4947,944,24,2024-11-05,4,10678,UPI,Returned
4948,264,27,2024-11-21,3,28161,Wallet,Delivered
4949,312,33,2024-01-16,1,2857,COD,Delivered
4950,867,4,2024-01-23,1,21556,UPI,Delivered
4951,306,33,2024-08-09,1,43826,COD,Delivered
4952,696,9,2024-02-04,2,3775,COD,Delivered
4953,141,25,2024-04-20,5,40142,UPI,Cancelled
4954,478,34,2024-06-18,1,1654,COD,Delivered
4955,166,21,2024-01-31,1,36694,Wallet,Delivered
4956,803,10,2024-01-14,2,18104,Wallet,Returned
4957,296,35,2024-07-26,5,29770,Wallet,Cancelled
4958,337,48,2024-07-23,2,4440,Wallet,Cancelled
4959,84,43,2024-12-06,3,14580,UPI,Delivered
4960,921,9,2024-01-23,3,40012,Credit Card,Returned
4961,322,16,2024-09-14,3,17950,UPI,Cancelled
4962,386,2,2024-08-28,3,37133,Credit Card,Delivered
4963,798,37,2024-08-26,2,42050,Wallet,Delivered
4964,39,1,2024-11-16,1,10616,Credit Card,Cancelled
4965,291,2,2024-05-27,3,31992,Credit Card,Returned
4966,747,30,2024-01-08,2,7697,UPI,Cancelled
4967,694,40,2024-12-19,1,1386,Credit Card,Cancelled
4968,801,10,2024-06-10,4,33210,COD,Delivered
4969,325,21,2024-08-24,2,4568,UPI,Cancelled
4970,260,23,2024-03-27,4,38632,Credit Card,Delivered
4971,519,9,2024-07-30,5,13410,COD,Cancelled
4972,332,3,2024-07-10,1,35732,Wallet,Cancelled
4973,384,1,2024-10-11,2,8303,Credit Card,Cancelled
4974,245,29,2024-03-11,3,27746,COD,Returned
4975,632,50,2024-11-29,4,33888,Wallet,Returned
4976,462,6,2024-07-31,4,48629,COD,Cancelled
4977,38,31,2024-08-19,2,37331,Credit Card,Cancelled
4978,133,13,2024-09-19,2,2249,Wallet,Cancelled
4979,765,44,2024-08-10,5,3015,UPI,Cancelled
4980,129,3,2024-12-25,5,27417,UPI,Delivered
4981,306,24,2024-08-09,4,18164,UPI,Cancelled
4982,621,16,2024-06-09,1,8519,Wallet,Delivered
4983,229,47,2024-11-07,2,25362,COD,Returned
4984,319,50,2024-09-04,1,36709,Wallet,Delivered
4985,800,43,2024-02-03,2,18277,UPI,Delivered
4986,867,6,2024-02-28,4,14870,Credit Card,Delivered
4987,448,19,2024-12-02,5,36456,COD,Cancelled
4988,921,9,2024-01-24,2,22825,COD,Returned
4989,228,24,2024-11-13,3,13659,UPI,Cancelled
4990,622,44,2024-03-06,5,5565,UPI,Delivered
4991,55,2,2024-09-06,4,13095,UPI,Delivered
4992,702,38,2024-04-29,4,25594,UPI,Returned
4993,895,11,2024-03-09,5,8668,COD,Cancelled
4994,349,47,2024-01-05,4,26422,Credit Card,Delivered
4995,702,31,2024-01-09,2,42674,Credit Card,Cancelled
4996,765,31,2024-04-17,5,13901,Credit Card,Cancelled
4997,319,28,2024-11-14,2,10615,UPI,Returned
4998,838,39,2024-02-27,2,16099,Wallet,Delivered
4999,785,47,2024-08-06,3,44073,Credit Card,Delivered
5000,206,38,2024-05-25,4,3974,Credit Card,Delivered
