order_item_id,order_id,product_id,quantity,unit_price,total_price,discount,return_id,return_reason,return_date,refund_amount,status
11197,3690,383,2,3997,7994,7,1,Other,2025-09-06,5406.889681351531,Processed
423,145,289,1,6074,6074,9,2,Late Delivery,2025-11-05,4704.995112809825,Pending
13616,4492,38,2,7964,15928,35,3,Wrong Item,2025-03-20,13324.888867807262,Pending
5610,1862,447,1,2645,2645,5,4,Damaged,2025-07-10,1514.3253405196174,Pending
9042,2983,399,1,2348,2348,38,5,Late Delivery,2025-01-04,2192.5563270149974,Pending
4372,1456,452,1,200,200,47,6,Late Delivery,2025-01-11,179.25520042581098,Processed
4575,1520,215,1,1100,1100,7,7,Late Delivery,2025-10-15,735.9874167329581,Processed
14088,4648,20,1,7740,7740,2,8,Wrong Item,2025-09-10,6735.533812546485,Processed
9741,3222,27,2,4304,8608,11,9,Damaged,2025-05-08,8015.18526166448,Processed
3985,1329,179,1,7886,7886,25,10,Other,2025-09-23,5464.29405222846,Pending
9683,3201,109,2,7744,15488,11,11,Wrong Item,2025-07-20,8184.911415178389,Pending
6755,2247,6,2,9079,18158,25,12,Damaged,2025-02-22,15346.594859631448,Processed
14949,4935,113,1,8499,8499,9,13,Wrong Item,2025-02-19,4358.95285111319,Pending
7011,2324,136,1,3041,3041,46,14,Damaged,2025-06-01,2523.4156242709646,Pending
1515,507,52,2,4381,8762,22,15,Late Delivery,2025-04-22,7144.67932592796,Processed
1860,616,184,1,2562,2562,20,16,Late Delivery,2025-03-31,2194.521952624218,Pending
5672,1883,16,1,6789,6789,40,17,Wrong Item,2025-08-10,6703.42001024692,Pending
8794,2901,252,2,2663,5326,43,18,Late Delivery,2025-08-21,3805.876421539363,Processed
15019,4959,500,2,8459,16918,35,19,Damaged,2025-09-03,12750.634315167306,Pending
10954,3612,303,1,6559,6559,8,20,Late Delivery,2025-11-29,5646.244992667321,Processed
4244,1415,196,1,3348,3348,34,21,Wrong Item,2025-02-04,1883.2702181593368,Processed
9792,3237,482,2,4129,8258,7,22,Wrong Item,2025-05-15,6428.573968281832,Pending
7458,2468,384,2,2886,5772,32,23,Late Delivery,2025-08-07,3871.4286006067077,Pending
9,3,61,1,6585,6585,24,24,Other,2025-02-09,5244.967143283795,Pending
1899,629,14,2,6673,13346,1,25,Late Delivery,2025-04-12,9268.118956324766,Processed
1962,647,458,2,7231,14462,1,26,Other,2025-10-29,12974.43061965454,Pending
5932,1968,250,1,4301,4301,22,27,Late Delivery,2025-09-03,2595.7927775241506,Pending
3613,1206,322,1,8465,8465,35,28,Late Delivery,2025-03-22,6382.250813603479,Processed
4497,1491,134,2,433,866,44,29,Damaged,2025-09-21,851.2068802077342,Processed
2682,883,221,1,3953,3953,38,30,Other,2025-02-28,3433.5005632332404,Pending
9473,3134,168,1,2126,2126,45,31,Wrong Item,2025-06-12,1668.235626576651,Processed
8661,2851,366,2,3411,6822,27,32,Other,2025-05-13,6032.118565001578,Pending
8524,2807,48,1,7171,7171,31,33,Wrong Item,2025-01-24,5182.036406660958,Pending
73,28,151,2,9774,19548,26,34,Late Delivery,2025-11-04,17707.185938035153,Pending
14838,4895,352,2,8327,16654,47,35,Other,2025-08-21,12114.483275803766,Pending
11385,3753,352,2,8327,16654,46,36,Other,2025-05-17,10402.348600161406,Pending
7093,2353,156,2,1080,2160,37,37,Other,2025-08-21,2073.954665492938,Pending
5300,1758,413,1,7682,7682,36,38,Other,2025-03-01,6382.31735820195,Processed
8133,2689,189,1,7671,7671,18,39,Late Delivery,2025-08-19,4901.720653219001,Pending
3264,1088,491,1,7872,7872,5,40,Late Delivery,2025-01-03,7060.2435509253755,Processed
8002,2647,108,1,1845,1845,17,41,Other,2025-03-04,959.3507937827787,Pending
8783,2899,397,1,9923,9923,8,42,Late Delivery,2025-02-02,5295.7035073439065,Processed
11896,3922,326,1,8014,8014,48,43,Other,2025-05-19,5415.831781154027,Processed
3684,1231,291,1,2599,2599,29,44,Wrong Item,2025-08-28,1921.55798721028,Pending
15100,4987,170,1,5243,5243,9,45,Wrong Item,2025-09-29,3822.385584864029,Pending
2991,995,25,2,7208,14416,18,46,Other,2025-03-26,9488.435297890215,Pending
8510,2804,213,2,1327,2654,27,47,Wrong Item,2025-01-24,1891.8368997337323,Processed
14333,4728,405,2,7803,15606,7,48,Wrong Item,2025-05-20,14803.456446844473,Processed
8476,2793,155,1,3414,3414,29,49,Other,2025-07-24,2046.2115165629996,Pending
4365,1454,206,2,6328,12656,38,50,Wrong Item,2025-06-27,11357.142544555236,Pending
5862,1948,315,2,5375,10750,39,51,Wrong Item,2025-07-07,6477.955447585995,Processed
9498,3141,58,1,9175,9175,40,52,Late Delivery,2025-05-03,6714.56097019441,Pending
13029,4303,294,2,2813,5626,5,53,Other,2025-08-16,3415.7564646842925,Processed
13020,4301,252,2,2663,5326,39,54,Other,2025-09-11,2798.7847307023058,Pending
5969,1980,357,1,1901,1901,35,55,Damaged,2025-09-22,1638.2311662553413,Pending
4965,1644,10,2,7504,15008,46,56,Late Delivery,2025-04-08,8021.340678037795,Processed
3353,1116,266,2,1413,2826,16,57,Late Delivery,2025-06-08,1921.240666189151,Pending
12648,4179,297,2,1490,2980,48,58,Late Delivery,2025-05-15,2648.604352297315,Pending
2630,865,368,2,2023,4046,21,59,Damaged,2025-07-07,3340.1679119878995,Pending
154,55,232,2,4005,8010,12,60,Late Delivery,2025-01-08,7758.905725128273,Processed
7909,2616,336,1,2077,2077,32,61,Other,2025-08-13,1688.6470660196114,Pending
2322,763,324,2,9564,19128,31,62,Damaged,2025-04-13,11351.91848200974,Pending
15144,5000,223,1,3994,3994,33,63,Damaged,2025-06-22,2260.561247796827,Processed
8278,2732,149,1,6253,6253,39,64,Other,2025-01-31,5364.202185146744,Pending
12706,4200,498,1,5376,5376,12,65,Other,2025-09-15,3678.4569480692944,Pending
4461,1482,412,1,2577,2577,43,66,Wrong Item,2025-10-16,2170.0610599655006,Processed
14135,4660,258,1,6742,6742,26,67,Late Delivery,2025-01-25,5462.990045718028,Pending
12275,4047,189,1,7671,7671,44,68,Late Delivery,2025-07-09,3970.544647225239,Pending
12443,4110,435,1,1446,1446,27,69,Other,2025-06-05,1401.343327524084,Pending
14431,4760,478,1,7111,7111,27,70,Late Delivery,2025-05-16,4428.054409929327,Pending
14134,4660,453,1,9440,9440,20,71,Other,2025-10-18,5257.024699624652,Processed
14843,4898,46,2,2736,5472,6,72,Damaged,2025-06-28,4754.307534892539,Pending
12492,4127,181,1,575,575,24,73,Damaged,2025-05-18,488.3735035272218,Pending
13773,4541,439,1,8872,8872,18,74,Late Delivery,2025-01-01,8299.749055737702,Pending
4016,1339,189,2,7671,15342,21,75,Other,2025-03-16,11233.655885027976,Pending
3217,1074,17,2,3755,7510,32,76,Other,2025-09-07,7290.863564870301,Processed
3370,1121,247,1,5807,5807,1,77,Late Delivery,2025-07-30,3249.5758513233704,Processed
1776,592,378,2,9971,19942,22,78,Other,2025-10-17,14852.090490412516,Pending
11714,3860,16,2,6789,13578,3,79,Wrong Item,2025-03-19,13345.02864203817,Pending
14813,4885,445,2,2069,4138,24,80,Late Delivery,2025-04-25,2651.2176282820033,Pending
6072,2015,300,2,3824,7648,45,81,Wrong Item,2025-02-03,7272.9539508523285,Processed
4384,1459,366,2,3411,6822,25,82,Other,2025-04-18,5094.929513680038,Processed
6489,2153,288,1,6709,6709,0,83,Damaged,2025-04-03,4621.814164077658,Pending
3410,1132,181,2,575,1150,27,84,Damaged,2025-11-20,1025.7811640506704,Pending
14014,4624,211,2,8936,17872,47,85,Late Delivery,2025-02-26,11111.878002873991,Pending
11016,3631,93,1,8858,8858,19,86,Damaged,2025-03-10,8457.56284363905,Processed
5148,1704,265,1,445,445,30,87,Damaged,2025-09-18,335.9270379648051,Pending
2683,883,383,1,3997,3997,13,88,Wrong Item,2025-04-09,3485.932757577396,Processed
11245,3705,373,1,5255,5255,21,89,Other,2025-07-10,5181.5281594898215,Pending
5103,1690,63,1,226,226,3,90,Damaged,2025-05-20,167.0518094612121,Pending
1818,604,422,1,2063,2063,18,91,Late Delivery,2025-01-18,1731.1624613097931,Pending
13989,4615,371,1,8364,8364,6,92,Late Delivery,2025-04-10,7720.19333635726,Processed
10924,3603,493,1,674,674,44,93,Damaged,2025-02-19,572.133022145235,Pending
2436,801,65,2,1575,3150,31,94,Wrong Item,2025-08-04,2471.916571862679,Pending
10993,3622,276,2,5653,11306,38,95,Other,2025-04-22,10489.207532073955,Processed
5093,1687,248,2,5140,10280,10,96,Wrong Item,2025-05-17,6393.166182181859,Pending
9544,3153,396,2,2758,5516,16,97,Other,2025-07-06,5455.705143571418,Processed
14519,4791,328,2,1982,3964,2,98,Late Delivery,2025-05-27,3819.2257531531995,Pending
15035,4965,404,2,5532,11064,11,99,Late Delivery,2025-04-11,10100.912729970127,Processed
10917,3602,256,1,8015,8015,39,100,Late Delivery,2025-09-16,4598.406108133386,Processed
686,232,50,2,7706,15412,0,101,Wrong Item,2025-11-11,11064.610610747597,Processed
3946,1318,457,1,4081,4081,13,102,Other,2025-11-19,3430.3760005734807,Pending
737,250,235,1,931,931,2,103,Other,2025-07-17,866.8465011416902,Processed
11708,3857,348,2,9864,19728,21,104,Late Delivery,2025-01-24,10615.207623865157,Pending
5223,1729,65,1,1575,1575,7,105,Wrong Item,2025-03-07,838.617231255929,Processed
14338,4729,437,2,8765,17530,17,106,Late Delivery,2025-03-31,16354.506205652899,Pending
9464,3131,255,1,6915,6915,0,107,Wrong Item,2025-04-30,5334.023184552797,Processed
6199,2054,157,1,8682,8682,26,108,Wrong Item,2025-05-09,7584.139439469481,Pending
7060,2340,254,2,8080,16160,6,109,Late Delivery,2025-08-25,13807.425163142829,Processed
13083,4319,174,1,5394,5394,45,110,Other,2025-09-02,4331.788350708808,Processed
7699,2548,475,1,2596,2596,7,111,Wrong Item,2025-03-30,1492.5708443385786,Pending
13259,4377,239,2,2008,4016,30,112,Other,2025-11-17,2796.3704680563806,Processed
441,153,429,1,9556,9556,30,113,Other,2025-03-11,8138.138188074432,Pending
2820,932,14,2,6673,13346,7,114,Damaged,2025-10-22,8625.087642177768,Processed
7088,2351,150,1,179,179,33,115,Wrong Item,2025-06-19,153.39549269473827,Pending
3175,1060,95,1,1920,1920,49,116,Damaged,2025-08-25,1574.2290841838862,Pending
7350,2435,125,2,4484,8968,15,117,Wrong Item,2025-01-22,8410.450729620607,Processed
1163,389,203,1,8865,8865,7,118,Damaged,2025-01-04,7985.300815371688,Pending
5383,1785,468,2,1895,3790,2,119,Damaged,2025-06-23,2036.1989283210462,Pending
8832,2914,340,1,6534,6534,26,120,Other,2025-11-15,5971.915116127162,Processed
5605,1858,438,1,9722,9722,43,121,Other,2025-05-30,5150.862338963833,Pending
12029,3966,257,1,1515,1515,37,122,Damaged,2025-07-31,879.8517521859586,Pending
4368,1455,498,1,5376,5376,48,123,Other,2025-09-02,4059.900179700802,Pending
7018,2326,121,1,9357,9357,37,124,Late Delivery,2025-11-05,7427.752518299944,Processed
4969,1646,237,1,3798,3798,28,125,Damaged,2025-09-15,2125.0919947095,Processed
13125,4333,88,2,1892,3784,19,126,Late Delivery,2025-07-25,2428.386391317552,Pending
14988,4946,260,2,2313,4626,44,127,Wrong Item,2025-10-30,3241.542897430128,Pending
11320,3731,256,2,8015,16030,14,128,Late Delivery,2025-01-31,15138.873051548815,Pending
6284,2080,87,1,5931,5931,18,129,Late Delivery,2025-04-07,5379.386857910631,Processed
2054,676,354,1,6624,6624,33,130,Other,2025-01-03,3349.027955651704,Pending
2019,665,220,2,792,1584,20,131,Late Delivery,2025-04-12,922.336060103744,Processed
31,10,139,2,6678,13356,16,132,Other,2025-04-03,9742.27058631498,Processed
11536,3804,98,2,8801,17602,14,133,Other,2025-10-09,12653.507191986771,Pending
8132,2689,100,1,2808,2808,45,134,Damaged,2025-07-29,2734.4707809977117,Processed
7526,2488,316,2,2025,4050,13,135,Wrong Item,2025-10-19,3303.9465041713843,Processed
11528,3801,432,1,5619,5619,34,136,Wrong Item,2025-09-29,5550.660575705586,Processed
3437,1141,268,2,8452,16904,19,137,Late Delivery,2025-02-04,8634.100395321871,Pending
13260,4378,67,1,1386,1386,43,138,Wrong Item,2025-04-13,1184.3517005835267,Processed
10110,3344,459,2,3610,7220,44,139,Damaged,2025-11-25,4013.980943793947,Pending
12660,4184,208,1,9063,9063,42,140,Other,2025-01-20,8878.292922101005,Pending
9251,3050,63,1,226,226,10,141,Late Delivery,2025-10-25,194.12510079420463,Pending
5893,1956,395,1,4317,4317,30,142,Late Delivery,2025-06-02,2824.860647017696,Pending
3070,1023,373,1,5255,5255,21,143,Late Delivery,2025-03-09,2641.7507011488833,Pending
6683,2223,403,1,5297,5297,42,144,Damaged,2025-08-10,4971.326297029269,Pending
5878,1951,96,1,7924,7924,4,145,Damaged,2025-10-14,6064.80876040492,Pending
2186,719,43,1,2257,2257,3,146,Wrong Item,2025-02-28,1764.5444704149322,Processed
639,217,241,2,6358,12716,49,147,Wrong Item,2025-06-22,6847.823855129847,Pending
1567,524,142,1,4451,4451,47,148,Late Delivery,2025-10-13,2391.8588836898675,Pending
4089,1368,391,2,7357,14714,47,149,Damaged,2025-06-26,8944.694179775996,Pending
5907,1958,66,2,3514,7028,2,150,Late Delivery,2025-06-21,5871.853476511317,Processed
14367,4740,28,1,3348,3348,23,151,Wrong Item,2025-11-08,2671.4983202058334,Processed
9562,3159,392,2,1069,2138,41,152,Late Delivery,2025-06-26,2068.4468194934266,Pending
2097,693,279,2,8933,17866,9,153,Damaged,2025-05-24,16311.240526608013,Pending
11907,3925,118,2,3022,6044,15,154,Wrong Item,2025-06-02,4177.612855739704,Processed
12541,4143,443,1,1814,1814,29,155,Damaged,2025-05-06,1149.8704386467866,Pending
12993,4293,174,1,5394,5394,21,156,Other,2025-05-13,5225.458914233216,Pending
11276,3718,312,2,1017,2034,2,157,Wrong Item,2025-01-13,1617.1434823085442,Pending
382,133,495,2,7826,15652,23,158,Wrong Item,2025-07-29,10367.313075603042,Pending
11780,3880,232,1,4005,4005,5,159,Damaged,2025-05-17,3877.8461329243096,Processed
10764,3555,482,1,4129,4129,40,160,Damaged,2025-09-23,2744.1139682764247,Processed
3618,1208,412,2,2577,5154,28,161,Wrong Item,2025-02-18,3274.6370530077675,Processed
1855,615,474,2,6848,13696,6,162,Damaged,2025-05-17,7394.856740159963,Processed
7289,2418,223,2,3994,7988,49,163,Damaged,2025-06-05,7647.926628091555,Pending
12915,4270,59,1,3707,3707,13,164,Wrong Item,2025-02-19,3129.1498439287084,Processed
14797,4880,127,1,803,803,15,165,Late Delivery,2025-06-06,702.7692220992519,Processed
8534,2811,377,1,3078,3078,38,166,Wrong Item,2025-02-26,2454.9066988369423,Pending
11333,3737,59,2,3707,7414,9,167,Damaged,2025-08-10,5564.03835653908,Pending
5194,1719,277,2,1812,3624,49,168,Other,2025-03-20,2458.8472328724433,Pending
8662,2851,33,1,2531,2531,11,169,Wrong Item,2025-07-20,1758.759843041193,Processed
9404,3109,313,2,2105,4210,35,170,Wrong Item,2025-08-31,3146.9900391454244,Processed
13713,4525,230,2,1378,2756,27,171,Damaged,2025-08-01,2099.5080021777153,Pending
9236,3047,340,1,6534,6534,17,172,Late Delivery,2025-09-07,5645.132322138118,Processed
4269,1425,330,2,6169,12338,18,173,Late Delivery,2025-11-06,7073.059158397002,Pending
10914,3601,352,1,8327,8327,40,174,Late Delivery,2025-11-29,4740.474678257358,Pending
3079,1026,149,2,6253,12506,33,175,Late Delivery,2025-02-23,10408.17171167192,Processed
3062,1021,42,1,3798,3798,18,176,Late Delivery,2025-09-12,2113.746190224029,Pending
14987,4946,430,2,8207,16414,19,177,Late Delivery,2025-02-09,8901.560452849151,Pending
12133,3999,316,2,2025,4050,48,178,Other,2025-08-31,2292.011980311921,Processed
6056,2010,260,2,2313,4626,2,179,Other,2025-02-08,3236.0711703559314,Processed
12384,4088,201,1,1906,1906,28,180,Late Delivery,2025-08-04,1745.2104764583398,Pending
3724,1245,306,2,427,854,21,181,Late Delivery,2025-09-07,743.0535588313313,Pending
8043,2661,245,2,6825,13650,46,182,Other,2025-05-02,8980.83372966321,Processed
11921,3929,232,1,4005,4005,22,183,Damaged,2025-04-20,2013.8233567155503,Pending
8625,2839,125,1,4484,4484,42,184,Damaged,2025-09-29,3798.748604358971,Processed
1309,435,6,2,9079,18158,2,185,Late Delivery,2025-04-03,16557.67333729661,Processed
5427,1800,211,2,8936,17872,8,186,Other,2025-11-05,10011.625433908102,Processed
5617,1865,193,2,2706,5412,44,187,Late Delivery,2025-05-27,4439.374056842965,Pending
10948,3610,430,2,8207,16414,7,188,Wrong Item,2025-05-09,12458.825727515361,Pending
2161,711,304,1,5702,5702,17,189,Wrong Item,2025-03-12,3102.0150216624374,Pending
2032,670,230,1,1378,1378,35,190,Damaged,2025-04-30,1000.0797986288925,Pending
14883,4911,364,1,5032,5032,23,191,Damaged,2025-02-23,4003.967350711097,Pending
14611,4820,109,1,7744,7744,11,192,Other,2025-11-17,6523.879483316159,Processed
7548,2496,372,2,1416,2832,0,193,Late Delivery,2025-07-30,2139.914540941855,Pending
1324,440,171,2,4878,9756,36,194,Late Delivery,2025-04-25,9253.387754619513,Processed
14071,4642,226,2,6844,13688,10,195,Wrong Item,2025-10-14,12257.252495065699,Pending
13764,4538,388,2,2920,5840,8,196,Damaged,2025-04-21,4672.08116840545,Pending
9789,3235,424,1,8160,8160,37,197,Wrong Item,2025-08-14,4605.181246980484,Pending
10009,3311,284,2,1327,2654,3,198,Damaged,2025-07-12,1923.8269545977894,Pending
2512,826,474,1,6848,6848,2,199,Late Delivery,2025-10-17,5744.931313869876,Pending
10384,3430,248,1,5140,5140,28,200,Late Delivery,2025-11-10,3697.368202718454,Processed
1687,563,322,1,8465,8465,47,201,Wrong Item,2025-05-20,6996.253992968139,Processed
10056,3328,320,1,4686,4686,31,202,Other,2025-06-14,4046.1963499995495,Pending
7927,2620,249,2,3076,6152,38,203,Wrong Item,2025-10-16,4125.215052306146,Pending
7401,2453,210,2,2955,5910,18,204,Damaged,2025-08-06,4697.8111701224925,Pending
11879,3916,62,2,7260,14520,47,205,Late Delivery,2025-03-26,8992.461343504989,Pending
6283,2080,121,2,9357,18714,24,206,Wrong Item,2025-09-26,9677.189104096336,Pending
7154,2376,130,2,8697,17394,14,207,Wrong Item,2025-04-20,10581.090662677829,Pending
10619,3511,241,2,6358,12716,15,208,Damaged,2025-07-05,11917.834492828435,Processed
2735,902,167,2,7276,14552,29,209,Wrong Item,2025-07-22,9932.175800739593,Processed
1673,557,260,1,2313,2313,28,210,Wrong Item,2025-03-16,2069.277880977258,Processed
7108,2358,484,1,966,966,1,211,Wrong Item,2025-06-15,886.1287073994962,Processed
1747,582,142,1,4451,4451,44,212,Damaged,2025-07-28,2807.6946252545545,Processed
11929,3931,491,1,7872,7872,24,213,Wrong Item,2025-04-21,7547.622922415039,Pending
7055,2338,150,2,179,358,36,214,Wrong Item,2025-12-01,303.35101135983905,Processed
7073,2345,120,2,458,916,29,215,Late Delivery,2025-10-28,489.7734500252693,Processed
12414,4101,153,2,6657,13314,37,216,Damaged,2025-11-22,7726.661589388623,Pending
998,337,415,1,9335,9335,48,217,Late Delivery,2025-02-18,6044.747151857116,Pending
8269,2728,158,1,3155,3155,26,218,Wrong Item,2025-07-27,1625.5583762773383,Pending
9803,3239,200,1,994,994,12,219,Damaged,2025-03-08,887.9006463027156,Processed
13846,4565,358,1,876,876,15,220,Other,2025-02-01,862.1715300118008,Pending
14865,4906,199,1,9352,9352,1,221,Late Delivery,2025-11-13,6537.146964096692,Processed
7516,2485,232,1,4005,4005,22,222,Wrong Item,2025-08-28,3587.934879891626,Pending
10151,3356,413,2,7682,15364,12,223,Late Delivery,2025-01-09,13237.885312197142,Pending
12155,4006,124,1,4127,4127,32,224,Wrong Item,2025-11-16,3463.1168317649945,Pending
360,127,232,1,4005,4005,10,225,Wrong Item,2025-01-21,3098.585410203203,Processed
7457,2468,82,2,9229,18458,38,226,Other,2025-05-31,17835.157728233353,Pending
14131,4659,199,1,9352,9352,46,227,Wrong Item,2025-03-07,5371.897185780718,Pending
9147,3018,317,2,3598,7196,3,228,Late Delivery,2025-06-19,5339.501080732168,Pending
9089,2999,56,1,3520,3520,8,229,Late Delivery,2025-05-16,2703.9692533458865,Pending
12608,4165,308,1,9878,9878,40,230,Late Delivery,2025-01-14,6071.623770432766,Processed
14314,4722,43,2,2257,4514,41,231,Damaged,2025-09-02,3967.9877963085482,Pending
7245,2406,39,1,569,569,31,232,Wrong Item,2025-11-26,402.05625153643365,Processed
398,139,59,1,3707,3707,9,233,Other,2025-01-13,1989.6448477316417,Pending
5753,1911,208,1,9063,9063,49,234,Damaged,2025-06-08,4608.231308789599,Processed
82,32,441,2,5608,11216,48,235,Late Delivery,2025-01-02,6728.735313300341,Processed
13158,4341,442,1,5784,5784,41,236,Wrong Item,2025-06-29,5036.646529087326,Pending
10792,3562,381,2,1186,2372,5,237,Other,2025-05-20,1897.3425649553162,Pending
13358,4408,483,2,5769,11538,40,238,Wrong Item,2025-04-08,6794.344009289066,Pending
6993,2319,37,2,5974,11948,20,239,Other,2025-06-26,11341.86537573164,Processed
6784,2258,52,2,4381,8762,39,240,Late Delivery,2025-02-17,8221.433844981626,Processed
1966,648,27,1,4304,4304,33,241,Damaged,2025-05-11,2881.669737221838,Pending
552,191,271,1,9332,9332,48,242,Late Delivery,2025-01-07,4699.127021409184,Processed
9758,3227,46,2,2736,5472,19,243,Damaged,2025-03-23,4609.984573191815,Processed
13812,4552,168,1,2126,2126,36,244,Wrong Item,2025-01-02,1811.607439971433,Processed
14213,4684,457,2,4081,8162,41,245,Damaged,2025-05-03,5750.589144940059,Pending
3491,1158,250,2,4301,8602,28,246,Wrong Item,2025-02-15,6212.429523192707,Processed
332,115,397,1,9923,9923,12,247,Other,2025-02-03,6115.3566395256685,Processed
3427,1137,304,2,5702,11404,23,248,Late Delivery,2025-11-20,7003.052618478201,Pending
9189,3033,14,1,6673,6673,9,249,Wrong Item,2025-07-04,3751.1645381044855,Pending
12761,4215,387,1,9763,9763,1,250,Wrong Item,2025-11-09,7240.725112367176,Processed
11014,3630,486,2,7644,15288,1,251,Wrong Item,2025-02-16,9025.055407782935,Processed
871,294,264,2,2992,5984,42,252,Other,2025-02-24,5005.200555621197,Processed
5294,1755,312,1,1017,1017,25,253,Late Delivery,2025-05-08,624.4144924749605,Pending
13899,4585,359,1,134,134,41,254,Damaged,2025-09-04,132.60759487927604,Processed
15145,5000,333,1,4948,4948,41,255,Late Delivery,2025-02-01,4700.116943947888,Pending
11070,3647,499,2,7189,14378,36,256,Wrong Item,2025-06-13,7916.658042437115,Pending
8365,2760,421,1,1837,1837,8,257,Late Delivery,2025-08-02,1280.282586554746,Pending
997,336,321,1,7163,7163,15,258,Late Delivery,2025-10-23,6619.445304557459,Pending
3553,1182,127,2,803,1606,14,259,Other,2025-08-01,1299.2545168195036,Processed
9418,3116,221,1,3953,3953,21,260,Other,2025-05-08,2251.562501029404,Pending
5838,1941,51,1,4970,4970,35,261,Other,2025-03-20,2595.9480569975553,Pending
14162,4668,172,1,8206,8206,17,262,Other,2025-01-29,7169.690292450708,Pending
3312,1105,182,1,3502,3502,34,263,Damaged,2025-07-02,3497.4757935602993,Pending
8701,2868,38,2,7964,15928,5,264,Damaged,2025-06-28,14086.11198499256,Processed
1607,537,343,2,6618,13236,18,265,Late Delivery,2025-03-24,7078.858803028829,Pending
4268,1424,273,2,9304,18608,20,266,Other,2025-01-22,14623.681761585047,Pending
8710,2872,429,2,9556,19112,39,267,Late Delivery,2025-06-09,16107.05031251022,Processed
14816,4886,467,2,989,1978,28,268,Late Delivery,2025-10-08,1064.035875936808,Pending
12903,4264,383,2,3997,7994,2,269,Other,2025-09-10,4606.819322730008,Processed
6298,2083,448,1,2566,2566,9,270,Late Delivery,2025-09-24,2354.3175034439205,Pending
13290,4387,220,1,792,792,21,271,Damaged,2025-02-07,687.6639534721362,Pending
6749,2246,428,1,4566,4566,9,272,Late Delivery,2025-07-17,2872.1634027942414,Pending
8848,2920,452,2,200,400,20,273,Other,2025-08-09,348.0065345796863,Processed
4671,1552,440,1,632,632,34,274,Other,2025-03-28,598.96009008788,Processed
776,266,153,1,6657,6657,20,275,Other,2025-02-04,4567.08827053231,Processed
1702,568,30,2,7952,15904,9,276,Damaged,2025-06-24,11662.832091643057,Processed
12494,4128,71,2,1979,3958,14,277,Late Delivery,2025-04-29,3754.5767210167896,Processed
9160,3024,38,1,7964,7964,11,278,Wrong Item,2025-08-14,6742.640822045091,Pending
2133,704,37,1,5974,5974,22,279,Wrong Item,2025-05-21,3436.3932656508705,Pending
2997,997,440,2,632,1264,35,280,Wrong Item,2025-02-25,1044.1113060519438,Processed
1617,540,109,1,7744,7744,38,281,Wrong Item,2025-02-27,4531.2044346252615,Processed
6567,2183,325,2,4425,8850,32,282,Late Delivery,2025-02-27,5939.619766527617,Processed
6277,2078,348,2,9864,19728,7,283,Late Delivery,2025-01-16,14264.748216624326,Pending
6794,2261,329,1,6394,6394,30,284,Wrong Item,2025-04-23,3689.433281681054,Pending
1663,553,397,2,9923,19846,3,285,Other,2025-10-30,17777.92603975116,Processed
3755,1255,474,1,6848,6848,9,286,Other,2025-05-15,5998.20461099707,Processed
2475,816,492,1,2978,2978,39,287,Damaged,2025-11-03,2517.420354504611,Processed
12568,4153,115,1,901,901,12,288,Other,2025-09-12,881.4252604614138,Processed
14632,4827,155,2,3414,6828,28,289,Damaged,2025-09-28,5945.280301951946,Processed
4847,1607,209,2,8256,16512,0,290,Wrong Item,2025-09-14,11794.146321087812,Processed
12679,4190,488,1,5080,5080,14,291,Late Delivery,2025-11-07,2557.7300656933835,Pending
5037,1671,381,2,1186,2372,21,292,Wrong Item,2025-03-31,2191.9124711562504,Pending
8396,2769,424,2,8160,16320,33,293,Damaged,2025-01-08,12016.823933821395,Pending
951,323,467,2,989,1978,39,294,Wrong Item,2025-11-23,1103.2335712958009,Processed
11652,3839,486,2,7644,15288,40,295,Damaged,2025-09-19,13815.234571313908,Pending
5550,1840,120,2,458,916,30,296,Wrong Item,2025-11-02,666.169644079383,Pending
5622,1867,388,2,2920,5840,31,297,Wrong Item,2025-05-27,3995.557581170349,Processed
14533,4796,321,1,7163,7163,39,298,Damaged,2025-08-07,4954.070824945238,Pending
7842,2593,210,2,2955,5910,33,299,Wrong Item,2025-02-18,5767.442320322052,Processed
14155,4666,78,2,9614,19228,32,300,Late Delivery,2025-07-21,18571.101747634475,Pending
443,153,382,2,1765,3530,42,301,Damaged,2025-04-14,2619.129133365985,Processed
8048,2662,100,2,2808,5616,25,302,Late Delivery,2025-01-25,5024.17799993379,Processed
14408,4754,46,2,2736,5472,43,303,Wrong Item,2025-02-15,2773.0336973684466,Pending
10916,3601,423,2,9274,18548,15,304,Other,2025-04-23,15043.94581329107,Pending
14842,4898,323,1,3539,3539,11,305,Damaged,2025-02-14,3036.1601208160537,Pending
1333,443,89,2,1967,3934,40,306,Late Delivery,2025-01-01,3565.647238149692,Processed
5507,1827,14,1,6673,6673,17,307,Wrong Item,2025-11-25,5497.4673601228915,Processed
11041,3638,31,1,6864,6864,49,308,Other,2025-10-30,4216.517250024859,Processed
2340,770,218,2,5588,11176,40,309,Damaged,2025-09-14,7063.815025743745,Processed
9095,3001,420,2,2612,5224,26,310,Wrong Item,2025-01-30,4133.3271075712055,Pending
8110,2682,16,2,6789,13578,47,311,Wrong Item,2025-05-13,11847.585437964337,Processed
10946,3610,248,1,5140,5140,47,312,Wrong Item,2025-01-20,4640.315444360715,Processed
8487,2796,68,1,1393,1393,21,313,Damaged,2025-02-11,1002.6716946507768,Processed
10420,3441,329,1,6394,6394,13,314,Late Delivery,2025-06-24,4655.431881990263,Processed
13280,4385,288,2,6709,13418,18,315,Late Delivery,2025-04-03,12111.584312191948,Processed
13783,4544,294,2,2813,5626,17,316,Other,2025-03-09,3740.4604745938423,Pending
14332,4728,427,2,7939,15878,37,317,Late Delivery,2025-10-21,14385.305642115973,Processed
3097,1032,110,1,166,166,45,318,Late Delivery,2025-03-13,96.28694968710526,Processed
3262,1088,353,1,8490,8490,48,319,Other,2025-01-03,7143.222891966792,Processed
7219,2395,463,1,8313,8313,27,320,Late Delivery,2025-07-27,5048.817260295053,Pending
10867,3588,434,1,7634,7634,24,321,Late Delivery,2025-10-30,6460.664727788454,Processed
710,241,317,1,3598,3598,45,322,Other,2025-01-10,3072.5769334826555,Pending
5121,1696,322,2,8465,16930,7,323,Late Delivery,2025-01-12,9941.666897961659,Processed
2540,834,194,2,8080,16160,19,324,Late Delivery,2025-09-04,8301.320581692764,Pending
2305,758,474,2,6848,13696,9,325,Damaged,2025-01-04,13427.060243312095,Pending
4343,1447,24,2,1400,2800,14,326,Other,2025-01-16,2072.238648995924,Processed
9342,3086,185,2,9725,19450,23,327,Other,2025-09-23,12369.47677164679,Processed
7459,2469,11,2,6295,12590,0,328,Wrong Item,2025-03-28,10181.505365407418,Processed
12756,4214,313,1,2105,2105,48,329,Other,2025-11-01,1671.2752143131083,Processed
9920,3281,461,2,9272,18544,35,330,Damaged,2025-05-13,12101.773768824152,Processed
4160,1385,294,1,2813,2813,34,331,Wrong Item,2025-01-07,1648.496589032045,Processed
10112,3345,399,2,2348,4696,27,332,Damaged,2025-04-07,4435.388189289379,Processed
9645,3189,213,1,1327,1327,46,333,Wrong Item,2025-11-05,1003.2459566634278,Pending
14753,4865,386,2,7081,14162,2,334,Other,2025-05-07,7286.612356318649,Processed
1819,604,146,1,7549,7549,7,335,Wrong Item,2025-08-20,3939.408905870254,Processed
3154,1049,23,2,5151,10302,5,336,Late Delivery,2025-09-13,8286.955411246905,Processed
8417,2774,230,2,1378,2756,24,337,Wrong Item,2025-10-05,1971.7012956978162,Pending
5806,1931,308,1,9878,9878,10,338,Damaged,2025-02-09,5093.549875193875,Processed
7938,2624,95,1,1920,1920,10,339,Late Delivery,2025-03-06,1241.9314865170193,Processed
2215,728,253,1,4985,4985,5,340,Other,2025-10-16,3101.1924136662487,Processed
293,100,76,1,1796,1796,18,341,Wrong Item,2025-08-04,1187.3394966389974,Processed
6481,2149,345,1,6080,6080,0,342,Wrong Item,2025-08-22,5593.2687809225035,Processed
4380,1458,178,1,885,885,43,343,Late Delivery,2025-01-05,757.5740516483348,Pending
10162,3360,51,2,4970,9940,0,344,Wrong Item,2025-04-12,7556.880043670366,Processed
8799,2902,95,2,1920,3840,20,345,Late Delivery,2025-10-21,2007.7163203527616,Pending
14127,4658,472,1,8141,8141,14,346,Wrong Item,2025-04-17,6262.994428138537,Pending
7204,2391,195,2,527,1054,49,347,Other,2025-12-02,578.230264477415,Pending
4859,1611,31,2,6864,13728,25,348,Late Delivery,2025-09-05,11023.0827559752,Processed
12422,4102,401,2,2493,4986,38,349,Wrong Item,2025-02-28,4811.111087163554,Processed
12094,3989,293,2,3156,6312,46,350,Other,2025-08-07,5789.100994041733,Pending
9700,3208,292,2,9437,18874,2,351,Damaged,2025-07-14,11928.26642873466,Processed
790,269,365,1,2532,2532,6,352,Late Delivery,2025-08-20,1579.0789229130216,Pending
5699,1895,312,1,1017,1017,49,353,Other,2025-02-03,680.7074683017927,Processed
3748,1252,135,1,2784,2784,46,354,Wrong Item,2025-04-24,1471.4288733363908,Pending
8962,2959,354,2,6624,13248,0,355,Damaged,2025-06-21,11405.226073283266,Processed
10142,3354,440,2,632,1264,42,356,Other,2025-08-31,1122.3750751322789,Pending
10903,3598,460,2,8795,17590,14,357,Other,2025-10-17,16549.734133323676,Pending
11322,3733,145,1,303,303,25,358,Wrong Item,2025-10-08,203.44595586952164,Processed
11010,3629,13,1,2609,2609,27,359,Wrong Item,2025-01-04,2285.0523545980445,Processed
6341,2098,116,1,6777,6777,34,360,Late Delivery,2025-03-23,3986.4765079514154,Pending
8825,2913,272,2,9771,19542,48,361,Late Delivery,2025-10-25,12513.895949806569,Processed
13990,4616,463,1,8313,8313,22,362,Damaged,2025-05-17,5685.180003162767,Processed
3990,1330,427,1,7939,7939,21,363,Damaged,2025-03-19,6165.015764471029,Processed
14524,4793,172,2,8206,16412,41,364,Other,2025-02-26,12007.16399900534,Processed
2746,906,235,2,931,1862,38,365,Late Delivery,2025-02-09,1553.9057285882004,Pending
5785,1924,236,1,5507,5507,33,366,Wrong Item,2025-01-20,4254.607812179886,Processed
8804,2904,273,2,9304,18608,3,367,Wrong Item,2025-04-24,13031.636987420028,Processed
10923,3603,184,1,2562,2562,46,368,Damaged,2025-01-31,1370.6484116949816,Pending
4744,1576,126,2,511,1022,3,369,Wrong Item,2025-08-24,645.1711283938897,Processed
14461,4768,497,2,6071,12142,12,370,Damaged,2025-02-02,7112.162853363435,Pending
9197,3036,153,1,6657,6657,48,371,Wrong Item,2025-02-16,5715.8788071299205,Pending
15026,4961,58,1,9175,9175,8,372,Damaged,2025-02-10,5363.174245092732,Processed
12913,4268,26,2,4719,9438,46,373,Late Delivery,2025-07-31,6049.626839841421,Pending
1131,380,85,1,7726,7726,29,374,Wrong Item,2025-05-13,6612.084690749763,Processed
2830,936,36,2,3776,7552,15,375,Other,2025-09-06,4402.598966289196,Processed
14577,4807,67,2,1386,2772,43,376,Other,2025-02-05,1808.124825584877,Pending
9361,3093,312,1,1017,1017,14,377,Damaged,2025-08-16,543.9947169829525,Processed
7962,2632,376,1,7229,7229,37,378,Wrong Item,2025-07-13,6789.432730996917,Pending
8292,2736,105,2,2035,4070,21,379,Late Delivery,2025-08-08,4044.7940252626217,Processed
4637,1539,26,1,4719,4719,18,380,Damaged,2025-04-26,3436.5413658084644,Pending
13332,4402,266,1,1413,1413,11,381,Other,2025-04-29,1079.45295250961,Processed
2446,804,74,1,4264,4264,42,382,Damaged,2025-09-01,4186.965635400088,Pending
10610,3507,65,1,1575,1575,12,383,Late Delivery,2025-06-27,1051.123408008628,Processed
9930,3285,322,2,8465,16930,43,384,Other,2025-06-24,10509.168054380541,Pending
11517,3798,338,1,8558,8558,15,385,Wrong Item,2025-08-23,5476.702202220928,Pending
7196,2389,240,1,826,826,13,386,Damaged,2025-09-20,462.99213445177384,Pending
1232,408,293,2,3156,6312,11,387,Late Delivery,2025-09-30,5405.5277457915345,Processed
5693,1892,141,1,5963,5963,28,388,Late Delivery,2025-10-29,5024.479532871857,Processed
11803,3886,104,2,4304,8608,41,389,Other,2025-11-09,5959.704401130499,Pending
13064,4314,63,1,226,226,6,390,Other,2025-05-12,149.25653391743452,Pending
9891,3270,16,2,6789,13578,21,391,Late Delivery,2025-04-01,11548.551133086607,Pending
4569,1519,348,2,9864,19728,33,392,Damaged,2025-04-03,18182.82101277124,Pending
9226,3043,86,1,3922,3922,32,393,Other,2025-05-19,2096.0760640686663,Processed
7261,2410,157,2,8682,17364,24,394,Wrong Item,2025-04-02,17349.29588366183,Processed
10291,3399,280,2,598,1196,20,395,Late Delivery,2025-07-03,1058.8183558039054,Pending
11677,3849,469,1,7584,7584,34,396,Other,2025-10-22,5125.624452158216,Processed
14933,4925,110,2,166,332,14,397,Wrong Item,2025-03-01,222.85463584537192,Processed
417,144,412,2,2577,5154,34,398,Other,2025-03-18,3413.7466707842427,Pending
7369,2441,113,2,8499,16998,46,399,Other,2025-01-13,14958.238327843736,Processed
9413,3114,163,1,1089,1089,35,400,Other,2025-06-12,900.5250347219911,Processed
1914,632,201,1,1906,1906,37,401,Late Delivery,2025-04-22,1852.0973636631868,Processed
306,107,51,1,4970,4970,9,402,Wrong Item,2025-06-23,3698.6113128078227,Processed
1344,447,337,1,3014,3014,45,403,Other,2025-04-04,1867.757410147182,Pending
4678,1553,357,2,1901,3802,23,404,Wrong Item,2025-03-03,3094.311955244627,Pending
6121,2029,241,1,6358,6358,49,405,Wrong Item,2025-05-17,4531.658448641922,Processed
4683,1555,73,2,4792,9584,31,406,Wrong Item,2025-05-20,8684.248429604655,Processed
1507,504,30,2,7952,15904,7,407,Late Delivery,2025-01-04,8270.651992340681,Processed
3081,1027,327,2,4059,8118,15,408,Late Delivery,2025-04-03,4250.092647769965,Pending
9267,3057,423,2,9274,18548,43,409,Damaged,2025-05-11,9485.05397899915,Pending
9969,3297,149,2,6253,12506,9,410,Wrong Item,2025-01-25,7168.681279564155,Pending
13572,4479,274,1,514,514,48,411,Other,2025-02-18,321.609779961241,Processed
3612,1205,210,1,2955,2955,28,412,Other,2025-01-04,1862.9046480181364,Pending
13473,4444,386,2,7081,14162,31,413,Damaged,2025-09-29,9868.272894253274,Processed
4367,1454,447,1,2645,2645,33,414,Damaged,2025-03-18,1467.6825181946954,Processed
103,38,386,1,7081,7081,21,415,Late Delivery,2025-07-21,6695.002948370933,Pending
2339,770,67,1,1386,1386,2,416,Wrong Item,2025-03-31,878.247519436824,Processed
13586,4483,421,2,1837,3674,26,417,Wrong Item,2025-08-26,2094.508139978909,Processed
2574,845,318,2,8576,17152,19,418,Late Delivery,2025-08-06,15578.84183199732,Processed
9552,3156,23,2,5151,10302,27,419,Late Delivery,2025-03-21,7636.487307676884,Pending
8108,2681,288,2,6709,13418,21,420,Wrong Item,2025-12-02,11490.994187913562,Processed
4504,1494,428,1,4566,4566,27,421,Other,2025-07-20,3268.5974665401022,Processed
6418,2123,80,1,9998,9998,26,422,Wrong Item,2025-10-24,8150.875935952056,Pending
1444,480,257,2,1515,3030,22,423,Damaged,2025-09-15,1643.7948480471189,Processed
757,258,310,1,1023,1023,17,424,Late Delivery,2025-06-29,705.6034210277116,Pending
2004,661,318,1,8576,8576,41,425,Late Delivery,2025-01-30,6999.615396413627,Processed
2267,747,78,2,9614,19228,23,426,Other,2025-02-10,15190.043422747578,Processed
9827,3246,219,1,8550,8550,8,427,Wrong Item,2025-03-15,8430.734235538726,Pending
8951,2957,216,2,6829,13658,13,428,Wrong Item,2025-11-07,12936.533183027901,Processed
6916,2295,412,1,2577,2577,8,429,Damaged,2025-09-08,2176.0366845184744,Processed
8602,2834,299,2,6735,13470,12,430,Late Delivery,2025-03-14,10649.53335938581,Pending
4331,1444,440,1,632,632,15,431,Wrong Item,2025-03-15,491.9513291197502,Processed
13779,4543,104,2,4304,8608,4,432,Wrong Item,2025-09-06,7964.28732532827,Processed
9691,3205,156,1,1080,1080,47,433,Other,2025-11-11,947.9621759616858,Pending
10641,3518,133,2,4827,9654,16,434,Other,2025-05-25,6054.167035405271,Processed
12935,4276,248,2,5140,10280,0,435,Late Delivery,2025-04-24,10229.653709947193,Pending
3620,1209,476,2,1509,3018,46,436,Wrong Item,2025-05-25,2200.6311713539635,Pending
7308,2424,225,2,6279,12558,9,437,Late Delivery,2025-05-06,7195.175578357764,Pending
371,130,467,2,989,1978,47,438,Late Delivery,2025-06-02,1120.701527053877,Processed
9839,3251,54,2,5045,10090,31,439,Damaged,2025-03-01,5735.751860077529,Pending
8468,2791,14,1,6673,6673,31,440,Other,2025-01-07,5948.822097007176,Pending
10182,3365,271,1,9332,9332,6,441,Late Delivery,2025-01-04,6739.267744581111,Processed
14259,4703,192,2,8710,17420,7,442,Damaged,2025-06-14,11341.7749859329,Processed
3040,1011,241,1,6358,6358,9,443,Damaged,2025-03-12,6192.740401458147,Processed
10146,3355,276,2,5653,11306,5,444,Damaged,2025-04-03,7655.3665024600605,Processed
13914,4589,87,1,5931,5931,33,445,Late Delivery,2025-05-03,3549.5295975862696,Processed
3738,1249,275,2,4126,8252,31,446,Damaged,2025-11-07,6559.143296401177,Processed
8905,2938,356,2,7623,15246,19,447,Damaged,2025-07-30,9057.258222580464,Pending
5787,1925,316,2,2025,4050,29,448,Other,2025-05-13,3603.681126492341,Processed
2285,751,330,1,6169,6169,28,449,Other,2025-08-16,4335.006750844478,Pending
2470,814,156,1,1080,1080,13,450,Wrong Item,2025-04-18,1054.0128865665104,Processed
12364,4082,394,2,9264,18528,34,451,Other,2025-03-30,16411.212363925024,Processed
11576,3816,101,1,8481,8481,26,452,Wrong Item,2025-05-23,5551.767776444474,Pending
2659,875,355,1,3972,3972,21,453,Late Delivery,2025-11-06,3593.9329628721193,Processed
12753,4213,146,1,7549,7549,49,454,Late Delivery,2025-01-10,5178.478999889511,Pending
13188,4352,103,1,3003,3003,27,455,Damaged,2025-11-03,2135.977485364453,Processed
1530,511,380,2,5037,10074,19,456,Other,2025-10-11,7857.176424672673,Pending
6920,2296,476,1,1509,1509,25,457,Wrong Item,2025-02-18,1059.8099067583041,Pending
4463,1483,88,2,1892,3784,4,458,Wrong Item,2025-05-05,2463.275426993624,Pending
8553,2818,361,2,1521,3042,5,459,Damaged,2025-01-29,2101.7695423996493,Processed
11372,3749,85,2,7726,15452,4,460,Other,2025-11-17,11363.487937818125,Processed
4053,1355,361,2,1521,3042,20,461,Other,2025-04-11,1533.2949819217322,Processed
2026,668,311,1,1370,1370,0,462,Wrong Item,2025-07-05,864.0558946041443,Pending
3515,1166,271,1,9332,9332,49,463,Other,2025-02-13,8357.671300744512,Pending
3257,1085,274,1,514,514,20,464,Other,2025-10-04,414.15253952490923,Processed
3388,1126,115,2,901,1802,0,465,Other,2025-06-13,1338.5599134456297,Processed
13799,4548,361,2,1521,3042,18,466,Other,2025-01-19,1926.9473746700169,Pending
7816,2585,56,2,3520,7040,16,467,Wrong Item,2025-02-03,6489.409963540489,Pending
12432,4106,195,2,527,1054,24,468,Wrong Item,2025-06-13,685.5649783139506,Processed
9204,3037,411,1,683,683,41,469,Wrong Item,2025-07-20,597.8133997621562,Pending
3776,1262,428,2,4566,9132,40,470,Wrong Item,2025-02-26,4939.544493573074,Processed
1764,587,191,1,600,600,38,471,Wrong Item,2025-09-03,408.8627562360156,Processed
5296,1756,359,2,134,268,33,472,Late Delivery,2025-07-03,263.2722151444545,Pending
6545,2175,225,2,6279,12558,4,473,Wrong Item,2025-05-03,8982.984319858107,Pending
8838,2916,484,2,966,1932,36,474,Other,2025-04-18,1910.6532390477137,Processed
14304,4718,115,2,901,1802,49,475,Other,2025-06-05,1399.5900869297363,Processed
8607,2835,362,2,9032,18064,10,476,Damaged,2025-09-03,15022.8820815836,Processed
1117,376,491,1,7872,7872,24,477,Other,2025-05-11,4550.892410098178,Processed
8446,2785,242,1,959,959,10,478,Other,2025-04-27,592.1351424944872,Processed
13371,4412,488,2,5080,10160,13,479,Wrong Item,2025-02-19,8242.024684679107,Pending
9582,3166,146,2,7549,15098,3,480,Wrong Item,2025-06-28,8467.820335633161,Pending
6561,2181,262,1,7591,7591,20,481,Damaged,2025-09-22,4163.88807284597,Processed
4082,1366,294,2,2813,5626,10,482,Wrong Item,2025-04-29,3347.9856129795376,Pending
109,41,351,1,8394,8394,29,483,Damaged,2025-06-05,4516.042657371317,Pending
11293,3722,118,2,3022,6044,2,484,Late Delivery,2025-03-21,5222.76895141281,Processed
9788,3235,492,1,2978,2978,44,485,Other,2025-10-24,2150.7236739764503,Pending
10841,3578,137,1,9792,9792,31,486,Damaged,2025-05-26,6157.242031910505,Pending
9655,3193,428,1,4566,4566,25,487,Wrong Item,2025-05-19,4336.678098496564,Processed
3339,1113,253,1,4985,4985,40,488,Wrong Item,2025-08-26,4496.743360162409,Processed
10444,3447,56,1,3520,3520,21,489,Late Delivery,2025-11-28,2999.7368497996827,Pending
10740,3549,178,1,885,885,5,490,Wrong Item,2025-12-01,834.4860603883634,Pending
11001,3626,117,1,6431,6431,25,491,Damaged,2025-07-23,4142.636423488759,Processed
4051,1354,98,2,8801,17602,27,492,Wrong Item,2025-09-21,9902.584231837654,Pending
14062,4639,245,2,6825,13650,24,493,Wrong Item,2025-01-21,13466.559590388899,Pending
3647,1218,323,2,3539,7078,17,494,Damaged,2025-06-18,6999.907864027524,Processed
5389,1786,159,1,5798,5798,17,495,Late Delivery,2025-06-24,3914.105121683659,Pending
10485,3460,369,1,2604,2604,44,496,Other,2025-03-31,1648.495564844678,Pending
13714,4525,174,2,5394,10788,12,497,Damaged,2025-05-25,7102.848534665134,Pending
9499,3141,374,1,1359,1359,12,498,Late Delivery,2025-04-30,729.9494702789113,Pending
14260,4703,273,2,9304,18608,43,499,Damaged,2025-02-06,9732.69977910106,Processed
4271,1426,166,2,1767,3534,4,500,Other,2025-07-09,2377.7318586686574,Pending
5974,1982,280,1,598,598,27,501,Late Delivery,2025-06-09,409.74552814492057,Pending
12836,4242,77,1,2932,2932,6,502,Other,2025-07-22,2042.424324146794,Pending
11852,3906,126,2,511,1022,42,503,Late Delivery,2025-06-08,849.5105432615,Processed
2638,868,124,2,4127,8254,26,504,Wrong Item,2025-07-13,5044.730606078523,Pending
8617,2837,46,2,2736,5472,49,505,Damaged,2025-11-13,4129.6960999084495,Processed
7498,2479,28,1,3348,3348,30,506,Damaged,2025-02-18,3296.98091164142,Processed
7484,2475,128,2,1065,2130,23,507,Damaged,2025-02-20,1127.8890771507695,Pending
8599,2834,347,2,4055,8110,20,508,Damaged,2025-11-05,7082.208080680288,Pending
2710,894,395,2,4317,8634,40,509,Damaged,2025-09-14,7284.714540150402,Processed
5309,1762,355,2,3972,7944,30,510,Wrong Item,2025-02-05,7029.22584951421,Processed
14469,4770,296,1,4832,4832,30,511,Wrong Item,2025-07-08,3679.794684898993,Processed
1789,595,456,2,8667,17334,35,512,Wrong Item,2025-01-16,12044.38055173661,Pending
6947,2306,38,1,7964,7964,42,513,Other,2025-05-27,7070.442224173325,Processed
6216,2062,103,2,3003,6006,16,514,Wrong Item,2025-03-27,3617.190749196763,Pending
8447,2785,376,2,7229,14458,9,515,Late Delivery,2025-11-23,7927.000817587246,Processed
14013,4624,231,1,6242,6242,45,516,Damaged,2025-06-22,4794.46053621715,Processed
10250,3387,292,1,9437,9437,35,517,Wrong Item,2025-10-22,6588.268443116289,Pending
4511,1497,453,1,9440,9440,1,518,Other,2025-10-03,6867.261898910003,Pending
14808,4884,429,1,9556,9556,43,519,Damaged,2025-04-11,7488.517060763403,Pending
14204,4681,244,1,9563,9563,19,520,Wrong Item,2025-03-20,8618.567857667098,Pending
10021,3315,371,2,8364,16728,19,521,Other,2025-02-22,8719.685399169113,Processed
5375,1783,390,1,2081,2081,46,522,Late Delivery,2025-02-24,1673.8207261804002,Processed
514,179,430,2,8207,16414,17,523,Other,2025-06-06,11629.845180081827,Pending
14300,4717,486,2,7644,15288,48,524,Other,2025-07-20,8997.755892587486,Processed
7834,2590,457,1,4081,4081,13,525,Late Delivery,2025-04-27,3695.217720674414,Processed
1748,583,168,2,2126,4252,30,526,Other,2025-08-28,3710.188285578593,Pending
12818,4236,29,1,8365,8365,38,527,Other,2025-04-14,4618.094109775052,Pending
12020,3964,85,2,7726,15452,16,528,Other,2025-07-03,11500.646785964213,Processed
5728,1903,137,2,9792,19584,47,529,Other,2025-01-11,16105.11392424397,Pending
8341,2752,82,1,9229,9229,24,530,Wrong Item,2025-04-11,7992.861754117777,Pending
12045,3972,459,1,3610,3610,26,531,Late Delivery,2025-01-07,2168.444786636873,Pending
4155,1384,478,2,7111,14222,11,532,Late Delivery,2025-03-10,11221.736003050924,Processed
9862,3259,276,1,5653,5653,29,533,Damaged,2025-06-27,5470.846659586622,Pending
3146,1047,11,1,6295,6295,45,534,Late Delivery,2025-03-08,3670.3734245864875,Processed
14329,4727,59,1,3707,3707,47,535,Late Delivery,2025-08-03,3686.358025209515,Pending
1785,594,369,1,2604,2604,24,536,Wrong Item,2025-10-28,1386.5049379572608,Pending
4829,1602,459,1,3610,3610,48,537,Late Delivery,2025-07-08,1832.2208070238742,Processed
9376,3099,55,1,2603,2603,10,538,Late Delivery,2025-01-13,2583.914653614817,Processed
1845,612,305,1,6459,6459,41,539,Damaged,2025-08-17,3490.539378982877,Pending
13775,4541,380,1,5037,5037,26,540,Damaged,2025-01-22,3204.314102431218,Processed
12830,4240,227,2,3371,6742,23,541,Damaged,2025-03-30,4975.373210217791,Pending
9752,3224,437,2,8765,17530,24,542,Damaged,2025-04-05,10041.495566165184,Pending
14862,4905,35,2,532,1064,48,543,Wrong Item,2025-02-06,1012.814222074128,Pending
5348,1776,198,2,2082,4164,41,544,Late Delivery,2025-06-18,4153.336986784263,Pending
11522,3799,305,1,6459,6459,3,545,Damaged,2025-09-23,5773.8074798905045,Pending
5864,1948,380,1,5037,5037,25,546,Wrong Item,2025-03-15,4831.237657341825,Processed
3907,1305,252,1,2663,2663,36,547,Late Delivery,2025-06-01,1550.1659333956677,Processed
13862,4569,453,1,9440,9440,44,548,Wrong Item,2025-03-02,5212.277839822413,Pending
5598,1856,351,2,8394,16788,41,549,Late Delivery,2025-09-23,12201.571153726089,Processed
12195,4020,20,2,7740,15480,15,550,Damaged,2025-04-06,12078.156903229377,Pending
4135,1378,483,2,5769,11538,41,551,Damaged,2025-11-19,9032.933598076255,Processed
5069,1680,4,2,3526,7052,25,552,Damaged,2025-09-04,6871.061357132994,Processed
5587,1853,335,2,3595,7190,13,553,Other,2025-06-12,4652.185006377036,Processed
96,37,256,2,8015,16030,42,554,Damaged,2025-02-25,9490.500172479844,Pending
11003,3627,69,2,3379,6758,43,555,Late Delivery,2025-06-23,4087.342980987242,Pending
4677,1553,297,1,1490,1490,4,556,Wrong Item,2025-11-15,1226.8525613819872,Processed
5486,1819,283,1,9977,9977,18,557,Late Delivery,2025-06-30,7154.654312711439,Pending
4587,1525,386,2,7081,14162,8,558,Late Delivery,2025-06-23,9610.648849954478,Processed
11713,3860,328,2,1982,3964,13,559,Late Delivery,2025-05-18,3357.2870661365305,Processed
11148,3672,317,1,3598,3598,13,560,Late Delivery,2025-03-25,2331.1660088807735,Pending
10187,3367,404,1,5532,5532,47,561,Other,2025-01-31,4943.6707214916005,Processed
11205,3693,434,1,7634,7634,47,562,Damaged,2025-01-02,5816.573949290238,Pending
11334,3737,466,1,4450,4450,48,563,Other,2025-09-10,3418.9746153699625,Pending
9158,3024,426,2,3669,7338,23,564,Damaged,2025-02-13,7245.834295463063,Pending
8513,2805,259,2,4256,8512,36,565,Damaged,2025-09-23,7387.219355786215,Pending
3020,1004,289,1,6074,6074,25,566,Late Delivery,2025-11-22,3830.4221629549756,Pending
1289,428,276,1,5653,5653,36,567,Damaged,2025-03-08,3283.1724285467217,Processed
4649,1544,388,1,2920,2920,28,568,Damaged,2025-08-20,2292.288187323587,Pending
8495,2798,258,2,6742,13484,23,569,Damaged,2025-06-29,7383.953365165275,Processed
6716,2235,144,1,952,952,45,570,Other,2025-11-14,932.3116361020908,Processed
5685,1888,23,1,5151,5151,17,571,Other,2025-04-16,4364.837596903741,Processed
5916,1962,194,1,8080,8080,34,572,Late Delivery,2025-01-19,7143.413284210171,Pending
4518,1501,485,2,2932,5864,26,573,Other,2025-10-16,3148.4018861696686,Pending
3452,1146,220,1,792,792,21,574,Wrong Item,2025-05-11,742.8259900298983,Pending
3599,1200,42,2,3798,7596,39,575,Other,2025-09-07,5926.222528409291,Processed
14492,4779,395,1,4317,4317,48,576,Wrong Item,2025-05-05,2645.7400935177243,Pending
1608,537,241,2,6358,12716,38,577,Late Delivery,2025-03-01,11282.28437711889,Processed
5633,1871,111,1,4199,4199,36,578,Wrong Item,2025-06-08,2205.834912479353,Processed
10969,3617,498,2,5376,10752,45,579,Damaged,2025-11-20,9619.615564708643,Processed
6846,2277,194,2,8080,16160,8,580,Late Delivery,2025-05-23,11119.464723919815,Pending
3141,1045,497,1,6071,6071,21,581,Wrong Item,2025-05-06,4221.5862542454015,Pending
8038,2660,381,1,1186,1186,9,582,Damaged,2025-08-18,894.3337763166916,Processed
3902,1304,11,2,6295,12590,22,583,Damaged,2025-01-04,7136.0012691712245,Processed
14504,4782,342,2,808,1616,43,584,Damaged,2025-02-28,1184.8174244824672,Processed
334,117,170,1,5243,5243,18,585,Damaged,2025-04-07,5110.628400130063,Pending
42,13,147,1,4932,4932,32,586,Late Delivery,2025-08-26,2582.8212708122123,Pending
1190,399,436,2,9749,19498,47,587,Late Delivery,2025-02-08,19405.407836720697,Pending
11554,3810,290,1,8108,8108,40,588,Other,2025-02-28,5436.838338236798,Pending
1414,471,163,1,1089,1089,45,589,Late Delivery,2025-07-11,752.3652303169041,Processed
11893,3921,26,2,4719,9438,30,590,Late Delivery,2025-02-24,7374.099929261837,Processed
13547,4467,265,1,445,445,48,591,Damaged,2025-03-19,430.1358578769207,Processed
424,146,47,2,6006,12012,45,592,Other,2025-05-02,9806.245917202987,Processed
6754,2247,217,2,6416,12832,23,593,Wrong Item,2025-05-20,6701.145533001786,Pending
4273,1426,64,2,3594,7188,33,594,Wrong Item,2025-11-28,3803.866595747081,Processed
14890,4913,203,2,8865,17730,33,595,Late Delivery,2025-09-23,13281.782374507175,Pending
5834,1939,363,2,5692,11384,11,596,Damaged,2025-05-14,6592.462611017162,Processed
4571,1519,500,1,8459,8459,30,597,Damaged,2025-07-15,5083.564245980766,Processed
1097,370,94,2,8136,16272,35,598,Late Delivery,2025-10-16,15268.965854230513,Processed
4519,1501,126,2,511,1022,8,599,Wrong Item,2025-07-05,778.8861432688473,Processed
3943,1316,115,1,901,901,23,600,Late Delivery,2025-11-01,668.9127618589033,Pending
9364,3094,30,1,7952,7952,48,601,Other,2025-03-24,4791.936119533894,Pending
9314,3073,479,2,4003,8006,34,602,Late Delivery,2025-08-18,6279.0211878438495,Pending
14900,4916,237,1,3798,3798,43,603,Other,2025-09-30,3124.9761763767456,Processed
11841,3902,464,1,626,626,3,604,Damaged,2025-09-22,575.7316032064792,Pending
10191,3368,481,1,6701,6701,5,605,Late Delivery,2025-02-06,3861.6775090073875,Processed
368,129,173,1,7111,7111,45,606,Other,2025-08-29,6804.751081129646,Pending
6105,2026,122,2,8570,17140,44,607,Late Delivery,2025-02-18,10313.546724438447,Processed
12138,4001,91,1,2426,2426,1,608,Wrong Item,2025-05-26,1865.4129946139328,Pending
14458,4766,50,1,7706,7706,8,609,Other,2025-04-04,4178.70465643778,Processed
7841,2593,213,1,1327,1327,7,610,Late Delivery,2025-10-21,1221.3458033402278,Processed
1178,395,489,2,4052,8104,13,611,Wrong Item,2025-01-24,5623.297735434995,Pending
8618,2838,116,2,6777,13554,9,612,Other,2025-08-23,10799.571504780894,Pending
4607,1531,2,2,1005,2010,45,613,Damaged,2025-05-02,1484.4230917613627,Pending
14689,4843,439,2,8872,17744,40,614,Damaged,2025-01-19,15303.371926319383,Pending
12313,4060,57,1,2705,2705,30,615,Damaged,2025-05-06,1561.9973573340978,Processed
6841,2276,33,1,2531,2531,21,616,Other,2025-06-26,2439.2845538807883,Processed
2803,926,419,2,6185,12370,0,617,Other,2025-11-04,8041.846947471676,Processed
9047,2984,211,1,8936,8936,29,618,Damaged,2025-03-23,5682.0552234489005,Processed
11228,3700,495,2,7826,15652,30,619,Late Delivery,2025-04-18,15171.931458201514,Pending
10152,3357,431,1,3477,3477,11,620,Damaged,2025-09-17,2455.1686803316984,Processed
8992,2969,285,1,6960,6960,26,621,Damaged,2025-02-02,6493.261649415013,Pending
4523,1503,261,1,8358,8358,30,622,Late Delivery,2025-03-19,6480.518973357684,Processed
9273,3059,100,2,2808,5616,49,623,Wrong Item,2025-05-01,3264.742014443352,Processed
12924,4273,257,2,1515,3030,0,624,Late Delivery,2025-09-09,2557.387473346227,Pending
2185,719,363,1,5692,5692,22,625,Damaged,2025-06-20,5689.5670966725565,Processed
13849,4566,28,1,3348,3348,6,626,Late Delivery,2025-07-01,2850.0594754511303,Processed
10421,3441,374,2,1359,2718,47,627,Late Delivery,2025-10-23,2618.5541936229943,Processed
14948,4935,472,2,8141,16282,25,628,Late Delivery,2025-08-07,10746.259497563899,Processed
12812,4234,444,1,9635,9635,46,629,Late Delivery,2025-06-30,9325.323118631219,Processed
213,74,330,1,6169,6169,32,630,Late Delivery,2025-10-14,5656.892495389877,Processed
5215,1727,430,2,8207,16414,44,631,Other,2025-10-18,9755.760408219308,Processed
11156,3676,131,1,6426,6426,26,632,Late Delivery,2025-02-01,6317.688354389126,Processed
11332,3737,423,2,9274,18548,31,633,Wrong Item,2025-01-10,10525.413445487866,Pending
573,196,375,2,9583,19166,47,634,Damaged,2025-02-25,14074.624233244707,Processed
1090,367,403,2,5297,10594,7,635,Damaged,2025-11-16,7737.133403578284,Pending
11623,3830,400,2,4939,9878,26,636,Late Delivery,2025-10-31,5377.654671788117,Processed
6227,2066,288,1,6709,6709,38,637,Wrong Item,2025-09-09,3656.5979328471603,Pending
532,184,275,2,4126,8252,24,638,Late Delivery,2025-04-10,7071.431977004899,Processed
3730,1246,282,1,132,132,7,639,Other,2025-03-23,103.31735354574309,Processed
8261,2726,102,1,7997,7997,2,640,Late Delivery,2025-08-07,7163.737975917504,Pending
9365,3095,316,1,2025,2025,3,641,Other,2025-05-27,1740.3388470032876,Pending
7549,2496,242,1,959,959,13,642,Damaged,2025-02-25,799.6338193692968,Processed
1809,602,274,2,514,1028,48,643,Other,2025-02-27,930.6275865652848,Pending
3909,1306,102,1,7997,7997,9,644,Damaged,2025-03-29,6793.771778367718,Processed
1814,603,499,2,7189,14378,15,645,Other,2025-05-25,8862.912400509105,Processed
1582,529,245,1,6825,6825,12,646,Wrong Item,2025-07-29,6206.645556581283,Pending
5837,1940,388,2,2920,5840,7,647,Other,2025-01-10,5592.472143256787,Pending
7075,2346,421,2,1837,3674,0,648,Wrong Item,2025-05-04,3432.42354258205,Processed
12042,3971,386,1,7081,7081,18,649,Wrong Item,2025-08-04,6218.508030302285,Processed
2578,846,47,1,6006,6006,8,650,Other,2025-08-12,5726.363700815867,Pending
11048,3640,96,1,7924,7924,26,651,Damaged,2025-09-19,5956.98113640234,Pending
8530,2809,319,2,5440,10880,10,652,Late Delivery,2025-07-23,7564.772979201955,Pending
1981,652,243,1,3767,3767,48,653,Damaged,2025-10-25,2824.835843559432,Pending
11412,3761,271,1,9332,9332,25,654,Wrong Item,2025-04-07,8996.912793749461,Pending
6465,2141,390,2,2081,4162,9,655,Wrong Item,2025-11-08,3983.195515156709,Processed
2763,911,125,1,4484,4484,4,656,Wrong Item,2025-11-04,3152.2252194583907,Processed
12961,4284,214,2,9847,19694,45,657,Wrong Item,2025-11-12,16719.870128273986,Processed
4324,1442,168,2,2126,4252,3,658,Late Delivery,2025-02-15,2261.2809748198033,Pending
10748,3550,306,2,427,854,11,659,Wrong Item,2025-11-20,546.7815809513646,Processed
10581,3497,272,1,9771,9771,47,660,Damaged,2025-02-14,6526.192920405308,Processed
12738,4209,54,2,5045,10090,4,661,Wrong Item,2025-03-17,7956.804450703448,Processed
12484,4126,260,2,2313,4626,30,662,Wrong Item,2025-06-28,3250.5094304855606,Pending
3330,1110,111,2,4199,8398,8,663,Wrong Item,2025-03-15,8052.453552784541,Processed
13537,4464,92,2,9153,18306,21,664,Late Delivery,2025-08-15,10128.906288160593,Pending
5279,1750,294,2,2813,5626,11,665,Damaged,2025-08-14,5016.744538597369,Pending
10617,3510,130,1,8697,8697,34,666,Wrong Item,2025-02-09,4536.540858349294,Pending
3935,1313,35,2,532,1064,21,667,Other,2025-07-21,1044.3069298209364,Pending
8645,2847,178,1,885,885,23,668,Late Delivery,2025-04-28,457.37614469487335,Processed
13211,4360,335,1,3595,3595,16,669,Other,2025-04-27,3005.1220037469147,Pending
5756,1912,8,1,552,552,10,670,Late Delivery,2025-01-16,280.8968937836628,Processed
9759,3227,377,2,3078,6156,6,671,Late Delivery,2025-07-27,5381.44652666849,Processed
244,85,50,2,7706,15412,10,672,Wrong Item,2025-06-02,8063.598523193567,Processed
11776,3879,249,2,3076,6152,22,673,Damaged,2025-10-31,3505.467327582451,Pending
9769,3230,269,2,8261,16522,43,674,Wrong Item,2025-03-19,12367.61469830526,Processed
14445,4763,73,2,4792,9584,7,675,Other,2025-03-27,6722.5358506772645,Pending
11438,3770,224,1,6082,6082,16,676,Other,2025-01-20,4667.2174304543705,Pending
1248,414,496,2,816,1632,43,677,Late Delivery,2025-06-27,1469.0300998030868,Pending
1958,646,308,1,9878,9878,2,678,Late Delivery,2025-07-04,5754.782576484962,Pending
13844,4564,79,1,7778,7778,7,679,Damaged,2025-06-06,5701.962285891483,Pending
10100,3341,467,1,989,989,33,680,Other,2025-08-28,956.2791140105004,Processed
6399,2117,294,1,2813,2813,17,681,Wrong Item,2025-05-12,1584.6444427707895,Pending
9349,3088,11,2,6295,12590,8,682,Damaged,2025-09-02,11484.509176715117,Processed
6296,2083,322,2,8465,16930,30,683,Other,2025-04-04,11409.423411140106,Pending
5488,1820,499,1,7189,7189,30,684,Other,2025-07-04,3922.8488770048834,Processed
2592,851,262,1,7591,7591,6,685,Wrong Item,2025-07-03,4528.151852980436,Pending
2424,798,24,1,1400,1400,48,686,Other,2025-05-26,1122.6493258147043,Processed
14403,4752,212,2,2125,4250,16,687,Other,2025-09-30,3196.969863814752,Processed
13863,4570,315,2,5375,10750,17,688,Damaged,2025-03-13,7167.279093655949,Pending
13925,4594,81,2,5434,10868,26,689,Damaged,2025-09-29,5684.310905359601,Processed
10418,3440,498,2,5376,10752,8,690,Late Delivery,2025-02-26,10272.099900042384,Pending
2865,950,492,1,2978,2978,49,691,Damaged,2025-07-10,2886.1140524661605,Pending
9533,3151,145,1,303,303,22,692,Other,2025-06-19,173.4487018709397,Processed
3586,1196,359,2,134,268,9,693,Wrong Item,2025-07-13,136.88295272795523,Processed
9086,2999,346,2,8830,17660,28,694,Late Delivery,2025-11-26,11247.243801653729,Processed
6875,2285,278,2,4446,8892,6,695,Damaged,2025-10-25,4845.542861377666,Processed
13345,4405,281,1,8327,8327,20,696,Wrong Item,2025-02-04,5424.496490106001,Pending
10230,3379,10,1,7504,7504,9,697,Other,2025-05-02,5102.733959936948,Processed
10283,3396,27,1,4304,4304,44,698,Other,2025-04-26,2803.2313799598164,Pending
9442,3126,209,1,8256,8256,45,699,Late Delivery,2025-09-18,7010.619126937836,Pending
9154,3022,56,2,3520,7040,16,700,Wrong Item,2025-04-11,6326.614808726033,Processed
6375,2109,388,1,2920,2920,27,701,Late Delivery,2025-06-14,2071.8847527179614,Pending
13322,4399,323,2,3539,7078,30,702,Damaged,2025-10-02,4911.784040557669,Pending
1206,403,296,1,4832,4832,40,703,Late Delivery,2025-05-27,3351.240949746776,Processed
9703,3210,496,1,816,816,23,704,Other,2025-10-29,750.9029060867565,Pending
11760,3873,18,2,4166,8332,5,705,Wrong Item,2025-06-05,7247.667960276679,Pending
5361,1779,38,2,7964,15928,4,706,Other,2025-06-02,8851.765212924904,Pending
1909,631,26,2,4719,9438,47,707,Damaged,2025-09-08,5356.233966641703,Processed
12782,4222,367,2,7596,15192,13,708,Late Delivery,2025-04-29,13174.903561607382,Processed
2130,703,39,2,569,1138,6,709,Wrong Item,2025-09-16,664.8535229502422,Pending
13538,4465,4,2,3526,7052,4,710,Wrong Item,2025-04-19,3844.2451244843232,Pending
14955,4936,484,1,966,966,25,711,Wrong Item,2025-11-12,535.9633687760171,Processed
2780,918,205,1,4349,4349,16,712,Wrong Item,2025-02-21,3776.7821689467664,Pending
5165,1708,141,2,5963,11926,10,713,Wrong Item,2025-01-19,10690.151707374323,Processed
14030,4630,237,2,3798,7596,39,714,Late Delivery,2025-11-20,4495.609693232932,Processed
13530,4463,427,2,7939,15878,29,715,Other,2025-04-23,8415.765059664567,Pending
12171,4009,165,2,2804,5608,32,716,Other,2025-01-10,3212.418393685038,Processed
1621,541,56,1,3520,3520,27,717,Wrong Item,2025-09-06,3301.2721999656355,Processed
37,11,435,2,1446,2892,46,718,Wrong Item,2025-05-03,1610.9210471640329,Processed
7966,2635,36,2,3776,7552,24,719,Other,2025-11-14,7418.569167396322,Pending
2258,743,317,1,3598,3598,2,720,Wrong Item,2025-01-03,3385.261384700379,Pending
4755,1579,468,2,1895,3790,35,721,Late Delivery,2025-09-04,2537.870016474017,Processed
10736,3548,84,2,3374,6748,0,722,Damaged,2025-11-09,5928.886139610957,Pending
12153,4005,280,2,598,1196,48,723,Late Delivery,2025-05-04,761.1171260922832,Pending
3894,1301,209,2,8256,16512,14,724,Other,2025-05-01,8470.559506975113,Pending
11423,3766,463,2,8313,16626,13,725,Late Delivery,2025-09-20,14332.737320091346,Pending
8587,2829,412,2,2577,5154,31,726,Late Delivery,2025-06-06,4578.782308043437,Processed
5380,1784,124,1,4127,4127,14,727,Other,2025-09-28,2245.2787784904713,Pending
2092,691,103,2,3003,6006,20,728,Wrong Item,2025-05-27,3681.6032456061516,Pending
13192,4352,460,1,8795,8795,13,729,Late Delivery,2025-05-27,5472.223864278917,Processed
7150,2374,306,2,427,854,28,730,Wrong Item,2025-02-13,804.0320129553712,Pending
6599,2194,180,2,2762,5524,11,731,Damaged,2025-04-28,2967.639464009125,Processed
14421,4757,397,2,9923,19846,3,732,Late Delivery,2025-08-09,19586.693543586593,Processed
10753,3551,92,1,9153,9153,2,733,Damaged,2025-08-30,8380.049245616057,Processed
12052,3974,17,2,3755,7510,23,734,Other,2025-06-09,7215.259868044846,Processed
14163,4668,24,1,1400,1400,38,735,Damaged,2025-05-13,832.8511546020209,Processed
9020,2977,47,2,6006,12012,32,736,Late Delivery,2025-11-13,6692.81669180773,Pending
43,13,144,2,952,1904,49,737,Damaged,2025-11-04,1070.3095694229403,Processed
7022,2327,269,1,8261,8261,14,738,Damaged,2025-11-05,7764.666559729557,Processed
9135,3014,321,2,7163,14326,48,739,Wrong Item,2025-08-11,12854.460355465108,Processed
13365,4410,378,2,9971,19942,30,740,Late Delivery,2025-02-03,17236.325875181697,Processed
14651,4833,321,1,7163,7163,47,741,Damaged,2025-07-19,5134.762006229763,Pending
12103,3991,239,2,2008,4016,38,742,Damaged,2025-03-18,3196.7328955207254,Processed
9761,3227,10,1,7504,7504,11,743,Late Delivery,2025-10-07,4818.394781736806,Pending
4694,1559,364,1,5032,5032,22,744,Damaged,2025-11-29,2653.9673076161653,Processed
7145,2371,110,2,166,332,27,745,Other,2025-09-23,240.69097761560317,Processed
6976,2314,71,1,1979,1979,0,746,Damaged,2025-06-04,1056.0182966403918,Pending
7508,2482,358,2,876,1752,30,747,Wrong Item,2025-04-11,953.7719314584034,Processed
8808,2906,267,1,9802,9802,49,748,Wrong Item,2025-03-08,9098.71790377132,Pending
2188,720,132,1,4597,4597,4,749,Damaged,2025-05-06,4188.5628272676495,Pending
11316,3730,196,1,3348,3348,43,750,Late Delivery,2025-03-04,1807.2692910841017,Pending
5349,1776,400,2,4939,9878,23,751,Damaged,2025-04-04,5968.601632677527,Pending
7393,2450,42,1,3798,3798,25,752,Late Delivery,2025-02-20,2276.4207340981443,Processed
13100,4325,356,2,7623,15246,4,753,Damaged,2025-09-02,14227.557938030432,Pending
12762,4216,56,1,3520,3520,14,754,Damaged,2025-11-15,3336.141375517837,Processed
7070,2344,19,2,9031,18062,49,755,Damaged,2025-11-02,16330.585919532792,Processed
2645,870,250,2,4301,8602,9,756,Wrong Item,2025-06-26,4697.171230361133,Pending
8418,2775,369,1,2604,2604,34,757,Other,2025-11-07,2535.4839136355877,Pending
13315,4397,316,1,2025,2025,48,758,Damaged,2025-06-22,1032.5952667952513,Pending
4475,1486,373,1,5255,5255,36,759,Other,2025-02-22,3949.169838234937,Pending
1831,608,477,2,4434,8868,0,760,Damaged,2025-11-18,5357.817342916683,Pending
3279,1092,288,1,6709,6709,0,761,Damaged,2025-10-25,6332.898326260307,Pending
10885,3593,494,1,7434,7434,20,762,Damaged,2025-08-20,3886.0436571096984,Pending
446,154,425,2,6302,12604,10,763,Other,2025-04-05,11379.041410232592,Processed
4802,1595,353,2,8490,16980,20,764,Late Delivery,2025-06-12,16895.53825642322,Processed
8116,2684,39,1,569,569,24,765,Other,2025-01-23,478.7948118113463,Processed
12691,4194,83,2,8065,16130,23,766,Wrong Item,2025-07-02,8845.84424407972,Pending
6244,2070,187,2,7902,15804,20,767,Damaged,2025-08-09,13210.22610566119,Processed
12564,4151,192,1,8710,8710,24,768,Other,2025-02-14,8234.625675671608,Processed
8939,2950,353,1,8490,8490,47,769,Late Delivery,2025-08-14,4395.635927441552,Processed
10494,3463,33,1,2531,2531,16,770,Wrong Item,2025-05-12,1518.0026633314176,Processed
8615,2837,319,2,5440,10880,36,771,Late Delivery,2025-10-08,6912.13187125927,Pending
9330,3082,101,2,8481,16962,7,772,Wrong Item,2025-06-23,11085.061866570446,Pending
10534,3479,231,1,6242,6242,39,773,Other,2025-10-11,4682.358204854654,Processed
13343,4405,29,2,8365,16730,38,774,Wrong Item,2025-07-13,9085.937548111751,Processed
8096,2678,355,2,3972,7944,34,775,Damaged,2025-06-02,4652.814856219572,Pending
1979,652,493,2,674,1348,12,776,Wrong Item,2025-01-09,1286.8927742147819,Pending
10609,3507,124,2,4127,8254,34,777,Wrong Item,2025-03-12,6319.106786077995,Processed
1854,615,141,1,5963,5963,37,778,Late Delivery,2025-02-13,3511.989483833934,Pending
38,12,407,1,5041,5041,47,779,Late Delivery,2025-04-19,3943.4926522317546,Processed
5007,1659,389,1,8169,8169,6,780,Other,2025-07-17,6015.9389410074855,Processed
3799,1270,294,1,2813,2813,11,781,Wrong Item,2025-08-27,1533.261323001021,Pending
3720,1243,390,1,2081,2081,4,782,Late Delivery,2025-08-19,1221.5736897824931,Pending
5519,1831,446,1,9384,9384,14,783,Wrong Item,2025-04-03,7622.703521835802,Processed
3648,1219,183,2,2684,5368,23,784,Damaged,2025-10-18,3425.4139233651063,Processed
3968,1324,306,1,427,427,10,785,Damaged,2025-01-22,293.91170180713567,Processed
14663,4835,123,1,5979,5979,25,786,Other,2025-01-20,3483.460904603943,Pending
7038,2333,218,1,5588,5588,40,787,Other,2025-11-25,5255.06488599748,Pending
11695,3854,157,2,8682,17364,26,788,Wrong Item,2025-05-21,15083.58354605466,Pending
13987,4615,132,1,4597,4597,2,789,Other,2025-08-30,4074.5932111545603,Pending
2541,834,215,1,1100,1100,2,790,Wrong Item,2025-04-09,741.8915736669458,Processed
8215,2711,176,1,6822,6822,32,791,Damaged,2025-07-09,3713.0003539537674,Pending
8010,2649,296,2,4832,9664,20,792,Late Delivery,2025-08-29,8028.997220097201,Pending
909,306,54,2,5045,10090,39,793,Wrong Item,2025-10-24,6215.671044113455,Processed
13892,4582,404,1,5532,5532,32,794,Wrong Item,2025-05-12,4959.158718563909,Pending
9161,3024,220,2,792,1584,18,795,Other,2025-03-17,1280.935293520038,Pending
11812,3891,194,1,8080,8080,38,796,Late Delivery,2025-09-20,6431.821640512558,Pending
2104,695,386,1,7081,7081,29,797,Late Delivery,2025-02-07,5888.772218447366,Pending
7076,2346,435,2,1446,2892,39,798,Other,2025-03-28,2575.2863472137515,Pending
8759,2891,163,1,1089,1089,27,799,Late Delivery,2025-07-28,1058.2729820334234,Pending
3207,1071,26,1,4719,4719,6,800,Other,2025-05-15,3430.9562856225643,Pending
13410,4424,162,2,7997,15994,2,801,Damaged,2025-01-27,13670.681798397227,Pending
12857,4247,302,2,1386,2772,33,802,Other,2025-03-28,2571.087952621527,Processed
8195,2706,70,2,5334,10668,6,803,Other,2025-07-07,8042.462413227494,Pending
6613,2199,342,2,808,1616,0,804,Late Delivery,2025-06-20,829.1644233981453,Pending
11491,3788,380,1,5037,5037,5,805,Late Delivery,2025-05-17,3305.499380084962,Processed
155,56,64,1,3594,3594,41,806,Wrong Item,2025-01-02,3388.734785108983,Pending
2691,886,318,1,8576,8576,8,807,Late Delivery,2025-06-03,7551.823480434737,Processed
8202,2708,233,2,7932,15864,24,808,Wrong Item,2025-09-25,15370.103264001387,Pending
12256,4039,386,1,7081,7081,8,809,Damaged,2025-04-03,4140.865194750128,Pending
13576,4480,130,2,8697,17394,45,810,Other,2025-09-05,14467.706925158693,Pending
9300,3068,56,1,3520,3520,18,811,Late Delivery,2025-06-23,2321.476174321866,Pending
6608,2198,205,2,4349,8698,20,812,Wrong Item,2025-05-25,4904.600109164687,Processed
3253,1084,471,2,3454,6908,46,813,Damaged,2025-05-17,5135.081826334266,Processed
2271,747,124,2,4127,8254,12,814,Late Delivery,2025-03-02,4612.013087198872,Pending
12507,4131,472,1,8141,8141,13,815,Damaged,2025-09-21,4080.438870319435,Pending
9290,3064,79,1,7778,7778,18,816,Other,2025-06-16,5473.43347372651,Pending
2160,711,191,2,600,1200,23,817,Late Delivery,2025-03-20,1026.781642241476,Pending
12490,4127,184,1,2562,2562,28,818,Wrong Item,2025-07-13,1493.8468478658829,Processed
11805,3887,275,2,4126,8252,44,819,Other,2025-07-16,7528.709910830867,Pending
4473,1486,405,2,7803,15606,42,820,Late Delivery,2025-10-14,9469.896617042781,Pending
12870,4251,244,1,9563,9563,28,821,Late Delivery,2025-05-20,8787.291909731692,Pending
1176,394,316,1,2025,2025,3,822,Other,2025-06-01,2017.9808449522277,Processed
14151,4665,55,2,2603,5206,39,823,Damaged,2025-02-12,5159.420029581244,Pending
2195,722,164,2,1863,3726,35,824,Other,2025-01-04,2394.7812919121934,Processed
4195,1397,411,1,683,683,46,825,Damaged,2025-03-16,442.0115503421799,Pending
2421,797,455,1,6367,6367,21,826,Late Delivery,2025-07-01,5205.177669551149,Processed
6532,2170,290,2,8108,16216,35,827,Damaged,2025-08-01,11107.705227946228,Processed
15027,4962,433,2,1018,2036,30,828,Damaged,2025-09-30,1282.3491698444923,Processed
10348,3418,149,1,6253,6253,17,829,Damaged,2025-10-13,4406.776515978752,Pending
4291,1432,187,1,7902,7902,42,830,Damaged,2025-02-19,4869.8542072648315,Pending
10720,3542,78,1,9614,9614,22,831,Late Delivery,2025-01-19,8537.212282505689,Pending
12367,4083,56,2,3520,7040,49,832,Damaged,2025-06-05,6480.529307334775,Processed
13374,4413,280,2,598,1196,49,833,Damaged,2025-01-18,648.6441357041625,Processed
8868,2925,88,1,1892,1892,38,834,Late Delivery,2025-03-29,1861.9284489221995,Pending
8380,2765,4,2,3526,7052,0,835,Late Delivery,2025-01-26,4459.659001428127,Pending
9648,3189,155,1,3414,3414,4,836,Wrong Item,2025-05-29,2569.477304860946,Processed
14125,4657,235,2,931,1862,9,837,Damaged,2025-01-16,1758.5706847008166,Processed
2841,940,73,2,4792,9584,32,838,Late Delivery,2025-05-10,6395.705713804056,Processed
11355,3743,236,1,5507,5507,35,839,Damaged,2025-03-14,3466.1946767986055,Processed
2075,685,325,1,4425,4425,30,840,Wrong Item,2025-03-06,2798.1558416756347,Processed
14323,4725,335,2,3595,7190,1,841,Other,2025-06-28,5710.338664868815,Pending
10513,3472,405,2,7803,15606,29,842,Late Delivery,2025-02-18,9158.973101395331,Processed
264,92,258,2,6742,13484,30,843,Wrong Item,2025-05-15,8541.65026447921,Processed
253,90,296,1,4832,4832,22,844,Wrong Item,2025-06-04,2645.1160089199484,Pending
11159,3676,480,1,802,802,37,845,Late Delivery,2025-09-21,645.945676277048,Processed
13004,4296,235,2,931,1862,47,846,Damaged,2025-08-09,1759.6104420146507,Processed
10073,3334,23,2,5151,10302,18,847,Late Delivery,2025-04-27,7437.526739394685,Pending
3447,1145,32,1,9159,9159,37,848,Wrong Item,2025-05-11,5695.662794723938,Processed
14660,4834,293,1,3156,3156,28,849,Damaged,2025-08-02,2029.8489609702317,Processed
2720,897,80,1,9998,9998,20,850,Damaged,2025-03-07,5370.223364260932,Pending
8209,2710,320,2,4686,9372,32,851,Late Delivery,2025-09-04,8649.361887392526,Processed
1865,617,56,2,3520,7040,16,852,Wrong Item,2025-01-20,3814.990080020343,Pending
1824,605,107,2,4996,9992,12,853,Late Delivery,2025-05-24,6773.536161728608,Processed
10169,3362,108,2,1845,3690,43,854,Other,2025-02-05,3162.821291420809,Processed
5461,1812,255,1,6915,6915,49,855,Other,2025-06-21,6413.974559209303,Pending
10599,3503,266,1,1413,1413,25,856,Other,2025-02-07,1292.9211881556712,Pending
13691,4516,75,2,5949,11898,2,857,Wrong Item,2025-11-29,9551.746977774048,Processed
2056,677,156,2,1080,2160,44,858,Damaged,2025-12-01,1663.8364060689664,Pending
14380,4745,338,1,8558,8558,24,859,Wrong Item,2025-09-30,5216.888706100908,Pending
10087,3338,70,2,5334,10668,26,860,Late Delivery,2025-06-05,7142.557795330185,Pending
4087,1367,27,2,4304,8608,35,861,Wrong Item,2025-10-10,5574.789421669733,Pending
3011,1000,221,2,3953,7906,17,862,Wrong Item,2025-09-07,4515.774819056367,Pending
1691,564,318,1,8576,8576,47,863,Wrong Item,2025-11-29,6569.87888915169,Pending
13470,4443,91,2,2426,4852,31,864,Late Delivery,2025-06-09,4767.900792997445,Pending
295,101,385,1,3416,3416,23,865,Wrong Item,2025-07-15,2132.4954946577996,Processed
13118,4329,294,2,2813,5626,32,866,Wrong Item,2025-10-04,3423.3773115954536,Pending
243,85,364,1,5032,5032,34,867,Other,2025-06-15,2547.9527050945003,Pending
13565,4475,498,1,5376,5376,0,868,Other,2025-04-22,4149.734120251693,Processed
14216,4684,150,1,179,179,22,869,Late Delivery,2025-04-05,123.86739832341266,Processed
6854,2278,33,2,2531,5062,14,870,Other,2025-01-19,3836.2813935550816,Pending
8554,2818,260,1,2313,2313,18,871,Wrong Item,2025-09-11,1517.8207868725588,Pending
14592,4813,167,1,7276,7276,30,872,Wrong Item,2025-11-01,5229.825380679502,Pending
11624,3831,281,2,8327,16654,0,873,Damaged,2025-10-31,11436.34990433008,Processed
1447,480,298,1,7494,7494,40,874,Damaged,2025-05-05,5539.2171649236025,Processed
3310,1104,467,2,989,1978,49,875,Wrong Item,2025-05-09,1549.1127283508142,Pending
1840,610,46,1,2736,2736,22,876,Late Delivery,2025-01-20,1451.5244725799341,Processed
1987,655,38,2,7964,15928,26,877,Damaged,2025-05-19,14932.20935848329,Pending
14387,4747,458,1,7231,7231,21,878,Other,2025-03-20,5694.770312423276,Pending
2872,951,350,2,2023,4046,3,879,Late Delivery,2025-11-11,3459.109652172079,Pending
13134,4335,375,1,9583,9583,46,880,Late Delivery,2025-06-18,6928.770889992591,Pending
3492,1159,385,2,3416,6832,47,881,Other,2025-08-28,6434.147328416779,Pending
2140,705,9,2,7261,14522,19,882,Damaged,2025-05-28,7498.743686341233,Processed
15072,4979,151,2,9774,19548,45,883,Late Delivery,2025-07-18,14023.628851531135,Pending
5584,1852,155,1,3414,3414,30,884,Other,2025-04-28,1891.8016403181373,Pending
10466,3453,441,1,5608,5608,10,885,Late Delivery,2025-10-12,5226.149883467858,Processed
14057,4637,149,2,6253,12506,12,886,Late Delivery,2025-07-01,6662.938089133945,Pending
11021,3633,11,1,6295,6295,14,887,Other,2025-07-08,5349.384645462793,Processed
6414,2121,378,2,9971,19942,32,888,Other,2025-03-07,16433.041805054916,Processed
11831,3898,496,1,816,816,24,889,Other,2025-02-04,730.0564501397103,Pending
12165,4008,314,1,3186,3186,22,890,Damaged,2025-04-11,2671.771066908806,Processed
1710,570,233,2,7932,15864,8,891,Wrong Item,2025-07-12,15160.427451156656,Pending
4132,1378,285,2,6960,13920,46,892,Wrong Item,2025-11-12,8641.041914684716,Pending
4941,1637,267,1,9802,9802,12,893,Late Delivery,2025-10-27,6035.125345160768,Pending
3038,1010,461,2,9272,18544,23,894,Late Delivery,2025-11-21,10191.408634870486,Pending
91,35,125,1,4484,4484,9,895,Wrong Item,2025-09-22,2842.27899874395,Processed
9461,3131,115,2,901,1802,4,896,Wrong Item,2025-04-24,1199.1681650147932,Pending
9690,3204,392,1,1069,1069,38,897,Other,2025-11-10,658.2295191431097,Processed
3294,1099,148,2,5057,10114,38,898,Late Delivery,2025-09-06,7722.436584008012,Pending
6704,2232,18,2,4166,8332,23,899,Late Delivery,2025-03-29,7651.168104887392,Pending
839,284,404,2,5532,11064,9,900,Other,2025-09-29,8295.070321731499,Pending
4605,1530,341,2,1233,2466,29,901,Wrong Item,2025-08-20,1464.2053249446767,Processed
579,199,19,1,9031,9031,22,902,Late Delivery,2025-04-02,7289.819926466168,Processed
12882,4255,14,1,6673,6673,8,903,Wrong Item,2025-06-07,3447.1922880873767,Processed
5915,1962,198,1,2082,2082,22,904,Damaged,2025-03-10,1689.826284796252,Pending
15029,4962,194,1,8080,8080,13,905,Damaged,2025-08-11,4405.9726988319935,Processed
2080,686,313,2,2105,4210,0,906,Wrong Item,2025-02-25,2263.560665297927,Pending
1771,590,45,1,6000,6000,40,907,Wrong Item,2025-11-11,3708.3042303857637,Pending
13244,4372,366,1,3411,3411,31,908,Damaged,2025-02-12,1914.2847604935314,Pending
9345,3087,391,1,7357,7357,22,909,Late Delivery,2025-08-11,4130.997937891733,Pending
6898,2291,128,1,1065,1065,8,910,Other,2025-02-02,929.1493696825746,Processed
2108,696,425,1,6302,6302,17,911,Wrong Item,2025-04-01,3343.327211044957,Pending
2208,726,330,1,6169,6169,34,912,Damaged,2025-03-11,3508.8708167014443,Pending
5226,1730,147,2,4932,9864,43,913,Late Delivery,2025-09-13,5983.567843445834,Pending
9869,3262,445,2,2069,4138,34,914,Other,2025-07-25,3705.2590243401805,Processed
11955,3944,448,2,2566,5132,35,915,Other,2025-04-03,4212.001589635252,Pending
6228,2066,212,1,2125,2125,38,916,Wrong Item,2025-02-13,1548.252225695428,Processed
14044,4633,196,2,3348,6696,28,917,Other,2025-03-26,4183.723291148854,Processed
10470,3454,189,1,7671,7671,40,918,Wrong Item,2025-01-08,4415.5365355390995,Processed
11038,3637,381,2,1186,2372,4,919,Damaged,2025-08-31,2138.9372705786964,Processed
2922,971,96,1,7924,7924,18,920,Other,2025-06-18,5407.097160584718,Pending
11527,3801,206,2,6328,12656,4,921,Wrong Item,2025-05-04,9230.532237587924,Pending
9716,3214,41,1,4365,4365,4,922,Late Delivery,2025-07-29,4329.97672424452,Pending
1252,416,34,1,4723,4723,25,923,Late Delivery,2025-10-25,2778.8425885582537,Pending
7700,2549,57,1,2705,2705,12,924,Damaged,2025-06-09,1920.1399834301005,Pending
1630,545,441,2,5608,11216,10,925,Other,2025-10-31,7744.73812742985,Processed
5208,1725,195,2,527,1054,4,926,Other,2025-05-29,1053.4573962959153,Pending
11603,3825,426,2,3669,7338,23,927,Late Delivery,2025-01-11,4047.981870058835,Pending
14915,4919,119,2,703,1406,9,928,Other,2025-08-15,870.8081594143802,Pending
2125,701,138,2,6011,12022,15,929,Wrong Item,2025-03-04,8321.695423360388,Pending
12867,4250,218,2,5588,11176,14,930,Damaged,2025-09-28,8413.338818804557,Pending
5258,1740,20,2,7740,15480,18,931,Other,2025-01-24,12266.759771989235,Pending
7505,2481,394,1,9264,9264,30,932,Other,2025-02-05,9208.958400304105,Pending
5696,1893,83,1,8065,8065,15,933,Other,2025-11-11,6071.432268936932,Processed
3177,1060,219,1,8550,8550,20,934,Other,2025-08-26,7485.620124958226,Pending
4772,1584,422,1,2063,2063,35,935,Other,2025-09-30,1720.6304290670741,Processed
6044,2006,445,1,2069,2069,18,936,Other,2025-04-12,1201.1256012027072,Pending
11427,3767,486,2,7644,15288,14,937,Damaged,2025-10-18,12281.605219711326,Processed
2428,799,156,2,1080,2160,3,938,Late Delivery,2025-09-26,1270.1492200068353,Pending
2619,860,461,1,9272,9272,36,939,Damaged,2025-10-17,5174.793577571343,Pending
2354,775,447,2,2645,5290,1,940,Late Delivery,2025-09-22,3785.262628552261,Pending
14026,4628,229,1,6873,6873,34,941,Other,2025-07-25,6202.747259399675,Processed
7926,2619,212,1,2125,2125,29,942,Damaged,2025-10-01,1727.3918708985618,Processed
11171,3681,225,2,6279,12558,9,943,Other,2025-08-03,9156.600832384953,Processed
3397,1128,298,1,7494,7494,11,944,Wrong Item,2025-10-10,4771.535584830162,Processed
11078,3649,120,2,458,916,29,945,Late Delivery,2025-03-26,465.7577838941405,Pending
2101,694,215,2,1100,2200,44,946,Wrong Item,2025-05-17,1243.4600857463145,Processed
6138,2033,213,1,1327,1327,26,947,Damaged,2025-11-22,1209.8882827507941,Pending
3212,1073,7,2,4344,8688,42,948,Damaged,2025-03-06,5639.677039993207,Pending
6485,2151,304,2,5702,11404,36,949,Damaged,2025-04-23,8051.766395187254,Pending
7332,2431,400,2,4939,9878,23,950,Damaged,2025-06-27,7244.049025226949,Processed
11790,3883,51,1,4970,4970,32,951,Other,2025-05-27,3893.7410019891895,Processed
6036,2003,446,1,9384,9384,7,952,Damaged,2025-02-12,6748.695972431783,Pending
14598,4816,339,2,1062,2124,41,953,Wrong Item,2025-08-15,1850.4065824945928,Pending
4738,1575,332,2,9187,18374,34,954,Late Delivery,2025-06-17,12997.247740724079,Processed
13102,4325,470,1,8803,8803,36,955,Late Delivery,2025-07-08,6120.599892060137,Processed
6578,2186,236,1,5507,5507,27,956,Wrong Item,2025-04-25,4248.281560453107,Processed
10678,3528,418,2,8496,16992,35,957,Damaged,2025-10-01,15644.4726451151,Pending
10912,3601,347,2,4055,8110,28,958,Wrong Item,2025-11-20,6214.550795405343,Pending
8204,2708,334,1,7855,7855,4,959,Damaged,2025-05-03,7301.573823131082,Pending
5430,1801,300,2,3824,7648,13,960,Damaged,2025-05-02,5125.346578222326,Processed
12346,4076,173,2,7111,14222,28,961,Other,2025-02-16,8946.873860511296,Processed
1506,504,292,2,9437,18874,21,962,Late Delivery,2025-01-17,12736.49236138101,Pending
10847,3581,456,1,8667,8667,33,963,Other,2025-10-16,7609.577130041689,Pending
10898,3596,320,2,4686,9372,31,964,Wrong Item,2025-09-03,5959.236090627658,Processed
8902,2937,425,2,6302,12604,3,965,Late Delivery,2025-11-07,9980.990258696707,Processed
4052,1354,405,1,7803,7803,34,966,Other,2025-06-24,5541.037476515944,Processed
5085,1684,442,2,5784,11568,21,967,Wrong Item,2025-10-17,9825.127013070307,Processed
215,74,298,2,7494,14988,14,968,Other,2025-07-10,8388.419661340402,Processed
6326,2093,108,1,1845,1845,1,969,Other,2025-05-16,1817.8763798447817,Processed
11,4,184,1,2562,2562,10,970,Damaged,2025-02-06,2548.380745496444,Pending
8676,2859,247,2,5807,11614,34,971,Wrong Item,2025-09-02,11017.569225190244,Processed
3507,1163,133,1,4827,4827,17,972,Other,2025-06-06,3745.5887237574802,Processed
9701,3209,67,2,1386,2772,13,973,Damaged,2025-01-31,1626.5711384045562,Processed
3398,1129,18,2,4166,8332,13,974,Wrong Item,2025-03-17,8134.528766367376,Processed
7852,2597,149,2,6253,12506,35,975,Other,2025-03-07,8706.115881742879,Pending
5832,1938,284,1,1327,1327,45,976,Damaged,2025-04-01,860.7638320027216,Pending
5770,1919,231,2,6242,12484,44,977,Late Delivery,2025-09-15,11139.725343055892,Processed
9128,3013,111,1,4199,4199,27,978,Late Delivery,2025-10-15,2832.3201499132947,Processed
1490,497,36,2,3776,7552,29,979,Other,2025-08-29,6870.384355710798,Pending
6626,2203,314,2,3186,6372,48,980,Damaged,2025-10-12,4563.8038068279275,Processed
14249,4698,404,2,5532,11064,32,981,Damaged,2025-10-05,8684.788388878456,Pending
14235,4694,61,1,6585,6585,17,982,Damaged,2025-08-15,4500.580793068632,Processed
1674,558,274,2,514,1028,39,983,Wrong Item,2025-10-14,595.7035135708956,Pending
5760,1914,179,1,7886,7886,13,984,Late Delivery,2025-03-14,7722.475363486542,Processed
525,181,467,2,989,1978,29,985,Late Delivery,2025-08-08,1584.092040580039,Pending
13340,4404,253,1,4985,4985,11,986,Other,2025-10-13,4163.47528772655,Pending
8820,2911,102,1,7997,7997,5,987,Other,2025-10-31,5607.684911470417,Pending
277,96,438,2,9722,19444,8,988,Damaged,2025-05-10,16199.036895981786,Processed
5366,1781,445,2,2069,4138,39,989,Other,2025-10-15,2366.585747769774,Pending
10654,3523,407,2,5041,10082,30,990,Damaged,2025-08-29,9722.935133998835,Pending
1297,430,131,2,6426,12852,27,991,Damaged,2025-07-09,12750.841242698227,Processed
7818,2585,32,1,9159,9159,24,992,Late Delivery,2025-07-24,7802.532234981548,Pending
9658,3193,302,2,1386,2772,12,993,Damaged,2025-01-07,1473.5875558061,Pending
8580,2827,404,1,5532,5532,8,994,Wrong Item,2025-02-26,5167.644039621968,Pending
76,29,109,1,7744,7744,8,995,Damaged,2025-03-15,4061.1918306974117,Pending
6668,2217,435,1,1446,1446,18,996,Wrong Item,2025-10-29,1292.9819042430956,Processed
2978,987,102,2,7997,15994,23,997,Wrong Item,2025-07-24,8769.113329886652,Pending
4024,1343,196,1,3348,3348,12,998,Wrong Item,2025-07-13,2826.412745328882,Pending
4836,1604,377,2,3078,6156,40,999,Damaged,2025-02-07,3229.745852042942,Pending
8812,2907,306,1,427,427,29,1000,Other,2025-06-20,382.6397097975127,Pending
8639,2845,237,1,3798,3798,12,1001,Late Delivery,2025-06-20,2281.42121373192,Processed
7653,2534,113,2,8499,16998,26,1002,Other,2025-10-10,10883.03616692226,Pending
11882,3917,195,2,527,1054,24,1003,Damaged,2025-09-12,744.1171495871613,Pending
6096,2022,397,1,9923,9923,15,1004,Other,2025-06-12,6892.166746927852,Pending
15129,4995,414,2,7849,15698,31,1005,Late Delivery,2025-03-06,10437.31724461375,Pending
1738,579,320,1,4686,4686,14,1006,Wrong Item,2025-08-02,3180.0410635845683,Processed
3597,1199,306,2,427,854,45,1007,Damaged,2025-03-03,697.2441991239656,Processed
13973,4612,305,1,6459,6459,10,1008,Other,2025-11-21,6438.851375243688,Processed
7641,2527,389,1,8169,8169,4,1009,Other,2025-10-27,7251.3327761588835,Pending
2168,714,379,1,288,288,21,1010,Damaged,2025-10-08,240.72865003866073,Processed
1862,616,5,2,1375,2750,30,1011,Other,2025-11-07,1529.262250836109,Pending
11601,3824,338,2,8558,17116,20,1012,Other,2025-07-06,11513.905922467091,Processed
148,54,372,1,1416,1416,2,1013,Damaged,2025-01-25,1241.6382810701014,Pending
12698,4196,237,1,3798,3798,38,1014,Late Delivery,2025-10-22,2246.4664647894847,Processed
14219,4686,240,1,826,826,26,1015,Damaged,2025-08-03,485.4243796737996,Processed
8598,2833,258,2,6742,13484,9,1016,Damaged,2025-09-13,10974.53110596514,Pending
658,224,336,2,2077,4154,24,1017,Late Delivery,2025-11-03,2678.89189488345,Pending
7832,2590,115,2,901,1802,13,1018,Damaged,2025-06-14,1727.457886001741,Processed
10759,3553,301,2,7201,14402,29,1019,Wrong Item,2025-06-13,9881.353227970707,Processed
12712,4201,447,2,2645,5290,44,1020,Damaged,2025-07-28,4082.778682326338,Pending
11103,3656,469,2,7584,15168,4,1021,Late Delivery,2025-08-06,14880.364207852193,Pending
10404,3435,380,2,5037,10074,14,1022,Other,2025-04-22,8172.955398073397,Processed
11633,3833,130,1,8697,8697,41,1023,Wrong Item,2025-06-02,6647.46700352541,Pending
1453,482,473,1,444,444,30,1024,Other,2025-02-09,255.84324340818912,Processed
7397,2452,87,1,5931,5931,45,1025,Late Delivery,2025-09-08,5272.977039385867,Pending
10864,3587,459,2,3610,7220,15,1026,Wrong Item,2025-09-08,6693.290307955478,Processed
12353,4078,446,2,9384,18768,26,1027,Damaged,2025-01-25,18032.312504278572,Pending
6678,2221,282,1,132,132,31,1028,Other,2025-05-06,113.29842061528196,Processed
2533,831,487,1,1596,1596,38,1029,Damaged,2025-08-08,1074.3864460864932,Processed
10097,3341,58,1,9175,9175,34,1030,Wrong Item,2025-11-17,6130.421157111113,Pending
2274,748,475,1,2596,2596,13,1031,Damaged,2025-08-20,2054.5445351094804,Pending
14270,4705,7,1,4344,4344,25,1032,Other,2025-01-15,2576.9292452763866,Pending
6162,2040,446,2,9384,18768,37,1033,Damaged,2025-07-16,12429.033496976266,Processed
11900,3923,105,1,2035,2035,19,1034,Damaged,2025-01-30,1532.0655406916526,Pending
10842,3578,212,2,2125,4250,6,1035,Other,2025-05-31,2444.998907305896,Processed
2247,738,117,1,6431,6431,45,1036,Damaged,2025-02-14,5685.346846973419,Pending
11409,3761,77,1,2932,2932,20,1037,Other,2025-01-14,2436.518731675138,Pending
4590,1526,47,2,6006,12012,22,1038,Wrong Item,2025-11-10,8147.154786628915,Pending
7802,2580,223,2,3994,7988,23,1039,Other,2025-03-26,5229.251151963157,Pending
15013,4957,91,2,2426,4852,38,1040,Wrong Item,2025-04-15,3686.2919260255308,Pending
4827,1601,368,1,2023,2023,11,1041,Wrong Item,2025-04-24,1015.5436670974391,Pending
12203,4023,322,1,8465,8465,11,1042,Wrong Item,2025-10-11,4493.377089714396,Processed
7045,2335,138,1,6011,6011,21,1043,Other,2025-02-25,3772.081561283209,Pending
14372,4743,1,2,7383,14766,29,1044,Other,2025-09-29,11336.406337286282,Processed
4626,1537,167,2,7276,14552,27,1045,Late Delivery,2025-07-20,11821.848089506093,Processed
10754,3552,207,2,1145,2290,43,1046,Late Delivery,2025-11-07,1189.904377055343,Pending
1403,467,307,1,3734,3734,0,1047,Wrong Item,2025-02-03,2991.3816928191754,Processed
4254,1418,421,2,1837,3674,45,1048,Damaged,2025-08-31,2711.2161920425606,Processed
8712,2873,430,1,8207,8207,1,1049,Other,2025-06-02,7573.373160197485,Pending
1445,480,54,2,5045,10090,42,1050,Other,2025-01-24,8411.450517439855,Processed
10360,3421,377,1,3078,3078,26,1051,Late Delivery,2025-04-29,2936.247059163326,Processed
1968,648,357,2,1901,3802,32,1052,Damaged,2025-06-06,3783.6227445039667,Pending
10483,3460,255,1,6915,6915,14,1053,Wrong Item,2025-01-16,6296.948214603592,Pending
14228,4688,177,1,5567,5567,23,1054,Damaged,2025-04-15,3528.4802442722703,Pending
791,269,267,1,9802,9802,48,1055,Damaged,2025-03-19,6078.584785650881,Processed
774,265,461,1,9272,9272,46,1056,Damaged,2025-03-15,8466.477049126024,Processed
14297,4715,443,2,1814,3628,2,1057,Other,2025-02-11,2347.5480783412713,Processed
15000,4952,342,1,808,808,2,1058,Late Delivery,2025-01-17,418.67391201684313,Pending
8480,2794,494,1,7434,7434,21,1059,Other,2025-06-18,6468.879451898474,Pending
14036,4631,455,1,6367,6367,40,1060,Wrong Item,2025-07-20,3470.3896004373455,Processed
6795,2261,137,1,9792,9792,45,1061,Late Delivery,2025-07-25,9307.721358838027,Pending
696,236,130,2,8697,17394,11,1062,Late Delivery,2025-06-26,14630.011360215753,Processed
12431,4106,368,2,2023,4046,11,1063,Damaged,2025-01-08,3055.100147573625,Pending
9917,3280,308,1,9878,9878,15,1064,Late Delivery,2025-11-30,7721.159404107889,Processed
5259,1741,335,2,3595,7190,7,1065,Late Delivery,2025-10-09,6876.808155135862,Processed
2480,817,6,1,9079,9079,40,1066,Damaged,2025-03-04,8509.431132823489,Processed
5842,1942,189,2,7671,15342,14,1067,Other,2025-10-01,15088.688599804284,Pending
2136,704,316,2,2025,4050,32,1068,Damaged,2025-08-08,3985.603492993993,Processed
10631,3514,115,1,901,901,13,1069,Damaged,2025-03-28,798.5238115535284,Pending
9940,3289,429,2,9556,19112,11,1070,Wrong Item,2025-06-20,14893.816320069367,Pending
8344,2754,484,2,966,1932,9,1071,Damaged,2025-04-13,1376.4874207018238,Pending
9109,3005,338,1,8558,8558,41,1072,Damaged,2025-03-11,6016.426500985509,Processed
12876,4253,218,1,5588,5588,35,1073,Late Delivery,2025-01-24,4866.282076006748,Pending
3864,1289,96,2,7924,15848,14,1074,Other,2025-10-13,10666.484444555368,Pending
4063,1358,252,2,2663,5326,26,1075,Wrong Item,2025-01-23,5318.256067188823,Pending
11548,3808,42,2,3798,7596,16,1076,Late Delivery,2025-07-08,5158.015198972076,Processed
1004,340,379,2,288,576,21,1077,Wrong Item,2025-09-08,570.3389044204968,Pending
14326,4726,90,2,5742,11484,17,1078,Late Delivery,2025-04-13,10105.873868462038,Processed
4011,1337,249,2,3076,6152,39,1079,Other,2025-02-02,5386.792512200711,Pending
8277,2732,375,2,9583,19166,0,1080,Wrong Item,2025-05-12,18256.97153572267,Pending
9201,3037,86,2,3922,7844,12,1081,Wrong Item,2025-09-29,4857.204437197856,Pending
1298,431,289,2,6074,12148,37,1082,Other,2025-11-15,10779.025678443333,Processed
10686,3531,392,1,1069,1069,21,1083,Other,2025-04-14,1029.8139821850614,Processed
7499,2479,396,2,2758,5516,32,1084,Late Delivery,2025-07-15,4774.193891958577,Pending
719,243,4,2,3526,7052,33,1085,Late Delivery,2025-09-20,6232.151337002255,Processed
1378,458,32,2,9159,18318,21,1086,Wrong Item,2025-11-28,15749.824434395186,Processed
8896,2934,335,1,3595,3595,23,1087,Late Delivery,2025-06-17,2708.6639525173505,Processed
885,298,97,1,2581,2581,9,1088,Damaged,2025-11-08,1344.3214575437662,Pending
5908,1959,40,2,8004,16008,18,1089,Other,2025-10-23,14756.893649239224,Processed
12940,4277,363,2,5692,11384,13,1090,Damaged,2025-06-16,8492.72107842233,Processed
7838,2592,439,1,8872,8872,42,1091,Wrong Item,2025-09-10,8200.43737277382,Processed
4280,1430,228,2,3377,6754,20,1092,Wrong Item,2025-03-27,5737.244517014255,Processed
6887,2288,265,1,445,445,43,1093,Damaged,2025-05-28,405.82765615980736,Pending
5304,1760,165,1,2804,2804,6,1094,Other,2025-05-28,1989.1067339118204,Processed
13336,4403,43,2,2257,4514,37,1095,Damaged,2025-03-24,4111.4421225266415,Processed
11565,3814,143,2,1092,2184,21,1096,Late Delivery,2025-01-30,1298.1980058107174,Processed
11995,3956,205,2,4349,8698,26,1097,Damaged,2025-08-03,7718.5964192223455,Processed
679,229,108,2,1845,3690,39,1098,Late Delivery,2025-03-02,2169.0000586302413,Processed
435,149,57,1,2705,2705,1,1099,Damaged,2025-03-07,1697.747603319522,Pending
2151,708,241,2,6358,12716,22,1100,Wrong Item,2025-05-22,11970.233207708892,Processed
10738,3548,130,1,8697,8697,14,1101,Wrong Item,2025-09-08,6371.6221522644455,Processed
1723,574,101,2,8481,16962,15,1102,Wrong Item,2025-04-05,10331.507489689659,Processed
7015,2325,422,2,2063,4126,20,1103,Damaged,2025-07-08,2719.2759102059126,Pending
10031,3319,255,1,6915,6915,9,1104,Late Delivery,2025-03-26,5208.353585132424,Processed
7077,2346,434,1,7634,7634,35,1105,Late Delivery,2025-10-17,5327.274430747943,Processed
10039,3321,229,2,6873,13746,7,1106,Wrong Item,2025-11-24,12323.54654433072,Pending
12975,4289,386,2,7081,14162,26,1107,Damaged,2025-06-24,11337.146761143102,Processed
4167,1387,407,1,5041,5041,25,1108,Damaged,2025-06-24,3730.64266000123,Processed
7406,2454,453,2,9440,18880,5,1109,Other,2025-02-24,11267.93474886866,Pending
14119,4656,368,2,2023,4046,14,1110,Wrong Item,2025-04-09,2436.171315595142,Processed
13623,4495,326,1,8014,8014,11,1111,Late Delivery,2025-10-15,4919.968661647948,Processed
14965,4940,383,1,3997,3997,0,1112,Late Delivery,2025-05-24,3698.95443982567,Pending
11862,3909,7,1,4344,4344,37,1113,Wrong Item,2025-09-29,3669.265269187053,Processed
9116,3008,480,2,802,1604,2,1114,Damaged,2025-03-23,895.7415636632154,Processed
6863,2281,285,2,6960,13920,5,1115,Damaged,2025-09-19,10301.72768188829,Processed
11503,3793,154,2,2254,4508,7,1116,Late Delivery,2025-05-20,4125.731887135959,Pending
9756,3226,482,1,4129,4129,49,1117,Wrong Item,2025-05-13,3519.929538002507,Processed
13957,4605,401,1,2493,2493,4,1118,Other,2025-02-13,1452.3444050357714,Pending
1427,473,341,1,1233,1233,14,1119,Wrong Item,2025-07-06,702.4418601209152,Processed
2747,906,217,1,6416,6416,48,1120,Wrong Item,2025-06-30,3962.5516942236904,Processed
763,261,433,2,1018,2036,13,1121,Late Delivery,2025-01-13,1654.5105473078938,Pending
13890,4581,60,2,8364,16728,17,1122,Damaged,2025-09-13,9064.21178352638,Processed
5385,1785,316,2,2025,4050,39,1123,Damaged,2025-11-30,2154.4131718476415,Pending
10371,3426,437,2,8765,17530,1,1124,Damaged,2025-01-08,14434.506590900235,Processed
9647,3189,363,2,5692,11384,47,1125,Damaged,2025-10-09,9550.316281117402,Processed
11754,3872,192,2,8710,17420,8,1126,Late Delivery,2025-11-26,10807.066980957487,Processed
357,126,71,1,1979,1979,21,1127,Damaged,2025-09-01,1591.5667061999377,Processed
4918,1629,307,2,3734,7468,9,1128,Damaged,2025-11-11,4353.82065995857,Processed
7384,2447,257,1,1515,1515,43,1129,Wrong Item,2025-02-28,1506.04650816105,Processed
9371,3097,223,1,3994,3994,39,1130,Damaged,2025-09-27,2195.5803706770716,Pending
1280,426,84,1,3374,3374,44,1131,Wrong Item,2025-07-21,2270.180980330519,Processed
9564,3160,236,2,5507,11014,14,1132,Damaged,2025-11-01,5789.238487906905,Pending
4319,1440,1,1,7383,7383,2,1133,Wrong Item,2025-11-14,4216.808840125202,Pending
5687,1889,153,2,6657,13314,49,1134,Wrong Item,2025-02-07,12893.577279000072,Pending
12430,4105,372,1,1416,1416,6,1135,Damaged,2025-10-08,1006.0611403696217,Pending
8143,2692,491,2,7872,15744,5,1136,Late Delivery,2025-10-11,8755.915466429298,Pending
3778,1263,160,2,4753,9506,33,1137,Wrong Item,2025-11-15,9451.31292386522,Processed
6475,2146,334,2,7855,15710,32,1138,Damaged,2025-06-21,9005.086383915735,Pending
1644,548,439,2,8872,17744,5,1139,Late Delivery,2025-05-05,13355.047728826594,Pending
2028,668,366,1,3411,3411,11,1140,Wrong Item,2025-04-12,2014.9191745290336,Pending
7756,2565,175,2,8190,16380,24,1141,Damaged,2025-06-02,8651.292044021102,Processed
3761,1256,388,1,2920,2920,0,1142,Damaged,2025-07-25,1519.3538382567697,Processed
1314,437,384,1,2886,2886,10,1143,Late Delivery,2025-10-03,1613.2511640907596,Pending
971,329,237,2,3798,7596,44,1144,Late Delivery,2025-11-15,4740.905062349892,Pending
4975,1648,320,1,4686,4686,32,1145,Damaged,2025-08-20,4518.3847439994715,Pending
8082,2673,452,2,200,400,22,1146,Other,2025-04-29,348.8597640858723,Pending
10380,3429,97,2,2581,5162,43,1147,Other,2025-02-19,2627.1911624798868,Pending
517,179,51,1,4970,4970,20,1148,Other,2025-02-28,3781.119413679847,Pending
1742,580,415,2,9335,18670,20,1149,Late Delivery,2025-11-16,15497.005059243978,Pending
14911,4918,185,1,9725,9725,7,1150,Late Delivery,2025-03-23,8734.18177787643,Processed
2647,870,75,1,5949,5949,10,1151,Other,2025-11-14,3352.979163460882,Pending
11549,3808,312,1,1017,1017,2,1152,Other,2025-04-08,828.490011516602,Pending
3630,1213,277,1,1812,1812,29,1153,Damaged,2025-10-06,1728.0130529960586,Pending
13052,4310,303,1,6559,6559,30,1154,Wrong Item,2025-09-16,3548.038389509112,Pending
14223,4687,92,1,9153,9153,42,1155,Wrong Item,2025-09-08,8466.731400953904,Pending
3619,1208,330,2,6169,12338,6,1156,Late Delivery,2025-05-27,9470.7123021966,Pending
5640,1874,236,2,5507,11014,38,1157,Other,2025-03-15,5915.547650077036,Pending
12068,3981,254,2,8080,16160,18,1158,Late Delivery,2025-11-13,15133.930399359433,Pending
5250,1738,327,2,4059,8118,45,1159,Damaged,2025-08-18,7664.525070500045,Processed
13845,4564,407,2,5041,10082,38,1160,Late Delivery,2025-05-25,5198.018443679562,Processed
3453,1146,379,1,288,288,25,1161,Damaged,2025-03-10,243.75485397315342,Pending
8320,2744,134,1,433,433,24,1162,Other,2025-07-09,406.9679340382137,Pending
12340,4073,9,1,7261,7261,35,1163,Late Delivery,2025-08-19,5267.403796724259,Pending
1184,397,128,1,1065,1065,43,1164,Late Delivery,2025-04-07,556.2343901080549,Processed
6940,2303,423,2,9274,18548,5,1165,Wrong Item,2025-10-25,14242.760374502197,Pending
14100,4652,479,1,4003,4003,0,1166,Damaged,2025-02-27,2822.364961057347,Processed
13198,4354,313,1,2105,2105,11,1167,Late Delivery,2025-10-26,2014.7600289537115,Pending
1211,404,28,1,3348,3348,8,1168,Other,2025-03-01,2961.631400550968,Pending
6255,2073,205,2,4349,8698,12,1169,Wrong Item,2025-08-23,5325.255918602366,Processed
5866,1948,136,1,3041,3041,28,1170,Late Delivery,2025-07-03,2365.9713137400463,Pending
7708,2551,458,1,7231,7231,45,1171,Wrong Item,2025-11-20,4656.024590557719,Pending
8964,2960,66,1,3514,3514,39,1172,Wrong Item,2025-11-03,3383.2426822075117,Pending
9284,3062,385,1,3416,3416,12,1173,Late Delivery,2025-08-03,2743.4331638186377,Processed
13463,4440,147,2,4932,9864,41,1174,Wrong Item,2025-02-01,6955.823101175135,Processed
9318,3074,97,1,2581,2581,42,1175,Other,2025-10-07,2172.0941800904216,Processed
11367,3747,90,1,5742,5742,48,1176,Damaged,2025-05-28,3311.78638128207,Pending
6343,2098,380,1,5037,5037,11,1177,Damaged,2025-02-04,2815.7221711530256,Processed
8883,2930,201,2,1906,3812,8,1178,Damaged,2025-02-14,2659.794828766727,Processed
6575,2185,433,2,1018,2036,3,1179,Wrong Item,2025-09-16,1628.2237156203955,Pending
2537,833,272,2,9771,19542,30,1180,Wrong Item,2025-08-07,18950.45840944153,Pending
13819,4554,460,2,8795,17590,20,1181,Other,2025-10-03,11589.617189374605,Processed
8535,2811,325,1,4425,4425,3,1182,Damaged,2025-09-19,2841.9345336351785,Pending
1431,474,31,2,6864,13728,23,1183,Late Delivery,2025-12-02,12761.572664583626,Pending
8669,2857,4,1,3526,3526,4,1184,Wrong Item,2025-08-17,3214.426119993697,Processed
4210,1402,407,1,5041,5041,40,1185,Damaged,2025-07-21,4051.00884900579,Pending
8135,2690,411,2,683,1366,43,1186,Late Delivery,2025-01-03,814.3612255391384,Processed
4456,1481,60,2,8364,16728,40,1187,Damaged,2025-09-16,13122.040900757254,Processed
10323,3410,205,1,4349,4349,3,1188,Other,2025-01-13,3088.4135221527686,Pending
7514,2485,113,2,8499,16998,35,1189,Damaged,2025-11-23,10534.017323621387,Pending
7049,2336,14,2,6673,13346,28,1190,Damaged,2025-08-13,8040.314200357508,Pending
4275,1428,204,2,5332,10664,5,1191,Late Delivery,2025-06-11,10215.638116278984,Processed
5786,1924,63,2,226,452,2,1192,Late Delivery,2025-08-26,268.30447818523464,Processed
2868,950,261,2,8358,16716,14,1193,Damaged,2025-10-30,15870.154897114411,Pending
5707,1897,176,1,6822,6822,36,1194,Late Delivery,2025-09-04,6598.799606611267,Processed
13702,4521,443,1,1814,1814,16,1195,Wrong Item,2025-11-01,1770.0813116656154,Pending
9678,3200,75,2,5949,11898,46,1196,Other,2025-04-08,11897.887008047617,Pending
4500,1493,121,2,9357,18714,44,1197,Late Delivery,2025-07-19,15449.060730980316,Processed
5219,1729,379,2,288,576,21,1198,Late Delivery,2025-10-29,498.96281857563235,Processed
2411,794,213,1,1327,1327,46,1199,Late Delivery,2025-08-24,893.1432537631299,Processed
14624,4824,425,2,6302,12604,23,1200,Damaged,2025-11-18,6533.660416832284,Processed
2811,930,218,2,5588,11176,44,1201,Other,2025-08-27,8333.864041214023,Pending
11191,3688,44,2,7604,15208,2,1202,Late Delivery,2025-10-01,13910.274712126411,Pending
7216,2395,362,1,9032,9032,37,1203,Damaged,2025-03-18,6533.401854492155,Pending
3948,1318,169,2,1711,3422,43,1204,Other,2025-09-09,3400.630233451133,Pending
10524,3476,18,2,4166,8332,17,1205,Damaged,2025-03-27,6423.476362569377,Pending
14513,4789,127,1,803,803,32,1206,Late Delivery,2025-01-11,712.5480248687973,Processed
480,166,492,2,2978,5956,43,1207,Late Delivery,2025-03-29,5130.162137026163,Pending
4222,1405,113,1,8499,8499,30,1208,Wrong Item,2025-02-06,5954.668430691425,Processed
13143,4338,367,1,7596,7596,33,1209,Other,2025-02-04,5010.2197181175425,Processed
3807,1272,243,1,3767,3767,25,1210,Late Delivery,2025-09-14,2765.1461652217286,Processed
12689,4193,249,2,3076,6152,19,1211,Late Delivery,2025-02-04,5631.514009431087,Pending
7290,2419,263,1,7027,7027,19,1212,Damaged,2025-04-23,6760.3929004913925,Pending
5824,1936,7,1,4344,4344,13,1213,Damaged,2025-11-09,2698.8359912033175,Pending
13939,4599,158,1,3155,3155,49,1214,Damaged,2025-03-11,1838.6887135852855,Processed
9813,3243,459,1,3610,3610,44,1215,Other,2025-07-05,2910.8130327242284,Pending
14061,4639,31,2,6864,13728,21,1216,Late Delivery,2025-04-10,7284.016162452928,Processed
427,147,101,2,8481,16962,28,1217,Damaged,2025-04-21,16104.223225042191,Processed
9107,3004,273,2,9304,18608,44,1218,Late Delivery,2025-05-15,15200.34582187718,Processed
9520,3147,386,2,7081,14162,48,1219,Late Delivery,2025-06-28,8201.85645678327,Pending
7288,2418,114,2,8116,16232,12,1220,Damaged,2025-04-23,12606.309475884358,Processed
12828,4239,46,1,2736,2736,34,1221,Damaged,2025-06-28,1534.0188495842556,Pending
13406,4423,331,1,8327,8327,10,1222,Other,2025-07-11,6608.370736223757,Processed
12051,3974,473,1,444,444,31,1223,Late Delivery,2025-07-06,389.9979943942845,Processed
10005,3309,134,2,433,866,47,1224,Other,2025-01-18,690.1373483865374,Pending
5070,1680,121,2,9357,18714,16,1225,Late Delivery,2025-06-02,14236.16603006488,Processed
13099,4325,427,1,7939,7939,13,1226,Late Delivery,2025-10-29,6526.016930821891,Pending
3529,1172,394,1,9264,9264,26,1227,Wrong Item,2025-08-23,5701.999429654072,Pending
15063,4975,383,1,3997,3997,17,1228,Wrong Item,2025-03-27,3184.009906203199,Processed
7702,2550,348,2,9864,19728,36,1229,Wrong Item,2025-08-04,13530.05492506551,Pending
14123,4657,335,1,3595,3595,41,1230,Late Delivery,2025-02-14,2991.186637785862,Processed
12237,4035,165,2,2804,5608,8,1231,Late Delivery,2025-10-10,4716.9830145343,Processed
4236,1409,383,2,3997,7994,42,1232,Wrong Item,2025-03-05,6077.690842438809,Processed
10733,3546,53,2,493,986,30,1233,Wrong Item,2025-07-19,738.6658279684804,Processed
11611,3828,346,2,8830,17660,0,1234,Damaged,2025-06-04,15473.670660424115,Processed
8064,2666,206,1,6328,6328,39,1235,Wrong Item,2025-09-23,6104.268618587267,Pending
8811,2907,426,1,3669,3669,17,1236,Late Delivery,2025-08-13,3516.420528435253,Processed
8565,2822,349,2,9083,18166,6,1237,Damaged,2025-01-15,11881.937416627978,Processed
11168,3679,422,1,2063,2063,15,1238,Late Delivery,2025-06-29,1533.1476919238582,Pending
9697,3207,183,2,2684,5368,9,1239,Other,2025-05-21,3449.2036272920873,Processed
2260,744,427,2,7939,15878,28,1240,Other,2025-08-02,10143.377254302912,Processed
11688,3852,327,2,4059,8118,43,1241,Other,2025-03-26,6230.231362090529,Processed
5362,1779,404,2,5532,11064,1,1242,Other,2025-02-11,9740.873515448766,Processed
10300,3401,21,1,9405,9405,46,1243,Damaged,2025-08-31,6813.294164777941,Processed
220,76,172,1,8206,8206,22,1244,Late Delivery,2025-02-23,7585.378220147808,Pending
265,93,27,2,4304,8608,10,1245,Wrong Item,2025-05-29,7337.193974047501,Processed
2606,855,207,2,1145,2290,39,1246,Wrong Item,2025-08-03,1305.124189344056,Processed
9837,3250,216,1,6829,6829,23,1247,Late Delivery,2025-07-19,4503.402526132558,Processed
12348,4076,453,1,9440,9440,33,1248,Other,2025-08-05,7756.808101518855,Processed
14646,4831,224,1,6082,6082,8,1249,Wrong Item,2025-03-02,4655.362115776766,Processed
9068,2991,373,1,5255,5255,24,1250,Late Delivery,2025-01-26,4373.461431920129,Processed
9529,3149,345,1,6080,6080,48,1251,Other,2025-09-10,5936.055668873866,Processed
7510,2482,441,1,5608,5608,22,1252,Wrong Item,2025-10-05,3087.090750303585,Processed
2051,676,404,2,5532,11064,24,1253,Damaged,2025-02-14,8538.573830239195,Processed
1528,510,421,2,1837,3674,4,1254,Wrong Item,2025-02-13,3058.6083304783965,Processed
10048,3324,207,1,1145,1145,23,1255,Late Delivery,2025-04-11,712.5275448243466,Processed
5119,1695,323,1,3539,3539,13,1256,Other,2025-10-16,2382.8714747990516,Processed
8508,2803,450,2,2223,4446,15,1257,Damaged,2025-06-14,3913.3056619862527,Pending
12823,4238,35,1,532,532,32,1258,Other,2025-05-22,454.2142960816228,Pending
3301,1101,326,2,8014,16028,16,1259,Damaged,2025-06-21,15333.721968926837,Processed
11353,3742,326,2,8014,16028,32,1260,Late Delivery,2025-01-06,14506.763348366938,Processed
3063,1021,265,1,445,445,41,1261,Late Delivery,2025-08-28,418.1663728868579,Processed
10939,3608,60,1,8364,8364,26,1262,Other,2025-09-22,7590.948396827397,Pending
5028,1668,59,1,3707,3707,39,1263,Other,2025-11-08,3567.2937460656203,Pending
1875,621,306,2,427,854,38,1264,Late Delivery,2025-08-26,743.3746024322886,Pending
8149,2694,290,2,8108,16216,48,1265,Late Delivery,2025-09-02,14480.367879326603,Pending
10366,3424,335,1,3595,3595,43,1266,Wrong Item,2025-09-11,3570.5369758749,Pending
10481,3458,494,2,7434,14868,14,1267,Late Delivery,2025-07-01,8940.60909831702,Processed
6559,2180,46,1,2736,2736,24,1268,Other,2025-11-06,2175.3215938410876,Processed
12118,3995,208,1,9063,9063,32,1269,Damaged,2025-02-10,6355.938417285559,Processed
10570,3494,355,1,3972,3972,19,1270,Other,2025-06-22,3744.7517727543313,Processed
7975,2638,206,1,6328,6328,24,1271,Late Delivery,2025-06-30,5059.436200244091,Processed
2440,802,486,1,7644,7644,18,1272,Wrong Item,2025-02-14,4455.7303007929795,Pending
5889,1954,233,2,7932,15864,0,1273,Late Delivery,2025-03-25,13963.008185775772,Processed
2158,710,160,1,4753,4753,49,1274,Late Delivery,2025-01-06,3323.179709108851,Pending
1689,564,71,1,1979,1979,47,1275,Late Delivery,2025-07-22,1399.822014025717,Processed
13044,4308,157,2,8682,17364,6,1276,Damaged,2025-07-28,16361.993919561577,Pending
14288,4712,122,1,8570,8570,19,1277,Damaged,2025-03-16,6957.261372621198,Processed
3710,1239,91,1,2426,2426,34,1278,Other,2025-09-08,1608.214978494449,Pending
7360,2438,291,1,2599,2599,13,1279,Late Delivery,2025-04-06,1811.1518522982838,Processed
11236,3701,243,2,3767,7534,24,1280,Late Delivery,2025-08-16,6982.038191722799,Processed
12390,4090,21,1,9405,9405,47,1281,Wrong Item,2025-04-18,7064.01609406383,Pending
3531,1173,234,1,3036,3036,29,1282,Late Delivery,2025-05-15,1850.955926503621,Processed
5031,1669,437,1,8765,8765,33,1283,Wrong Item,2025-04-28,5119.94607661899,Processed
5495,1823,62,2,7260,14520,25,1284,Wrong Item,2025-03-13,11378.461156276046,Processed
11748,3870,364,2,5032,10064,10,1285,Damaged,2025-09-03,9636.303287185963,Processed
11499,3791,258,2,6742,13484,41,1286,Other,2025-03-28,10804.179453444804,Processed
11950,3942,424,1,8160,8160,40,1287,Late Delivery,2025-01-30,4873.939589099832,Pending
11989,3954,290,2,8108,16216,4,1288,Other,2025-01-23,10721.688032519964,Processed
13746,4533,61,1,6585,6585,41,1289,Other,2025-07-17,3591.350494247841,Processed
8266,2727,333,2,4948,9896,30,1290,Other,2025-04-21,5566.569412937241,Pending
7682,2543,273,2,9304,18608,35,1291,Other,2025-07-02,14484.889689781572,Processed
13598,4486,475,1,2596,2596,37,1292,Other,2025-07-31,2064.619422703867,Processed
3605,1203,467,2,989,1978,48,1293,Other,2025-10-19,1286.1653618008759,Pending
10971,3617,163,2,1089,2178,3,1294,Other,2025-04-23,1507.9085557303958,Processed
389,136,126,1,511,511,40,1295,Wrong Item,2025-03-13,509.75512381051374,Pending
7562,2501,405,1,7803,7803,31,1296,Other,2025-09-08,4111.059780930563,Processed
4304,1436,256,1,8015,8015,25,1297,Damaged,2025-12-02,5517.94666713727,Processed
12315,4061,256,2,8015,16030,38,1298,Wrong Item,2025-05-18,13856.300256239261,Processed
8400,2771,194,1,8080,8080,48,1299,Wrong Item,2025-05-22,8075.044204071631,Pending
6675,2220,203,1,8865,8865,23,1300,Late Delivery,2025-01-21,6764.014352548597,Processed
9626,3184,82,2,9229,18458,12,1301,Other,2025-10-07,9444.002250213358,Processed
3918,1309,78,2,9614,19228,35,1302,Wrong Item,2025-10-06,18371.463857498686,Pending
13658,4505,151,1,9774,9774,12,1303,Other,2025-02-22,7618.4764160978875,Pending
11696,3854,365,1,2532,2532,2,1304,Damaged,2025-02-16,1319.210753038858,Processed
8769,2894,290,2,8108,16216,45,1305,Damaged,2025-09-04,10695.172626878948,Processed
5678,1884,243,1,3767,3767,44,1306,Wrong Item,2025-10-31,3394.5495641429916,Processed
7072,2344,275,1,4126,4126,23,1307,Other,2025-06-15,3550.9795647125775,Pending
5659,1880,438,1,9722,9722,40,1308,Other,2025-07-30,5990.557288559232,Processed
11224,3699,13,2,2609,5218,2,1309,Damaged,2025-06-10,2610.5164933528627,Pending
8816,2910,74,2,4264,8528,15,1310,Damaged,2025-10-15,4636.941353274091,Processed
9003,2971,327,1,4059,4059,23,1311,Late Delivery,2025-06-25,3454.0886567457383,Pending
587,202,363,2,5692,11384,33,1312,Damaged,2025-06-05,11021.282046720733,Pending
7934,2623,124,2,4127,8254,41,1313,Damaged,2025-09-22,6836.016543187663,Pending
8413,2774,65,1,1575,1575,31,1314,Other,2025-02-26,1058.225594405742,Processed
10506,3469,309,1,5432,5432,6,1315,Wrong Item,2025-03-31,5239.337752649127,Pending
13151,4340,26,1,4719,4719,8,1316,Other,2025-03-01,2511.1558800400567,Processed
3741,1250,106,1,3151,3151,21,1317,Wrong Item,2025-02-01,2743.80996127125,Processed
13666,4508,111,1,4199,4199,43,1318,Late Delivery,2025-09-25,3894.2229091165414,Pending
11854,3907,291,2,2599,5198,18,1319,Wrong Item,2025-04-13,3458.2627736602803,Processed
6173,2043,209,2,8256,16512,32,1320,Damaged,2025-04-22,11853.94433642636,Processed
8121,2685,312,2,1017,2034,30,1321,Late Delivery,2025-06-16,2011.614211407851,Processed
12262,4042,415,1,9335,9335,17,1322,Other,2025-09-15,5910.096045874667,Processed
6945,2305,176,1,6822,6822,45,1323,Late Delivery,2025-05-21,4302.897597860601,Processed
14321,4725,152,2,8703,17406,10,1324,Wrong Item,2025-02-07,13558.88723752561,Pending
12694,4195,50,2,7706,15412,29,1325,Late Delivery,2025-04-17,12660.503219073555,Pending
13440,4433,163,1,1089,1089,15,1326,Late Delivery,2025-02-18,551.9878383799672,Processed
14335,4729,92,2,9153,18306,39,1327,Damaged,2025-11-12,14248.086252792198,Pending
5661,1880,303,1,6559,6559,35,1328,Wrong Item,2025-05-15,3682.4494240700733,Pending
8201,2707,468,1,1895,1895,27,1329,Other,2025-01-24,1594.3583221800395,Pending
14572,4806,33,1,2531,2531,1,1330,Other,2025-05-25,1425.056088808619,Processed
3054,1018,347,2,4055,8110,23,1331,Damaged,2025-01-13,7946.862541787481,Processed
894,300,469,1,7584,7584,29,1332,Damaged,2025-10-22,4121.3316738693175,Pending
9522,3148,493,2,674,1348,23,1333,Wrong Item,2025-07-12,972.0960325979161,Pending
6317,2089,463,2,8313,16626,17,1334,Damaged,2025-07-21,13889.183237510331,Processed
13139,4336,215,1,1100,1100,33,1335,Late Delivery,2025-01-20,637.1537152085751,Pending
9786,3235,348,2,9864,19728,20,1336,Damaged,2025-11-14,18709.63813923759,Processed
269,94,194,1,8080,8080,6,1337,Damaged,2025-07-06,5184.70858547205,Pending
8050,2662,148,2,5057,10114,17,1338,Other,2025-07-16,5999.621432129934,Processed
15127,4994,185,1,9725,9725,9,1339,Other,2025-01-07,8973.147509584714,Pending
6747,2246,399,1,2348,2348,10,1340,Wrong Item,2025-11-28,2087.362159746495,Processed
10359,3421,196,2,3348,6696,16,1341,Wrong Item,2025-02-26,3542.6022003770786,Processed
12268,4044,92,1,9153,9153,20,1342,Damaged,2025-09-21,8997.408612898313,Processed
14868,4907,123,2,5979,11958,17,1343,Damaged,2025-05-15,7606.161972590532,Pending
8090,2677,371,2,8364,16728,22,1344,Damaged,2025-10-30,13826.990722828752,Pending
3629,1213,439,1,8872,8872,34,1345,Damaged,2025-02-03,5369.474870139346,Pending
12468,4121,9,2,7261,14522,42,1346,Late Delivery,2025-07-20,10031.320926599104,Pending
7753,2564,160,2,4753,9506,37,1347,Wrong Item,2025-01-01,8482.400739066321,Processed
10318,3409,325,2,4425,8850,22,1348,Damaged,2025-05-31,7253.635660142675,Processed
5582,1852,432,1,5619,5619,33,1349,Other,2025-10-13,4381.256844289944,Processed
9773,3230,44,2,7604,15208,1,1350,Wrong Item,2025-06-06,8754.570931453934,Processed
4147,1381,40,2,8004,16008,34,1351,Late Delivery,2025-03-13,15455.513067655886,Processed
10472,3455,411,2,683,1366,44,1352,Other,2025-01-28,1275.531005202421,Pending
1346,448,396,2,2758,5516,5,1353,Wrong Item,2025-12-02,2934.9385709303,Pending
7786,2576,441,2,5608,11216,17,1354,Wrong Item,2025-03-30,10179.771331191469,Processed
15080,4980,144,1,952,952,0,1355,Late Delivery,2025-04-29,887.716350552884,Pending
7048,2336,463,1,8313,8313,46,1356,Late Delivery,2025-10-14,7399.833078945276,Processed
6067,2012,373,1,5255,5255,15,1357,Wrong Item,2025-06-18,4810.937291021216,Pending
5319,1766,208,2,9063,18126,23,1358,Damaged,2025-05-13,16495.3665866481,Pending
385,135,68,1,1393,1393,28,1359,Other,2025-10-06,933.6373966133439,Processed
5239,1735,142,1,4451,4451,7,1360,Wrong Item,2025-05-01,3059.6802765575167,Pending
7849,2596,246,2,7060,14120,2,1361,Damaged,2025-04-23,11089.171204121109,Processed
11788,3882,46,2,2736,5472,48,1362,Late Delivery,2025-08-07,2837.549914318348,Processed
10201,3371,466,2,4450,8900,41,1363,Late Delivery,2025-03-09,6073.369039967812,Pending
14184,4675,8,1,552,552,25,1364,Damaged,2025-08-22,353.87293668480027,Processed
4211,1402,11,1,6295,6295,42,1365,Wrong Item,2025-10-20,4520.445262453591,Pending
14731,4857,433,2,1018,2036,24,1366,Late Delivery,2025-10-16,1654.6636685017043,Pending
12360,4080,153,2,6657,13314,5,1367,Damaged,2025-06-02,9635.553583871448,Pending
10772,3557,318,1,8576,8576,34,1368,Damaged,2025-01-19,7496.746663836267,Processed
3798,1269,415,1,9335,9335,42,1369,Damaged,2025-10-18,7473.715235935474,Pending
7192,2388,12,1,2033,2033,44,1370,Damaged,2025-11-22,1485.1930254623296,Pending
12957,4283,158,1,3155,3155,10,1371,Damaged,2025-09-14,2895.9607323902687,Processed
12229,4032,405,1,7803,7803,34,1372,Late Delivery,2025-08-09,4678.025650280534,Processed
5204,1723,74,1,4264,4264,35,1373,Late Delivery,2025-01-21,3430.555157609269,Processed
12161,4007,151,1,9774,9774,30,1374,Late Delivery,2025-08-24,8344.837653291288,Processed
6769,2252,126,2,511,1022,1,1375,Other,2025-11-28,798.2999913972183,Processed
4283,1430,449,1,1273,1273,47,1376,Wrong Item,2025-03-30,1151.6677518696395,Processed
1724,575,434,2,7634,15268,9,1377,Other,2025-08-10,14229.562360045713,Processed
2315,761,252,2,2663,5326,4,1378,Damaged,2025-11-04,3573.044255359345,Pending
6625,2202,303,1,6559,6559,10,1379,Wrong Item,2025-10-10,3481.914608647486,Pending
6840,2276,387,1,9763,9763,5,1380,Damaged,2025-03-01,8366.251673454459,Pending
14644,4830,227,1,3371,3371,26,1381,Late Delivery,2025-05-08,3313.238025152503,Pending
12817,4236,492,2,2978,5956,0,1382,Damaged,2025-04-21,3530.0967186086746,Pending
7616,2520,478,1,7111,7111,23,1383,Damaged,2025-11-22,6212.877187852118,Processed
12427,4104,172,1,8206,8206,33,1384,Other,2025-04-16,6203.323529963502,Processed
9073,2993,244,2,9563,19126,16,1385,Late Delivery,2025-03-15,11441.660120472052,Pending
4030,1345,146,2,7549,15098,17,1386,Other,2025-01-05,9606.343686260321,Pending
7643,2528,445,2,2069,4138,39,1387,Wrong Item,2025-07-13,3137.309775377649,Processed
2951,979,243,1,3767,3767,49,1388,Late Delivery,2025-09-01,3131.2788402871706,Processed
4307,1436,341,1,1233,1233,1,1389,Damaged,2025-10-08,807.9853572833192,Pending
13176,4347,225,1,6279,6279,29,1390,Damaged,2025-07-31,4260.621266387578,Pending
1985,653,306,2,427,854,48,1391,Wrong Item,2025-03-02,796.5671129108898,Processed
4439,1477,14,2,6673,13346,3,1392,Damaged,2025-09-26,12514.88348757523,Pending
7894,2613,480,1,802,802,19,1393,Late Delivery,2025-04-06,633.5365787105967,Pending
13560,4473,479,1,4003,4003,8,1394,Other,2025-10-14,3624.9897117033347,Processed
475,164,98,2,8801,17602,45,1395,Late Delivery,2025-03-31,12400.766804167255,Pending
8367,2762,165,2,2804,5608,41,1396,Wrong Item,2025-07-03,4749.733332683424,Processed
6539,2173,370,2,2338,4676,18,1397,Late Delivery,2025-10-19,3930.022043693943,Processed
645,220,285,1,6960,6960,28,1398,Damaged,2025-08-06,5971.842344170146,Processed
10345,3416,244,1,9563,9563,5,1399,Damaged,2025-08-26,7966.586343264681,Pending
8642,2845,464,2,626,1252,18,1400,Late Delivery,2025-01-30,898.8595976778798,Pending
4831,1603,210,1,2955,2955,48,1401,Late Delivery,2025-01-30,1719.8925121637947,Processed
12012,3961,138,1,6011,6011,3,1402,Other,2025-03-27,3356.7695718007235,Pending
8926,2946,54,1,5045,5045,44,1403,Wrong Item,2025-05-18,4370.039875877973,Pending
8604,2835,248,2,5140,10280,38,1404,Other,2025-04-03,5501.645362684658,Pending
5777,1920,54,1,5045,5045,26,1405,Damaged,2025-06-26,4490.934888597311,Pending
168,60,62,1,7260,7260,8,1406,Late Delivery,2025-02-22,6114.643468732992,Pending
13788,4545,382,2,1765,3530,20,1407,Damaged,2025-08-18,1957.0909563094363,Pending
9628,3184,362,2,9032,18064,18,1408,Late Delivery,2025-01-24,13860.912776748384,Processed
4162,1386,90,2,5742,11484,18,1409,Late Delivery,2025-01-19,11053.438236948306,Processed
9598,3173,191,2,600,1200,48,1410,Late Delivery,2025-09-08,906.9205252341914,Processed
3792,1268,443,1,1814,1814,7,1411,Late Delivery,2025-04-21,1069.6683996295153,Processed
12531,4139,240,1,826,826,7,1412,Other,2025-09-19,466.0980771738138,Processed
9751,3224,93,2,8858,17716,15,1413,Late Delivery,2025-09-16,13568.87445872265,Processed
570,195,380,2,5037,10074,29,1414,Damaged,2025-01-21,8096.1867809686755,Pending
1503,502,256,1,8015,8015,10,1415,Other,2025-03-16,5811.326885731052,Processed
12901,4264,469,2,7584,15168,18,1416,Wrong Item,2025-09-29,11084.619983008044,Pending
14964,4940,417,2,5478,10956,33,1417,Wrong Item,2025-10-25,6507.043530402978,Pending
13107,4326,402,1,724,724,25,1418,Late Delivery,2025-06-08,451.916509489224,Pending
11234,3701,25,1,7208,7208,17,1419,Other,2025-08-31,6481.42814273922,Pending
6660,2215,78,2,9614,19228,24,1420,Late Delivery,2025-10-16,13162.775975374876,Pending
1730,576,358,1,876,876,45,1421,Other,2025-07-07,800.2956663566664,Processed
8144,2693,387,1,9763,9763,5,1422,Other,2025-07-25,8858.194455633115,Pending
11647,3838,288,2,6709,13418,23,1423,Wrong Item,2025-01-30,10999.795725470809,Processed
8575,2826,416,2,1795,3590,22,1424,Wrong Item,2025-07-28,2648.0917366344497,Pending
8969,2961,268,2,8452,16904,37,1425,Late Delivery,2025-03-18,16489.86270147543,Processed
12185,4015,311,2,1370,2740,39,1426,Other,2025-05-17,2298.1863500905783,Processed
4987,1653,369,2,2604,5208,35,1427,Damaged,2025-03-01,4398.006591948944,Processed
13610,4490,9,2,7261,14522,13,1428,Other,2025-02-19,13208.872827793519,Processed
15070,4978,471,2,3454,6908,42,1429,Wrong Item,2025-06-25,3455.613517295602,Processed
3006,999,40,1,8004,8004,34,1430,Damaged,2025-03-15,6433.097075131757,Processed
2413,795,395,1,4317,4317,0,1431,Late Delivery,2025-01-13,2642.967045765446,Processed
8097,2678,157,1,8682,8682,46,1432,Late Delivery,2025-03-17,8561.96544892547,Pending
13164,4344,351,2,8394,16788,40,1433,Late Delivery,2025-02-25,11116.210272445485,Processed
11283,3720,394,1,9264,9264,27,1434,Late Delivery,2025-05-18,4832.033347266833,Processed
4588,1525,44,2,7604,15208,8,1435,Damaged,2025-03-29,13928.167370322531,Processed
6839,2275,344,2,7129,14258,8,1436,Late Delivery,2025-11-25,7199.134093685079,Processed
3014,1001,94,2,8136,16272,38,1437,Damaged,2025-02-08,10869.074972607588,Pending
6571,2184,127,2,803,1606,45,1438,Wrong Item,2025-10-23,1231.5378734333058,Processed
6065,2011,196,2,3348,6696,13,1439,Damaged,2025-10-06,4780.613830615543,Pending
5752,1911,239,1,2008,2008,4,1440,Late Delivery,2025-01-25,1739.8694290310114,Processed
14267,4705,420,1,2612,2612,35,1441,Late Delivery,2025-08-06,1976.4182156966742,Processed
13718,4526,389,1,8169,8169,1,1442,Late Delivery,2025-04-28,5708.65973188727,Pending
8643,2846,34,1,4723,4723,28,1443,Damaged,2025-09-07,3088.723883448476,Processed
11091,3654,133,1,4827,4827,8,1444,Wrong Item,2025-01-13,2907.9493686265264,Pending
1946,642,499,2,7189,14378,32,1445,Other,2025-11-08,13072.659149803434,Pending
2452,806,113,2,8499,16998,22,1446,Wrong Item,2025-01-30,11362.516068419189,Processed
6834,2274,269,1,8261,8261,37,1447,Other,2025-04-05,5914.180001992472,Pending
14356,4736,144,1,952,952,2,1448,Damaged,2025-08-07,876.0090462032792,Pending
4430,1475,346,1,8830,8830,42,1449,Other,2025-09-03,6776.8754951405,Pending
9864,3260,342,1,808,808,0,1450,Other,2025-06-12,421.56603886634457,Pending
4875,1616,176,2,6822,13644,15,1451,Damaged,2025-02-10,11413.741389727113,Pending
11149,3672,8,2,552,1104,10,1452,Other,2025-06-20,923.057405059047,Pending
7253,2408,204,1,5332,5332,2,1453,Damaged,2025-03-17,2906.1206204956356,Pending
1589,532,223,1,3994,3994,27,1454,Damaged,2025-06-15,2713.9423108402834,Processed
11982,3952,211,1,8936,8936,28,1455,Late Delivery,2025-09-14,6275.551914103664,Processed
10186,3367,314,1,3186,3186,32,1456,Damaged,2025-08-20,1648.5558068333057,Pending
8020,2652,492,2,2978,5956,39,1457,Damaged,2025-05-06,4099.613609132885,Processed
11887,3918,225,1,6279,6279,3,1458,Wrong Item,2025-04-30,5705.60389560038,Processed
7299,2421,38,2,7964,15928,47,1459,Other,2025-08-12,10457.17094823606,Processed
2974,986,14,1,6673,6673,2,1460,Other,2025-02-21,5108.77364026513,Pending
1927,637,460,1,8795,8795,12,1461,Late Delivery,2025-08-11,7365.975757447067,Processed
147,54,293,1,3156,3156,37,1462,Late Delivery,2025-06-02,1799.5712902125654,Pending
629,214,63,1,226,226,17,1463,Other,2025-06-06,202.16152519043501,Pending
9833,3248,132,2,4597,9194,20,1464,Wrong Item,2025-07-29,6910.937632276508,Pending
2200,723,165,2,2804,5608,21,1465,Wrong Item,2025-08-05,2910.1246594857407,Pending
12248,4038,53,1,493,493,42,1466,Damaged,2025-07-02,467.5152281079048,Processed
12363,4082,455,1,6367,6367,36,1467,Late Delivery,2025-01-27,5478.3081926933955,Processed
5016,1663,154,1,2254,2254,4,1468,Other,2025-07-28,1705.5758456187468,Processed
10125,3348,252,1,2663,2663,38,1469,Damaged,2025-01-04,1643.0868634206388,Pending
13980,4613,468,2,1895,3790,33,1470,Damaged,2025-03-14,2253.9245030756747,Pending
2473,815,57,1,2705,2705,32,1471,Other,2025-06-18,2076.164294028961,Pending
11737,3867,5,2,1375,2750,2,1472,Damaged,2025-03-29,2520.524107793174,Pending
9851,3255,422,2,2063,4126,13,1473,Other,2025-07-17,2281.5143686352376,Pending
1253,416,479,1,4003,4003,34,1474,Wrong Item,2025-06-19,3719.3283716243773,Pending
10868,3588,494,2,7434,14868,3,1475,Other,2025-11-03,12792.733419967288,Processed
14742,4862,197,1,1979,1979,36,1476,Damaged,2025-08-29,1892.7770272191146,Pending
8193,2705,492,1,2978,2978,30,1477,Late Delivery,2025-07-19,1502.7738014317274,Processed
2901,965,230,2,1378,2756,29,1478,Damaged,2025-01-25,1428.2460172184617,Processed
7950,2627,430,2,8207,16414,27,1479,Wrong Item,2025-06-21,14442.747058895087,Processed
3920,1309,450,2,2223,4446,13,1480,Wrong Item,2025-02-21,3538.564115091725,Pending
13479,4447,439,1,8872,8872,21,1481,Late Delivery,2025-03-02,7192.798444950764,Pending
7223,2398,340,2,6534,13068,30,1482,Wrong Item,2025-10-18,9094.96178515738,Processed
12498,4129,459,1,3610,3610,11,1483,Wrong Item,2025-08-11,2034.3005796307093,Pending
9235,3047,125,1,4484,4484,19,1484,Late Delivery,2025-06-11,3095.135350886733,Pending
3064,1021,197,2,1979,3958,29,1485,Wrong Item,2025-03-23,3225.081359123074,Pending
10037,3321,395,2,4317,8634,37,1486,Other,2025-11-11,5961.271179664796,Processed
2790,921,171,2,4878,9756,39,1487,Other,2025-04-11,7249.98600955718,Processed
8262,2726,188,1,1340,1340,5,1488,Other,2025-06-22,676.8319749835508,Pending
10171,3362,278,1,4446,4446,0,1489,Late Delivery,2025-08-16,3649.0874310200657,Pending
11285,3720,159,1,5798,5798,28,1490,Other,2025-11-05,3903.875492679179,Pending
8594,2832,371,2,8364,16728,7,1491,Wrong Item,2025-09-16,16145.92062106743,Processed
9987,3303,183,2,2684,5368,36,1492,Other,2025-11-21,3862.1362655669814,Processed
5407,1794,70,1,5334,5334,44,1493,Late Delivery,2025-08-21,4646.516436512988,Pending
7758,2566,135,1,2784,2784,17,1494,Late Delivery,2025-05-11,1722.053770133909,Pending
12149,4004,411,2,683,1366,0,1495,Wrong Item,2025-02-26,1027.3066191239782,Pending
4920,1630,400,1,4939,4939,6,1496,Wrong Item,2025-04-23,4670.842086990654,Pending
3012,1000,51,1,4970,4970,6,1497,Other,2025-11-06,4932.026246295252,Processed
7789,2576,245,1,6825,6825,12,1498,Damaged,2025-10-29,5790.36197076206,Processed
12088,3987,250,2,4301,8602,12,1499,Wrong Item,2025-04-04,6900.34193888067,Pending
1538,513,125,2,4484,8968,45,1500,Wrong Item,2025-01-30,6627.033340368133,Processed
8079,2671,395,1,4317,4317,10,1501,Late Delivery,2025-01-04,2398.8337609523883,Processed
1488,497,392,1,1069,1069,14,1502,Other,2025-10-05,794.0527317526179,Processed
3813,1275,128,2,1065,2130,0,1503,Damaged,2025-07-24,1773.078501747534,Processed
865,292,441,1,5608,5608,11,1504,Damaged,2025-05-06,3139.4035205324367,Processed
5576,1850,317,1,3598,3598,36,1505,Wrong Item,2025-02-18,2012.1362796920441,Pending
813,277,316,1,2025,2025,10,1506,Other,2025-06-24,1168.725237802846,Pending
12953,4282,34,1,4723,4723,11,1507,Other,2025-06-01,3523.406266356028,Pending
930,314,437,1,8765,8765,38,1508,Wrong Item,2025-11-18,8710.551740770898,Processed
10440,3446,292,1,9437,9437,5,1509,Wrong Item,2025-07-19,7404.184543706524,Processed
10309,3404,373,1,5255,5255,11,1510,Other,2025-03-13,4036.3798584416104,Pending
7389,2448,212,2,2125,4250,46,1511,Wrong Item,2025-01-24,4092.858084500656,Pending
3369,1120,424,1,8160,8160,48,1512,Wrong Item,2025-06-04,8121.416506465031,Processed
9805,3240,258,2,6742,13484,5,1513,Damaged,2025-01-07,6985.834101688256,Pending
13917,4591,100,1,2808,2808,25,1514,Wrong Item,2025-02-19,2586.2005867381254,Pending
